Date,Close
1971-01-04,0.8987
1971-01-05,0.8983
1971-01-06,0.8977
1971-01-07,0.8978
1971-01-08,0.899
1971-01-11,0.8967
1971-01-12,0.8964
1971-01-13,0.8957
1971-01-14,0.8937
1971-01-15,0.8943
1971-01-18,0.8945
1971-01-19,0.8934
1971-01-20,0.8934
1971-01-21,0.893
1971-01-22,0.8925
1971-01-25,0.8909
1971-01-26,0.8905
1971-01-27,0.8905
1971-01-28,0.8902
1971-01-29,0.89
1971-02-01,0.8896
1971-02-02,0.8897
1971-02-03,0.8896
1971-02-04,0.8902
1971-02-05,0.8909
1971-02-08,0.8897
1971-02-09,0.8908
1971-02-10,0.8906
1971-02-11,0.8906
1971-02-16,0.8893
1971-02-17,0.8893
1971-02-18,0.8894
1971-02-19,0.8894
1971-02-22,0.8893
1971-02-23,0.8893
1971-02-24,0.8893
1971-02-25,0.8898
1971-02-26,0.8905
1971-03-01,0.8904
1971-03-02,0.8896
1971-03-03,0.8893
1971-03-04,0.8898
1971-03-05,0.8896
1971-03-08,0.8893
1971-03-09,0.8894
1971-03-10,0.8893
1971-03-11,0.8894
1971-03-12,0.8893
1971-03-15,0.8893
1971-03-16,0.8896
1971-03-17,0.8892
1971-03-18,0.8894
1971-03-19,0.8894
1971-03-22,0.8893
1971-03-23,0.8893
1971-03-24,0.8892
1971-03-25,0.8896
1971-03-26,0.8894
1971-03-29,0.8892
1971-03-30,0.8897
1971-03-31,0.8902
1971-04-01,0.8909
1971-04-02,0.8918
1971-04-05,0.8905
1971-04-06,0.8894
1971-04-07,0.8902
1971-04-08,0.8902
1971-04-09,0.8902
1971-04-12,0.8902
1971-04-13,0.8902
1971-04-14,0.8898
1971-04-15,0.8895
1971-04-16,0.8895
1971-04-19,0.8893
1971-04-20,0.8893
1971-04-21,0.8892
1971-04-22,0.8895
1971-04-23,0.8894
1971-04-26,0.8894
1971-04-27,0.8894
1971-04-28,0.8892
1971-04-29,0.8893
1971-04-30,0.8893
1971-05-03,0.8894
1971-05-04,0.8895
1971-05-05,0.8892
1971-05-06,0.8895
1971-05-07,0.8894
1971-05-10,0.89
1971-05-11,0.8901
1971-05-12,0.8897
1971-05-13,0.8897
1971-05-14,0.8895
1971-05-17,0.8893
1971-05-18,0.8894
1971-05-19,0.8892
1971-05-20,0.8893
1971-05-21,0.8892
1971-05-24,0.8892
1971-05-25,0.8894
1971-05-26,0.8892
1971-05-27,0.8894
1971-05-28,0.8898
1971-06-01,0.8904
1971-06-02,0.8902
1971-06-03,0.8894
1971-06-04,0.8894
1971-06-07,0.8893
1971-06-08,0.8894
1971-06-09,0.8892
1971-06-10,0.8893
1971-06-11,0.8892
1971-06-14,0.8895
1971-06-15,0.8895
1971-06-16,0.8893
1971-06-17,0.8894
1971-06-18,0.8894
1971-06-21,0.8894
1971-06-22,0.8894
1971-06-23,0.8892
1971-06-24,0.8894
1971-06-25,0.8894
1971-06-28,0.8895
1971-06-29,0.8894
1971-06-30,0.8892
1971-07-01,0.8894
1971-07-02,0.8894
1971-07-06,0.8897
1971-07-07,0.8895
1971-07-08,0.8895
1971-07-09,0.8896
1971-07-12,0.8897
1971-07-13,0.8898
1971-07-14,0.8895
1971-07-15,0.8895
1971-07-16,0.8894
1971-07-19,0.8897
1971-07-20,0.8897
1971-07-21,0.8894
1971-07-22,0.8894
1971-07-23,0.8894
1971-07-26,0.8898
1971-07-27,0.8898
1971-07-28,0.8896
1971-07-29,0.8896
1971-07-30,0.8896
1971-08-02,0.8899
1971-08-03,0.8901
1971-08-04,0.8893
1971-08-05,0.8897
1971-08-06,0.8896
1971-08-09,0.8893
1971-08-10,0.8895
1971-08-11,0.8891
1971-08-12,0.8892
1971-08-13,0.8892
1971-08-23,0.8835
1971-08-24,0.88
1971-08-25,0.875
1971-08-26,0.8702
1971-08-27,0.8712
1971-08-30,0.8718
1971-08-31,0.8767
1971-09-01,0.8765
1971-09-02,0.8754
1971-09-03,0.8747
1971-09-07,0.8751
1971-09-08,0.8751
1971-09-09,0.875
1971-09-10,0.8748
1971-09-13,0.8745
1971-09-14,0.8722
1971-09-15,0.8707
1971-09-16,0.8707
1971-09-17,0.8703
1971-09-20,0.8696
1971-09-21,0.8699
1971-09-22,0.8696
1971-09-23,0.8673
1971-09-24,0.8666
1971-09-27,0.8673
1971-09-28,0.8682
1971-09-29,0.8662
1971-09-30,0.8659
1971-10-01,0.8643
1971-10-04,0.8644
1971-10-05,0.8642
1971-10-06,0.8645
1971-10-07,0.8642
1971-10-08,0.864
1971-10-12,0.8642
1971-10-13,0.8643
1971-10-14,0.8642
1971-10-15,0.8644
1971-10-18,0.8642
1971-10-19,0.8642
1971-10-20,0.8636
1971-10-21,0.8633
1971-10-22,0.8631
1971-10-26,0.8627
1971-10-27,0.8624
1971-10-28,0.8627
1971-10-29,0.8636
1971-11-01,0.8631
1971-11-03,0.863
1971-11-04,0.863
1971-11-05,0.8628
1971-11-08,0.863
1971-11-09,0.8631
1971-11-10,0.8631
1971-11-11,0.8629
1971-11-12,0.8627
1971-11-15,0.863
1971-11-16,0.863
1971-11-17,0.8627
1971-11-18,0.8628
1971-11-19,0.8627
1971-11-22,0.8627
1971-11-23,0.8627
1971-11-24,0.8628
1971-11-26,0.8627
1971-11-29,0.8627
1971-11-30,0.8627
1971-12-01,0.8627
1971-12-02,0.863
1971-12-03,0.8611
1971-12-06,0.8613
1971-12-07,0.8602
1971-12-08,0.8579
1971-12-09,0.8546
1971-12-10,0.8544
1971-12-13,0.8541
1971-12-14,0.8541
1971-12-15,0.854
1971-12-16,0.8538
1971-12-17,0.8506
1971-12-22,0.8424
1971-12-23,0.8429
1971-12-24,0.8424
1971-12-27,0.8416
1971-12-28,0.8418
1971-12-29,0.8412
1971-12-30,0.8413
1971-12-31,0.8413
1972-01-03,0.8396
1972-01-04,0.8403
1972-01-05,0.84
1972-01-06,0.84
1972-01-07,0.84
1972-01-10,0.84
1972-01-11,0.8396
1972-01-12,0.8403
1972-01-13,0.8393
1972-01-14,0.8382
1972-01-17,0.8389
1972-01-18,0.8389
1972-01-19,0.8389
1972-01-20,0.8418
1972-01-21,0.8396
1972-01-24,0.8393
1972-01-25,0.8393
1972-01-26,0.8396
1972-01-27,0.8396
1972-01-28,0.8396
1972-01-31,0.8396
1972-02-01,0.8396
1972-02-02,0.8396
1972-02-03,0.8396
1972-02-04,0.8396
1972-02-07,0.8396
1972-02-08,0.8396
1972-02-09,0.8396
1972-02-10,0.8396
1972-02-11,0.8396
1972-02-14,0.8396
1972-02-15,0.8396
1972-02-16,0.8396
1972-02-17,0.8396
1972-02-18,0.8396
1972-02-22,0.8396
1972-02-23,0.8396
1972-02-24,0.8396
1972-02-25,0.8396
1972-02-28,0.8396
1972-02-29,0.8396
1972-03-01,0.8396
1972-03-02,0.8396
1972-03-03,0.8396
1972-03-06,0.8396
1972-03-07,0.8396
1972-03-08,0.8396
1972-03-09,0.8396
1972-03-10,0.8396
1972-03-13,0.8396
1972-03-14,0.8396
1972-03-15,0.8396
1972-03-16,0.8396
1972-03-17,0.8396
1972-03-20,0.8396
1972-03-21,0.8396
1972-03-22,0.8396
1972-03-23,0.8396
1972-03-24,0.8396
1972-03-27,0.8396
1972-03-28,0.8396
1972-03-29,0.8396
1972-03-30,0.8396
1972-03-31,0.8396
1972-04-03,0.8396
1972-04-04,0.8396
1972-04-05,0.8396
1972-04-06,0.8396
1972-04-07,0.8396
1972-04-10,0.8396
1972-04-11,0.8396
1972-04-12,0.8396
1972-04-13,0.8396
1972-04-14,0.8396
1972-04-17,0.8396
1972-04-18,0.8396
1972-04-19,0.8396
1972-04-20,0.8396
1972-04-21,0.8396
1972-04-24,0.8396
1972-04-25,0.8396
1972-04-26,0.8396
1972-04-27,0.8396
1972-04-28,0.8396
1972-05-01,0.8396
1972-05-02,0.8396
1972-05-03,0.8396
1972-05-04,0.8396
1972-05-05,0.8396
1972-05-08,0.8396
1972-05-09,0.8396
1972-05-10,0.8396
1972-05-11,0.8396
1972-05-12,0.8396
1972-05-15,0.8396
1972-05-16,0.8396
1972-05-17,0.8396
1972-05-18,0.8396
1972-05-19,0.8396
1972-05-22,0.8396
1972-05-23,0.8396
1972-05-24,0.8396
1972-05-25,0.8396
1972-05-26,0.8396
1972-05-30,0.8396
1972-05-31,0.8396
1972-06-01,0.8396
1972-06-02,0.8396
1972-06-05,0.8396
1972-06-06,0.8396
1972-06-07,0.8396
1972-06-08,0.8396
1972-06-09,0.8396
1972-06-12,0.8396
1972-06-13,0.8396
1972-06-14,0.8396
1972-06-15,0.8396
1972-06-16,0.8396
1972-06-19,0.8396
1972-06-20,0.8396
1972-06-21,0.8396
1972-06-22,0.8396
1972-06-29,0.8396
1972-06-30,0.8396
1972-07-03,0.8396
1972-07-05,0.8396
1972-07-06,0.8396
1972-07-07,0.8396
1972-07-10,0.8396
1972-07-11,0.8396
1972-07-12,0.8396
1972-07-13,0.8396
1972-07-14,0.8396
1972-07-17,0.8396
1972-07-18,0.8396
1972-07-19,0.8396
1972-07-20,0.8396
1972-07-21,0.8396
1972-07-24,0.8396
1972-07-25,0.8396
1972-07-26,0.8396
1972-07-27,0.8396
1972-07-28,0.8396
1972-07-31,0.8396
1972-08-01,0.8396
1972-08-02,0.8396
1972-08-03,0.8396
1972-08-04,0.8396
1972-08-07,0.8396
1972-08-08,0.8375
1972-08-09,0.8396
1972-08-10,0.8396
1972-08-11,0.8396
1972-08-14,0.8396
1972-08-15,0.8396
1972-08-16,0.8396
1972-08-17,0.8396
1972-08-18,0.8396
1972-08-21,0.8396
1972-08-22,0.8396
1972-08-23,0.8396
1972-08-24,0.8396
1972-08-25,0.8396
1972-08-28,0.8396
1972-08-29,0.8396
1972-08-30,0.8396
1972-08-31,0.8396
1972-09-01,0.8396
1972-09-05,0.8396
1972-09-06,0.8396
1972-09-07,0.8396
1972-09-08,0.8396
1972-09-11,0.8396
1972-09-12,0.8396
1972-09-13,0.8396
1972-09-14,0.8396
1972-09-15,0.8396
1972-09-18,0.8396
1972-09-19,0.8396
1972-09-20,0.8396
1972-09-21,0.8396
1972-09-22,0.8396
1972-09-25,0.8396
1972-09-26,0.8396
1972-09-27,0.8396
1972-09-28,0.8396
1972-09-29,0.8396
1972-10-02,0.8396
1972-10-03,0.8396
1972-10-04,0.8396
1972-10-05,0.8396
1972-10-06,0.8396
1972-10-10,0.8396
1972-10-11,0.8396
1972-10-12,0.8396
1972-10-13,0.8396
1972-10-16,0.8403
1972-10-17,0.8403
1972-10-18,0.8403
1972-10-19,0.8403
1972-10-20,0.8403
1972-10-24,0.8396
1972-10-25,0.8396
1972-10-26,0.8396
1972-10-27,0.8396
1972-10-30,0.8403
1972-10-31,0.8396
1972-11-01,0.8396
1972-11-02,0.8396
1972-11-03,0.8396
1972-11-06,0.8396
1972-11-08,0.8396
1972-11-09,0.8396
1972-11-10,0.8396
1972-11-13,0.8396
1972-11-14,0.8396
1972-11-15,0.8396
1972-11-16,0.8396
1972-11-17,0.8396
1972-11-20,0.8403
1972-11-21,0.8396
1972-11-22,0.8396
1972-11-24,0.8403
1972-11-27,0.8396
1972-11-28,0.8396
1972-11-29,0.8396
1972-11-30,0.8396
1972-12-01,0.8396
1972-12-04,0.8396
1972-12-05,0.8396
1972-12-06,0.8396
1972-12-07,0.8396
1972-12-08,0.8396
1972-12-11,0.8396
1972-12-12,0.8396
1972-12-13,0.8396
1972-12-14,0.8396
1972-12-15,0.8396
1972-12-18,0.8396
1972-12-19,0.8396
1972-12-20,0.8396
1972-12-21,0.8396
1972-12-22,0.8396
1972-12-26,0.7858
1972-12-27,0.7855
1972-12-28,0.7855
1972-12-29,0.7854
1973-01-02,0.7854
1973-01-03,0.7855
1973-01-04,0.7855
1973-01-05,0.7855
1973-01-08,0.7855
1973-01-09,0.7855
1973-01-10,0.7855
1973-01-11,0.7868
1973-01-12,0.7868
1973-01-15,0.7868
1973-01-16,0.7868
1973-01-17,0.7868
1973-01-18,0.7868
1973-01-19,0.7868
1973-01-22,0.7868
1973-01-23,0.7868
1973-01-24,0.7868
1973-01-25,0.7868
1973-01-26,0.7868
1973-01-29,0.7868
1973-01-30,0.7868
1973-01-31,0.7868
1973-02-01,0.7868
1973-02-02,0.7868
1973-02-05,0.7868
1973-02-06,0.7868
1973-02-07,0.7868
1973-02-08,0.7868
1973-02-09,0.7868
1973-02-14,0.7067
1973-02-15,0.7057
1973-02-16,0.7057
1973-02-20,0.7057
1973-02-21,0.7092
1973-02-22,0.7092
1973-02-23,0.7092
1973-02-26,0.7067
1973-02-27,0.7092
1973-02-28,0.7092
1973-03-01,0.7092
1973-03-05,0.7047
1973-03-06,0.7042
1973-03-07,0.7042
1973-03-08,0.7092
1973-03-09,0.7082
1973-03-12,0.7092
1973-03-13,0.7092
1973-03-14,0.7092
1973-03-15,0.7092
1973-03-16,0.7092
1973-03-19,0.7092
1973-03-20,0.7092
1973-03-21,0.7092
1973-03-22,0.7092
1973-03-23,0.7067
1973-03-26,0.7067
1973-03-27,0.7067
1973-03-28,0.7067
1973-03-29,0.7067
1973-03-30,0.7067
1973-04-02,0.7067
1973-04-03,0.7067
1973-04-04,0.7067
1973-04-05,0.7067
1973-04-06,0.7067
1973-04-09,0.7067
1973-04-10,0.7067
1973-04-11,0.7067
1973-04-12,0.7067
1973-04-13,0.7067
1973-04-16,0.7067
1973-04-17,0.7067
1973-04-18,0.7067
1973-04-19,0.7067
1973-04-20,0.7067
1973-04-23,0.7067
1973-04-24,0.7067
1973-04-25,0.7067
1973-04-26,0.7067
1973-04-27,0.7067
1973-04-30,0.7067
1973-05-01,0.7067
1973-05-02,0.7067
1973-05-03,0.7067
1973-05-04,0.7067
1973-05-07,0.7067
1973-05-08,0.7067
1973-05-09,0.7067
1973-05-10,0.7067
1973-05-11,0.7067
1973-05-14,0.7067
1973-05-15,0.7067
1973-05-16,0.7067
1973-05-17,0.7067
1973-05-18,0.7067
1973-05-21,0.7067
1973-05-22,0.7067
1973-05-23,0.7067
1973-05-24,0.7067
1973-05-25,0.7067
1973-05-29,0.7067
1973-05-30,0.7067
1973-05-31,0.7067
1973-06-01,0.7067
1973-06-04,0.7067
1973-06-05,0.7067
1973-06-06,0.7067
1973-06-07,0.7067
1973-06-08,0.7067
1973-06-11,0.7067
1973-06-12,0.7067
1973-06-13,0.7067
1973-06-14,0.7067
1973-06-15,0.7067
1973-06-18,0.7067
1973-06-19,0.7067
1973-06-20,0.7067
1973-06-21,0.7067
1973-06-22,0.7037
1973-06-25,0.7047
1973-06-26,0.7047
1973-06-27,0.7055
1973-06-28,0.7067
1973-06-29,0.7065
1973-07-02,0.7042
1973-07-03,0.708
1973-07-05,0.7067
1973-07-06,0.7042
1973-07-09,0.7042
1973-07-10,0.7042
1973-07-11,0.7055
1973-07-12,0.7055
1973-07-13,0.7055
1973-07-16,0.7055
1973-07-17,0.7042
1973-07-18,0.7042
1973-07-19,0.7042
1973-07-20,0.703
1973-07-23,0.7085
1973-07-24,0.7085
1973-07-25,0.7085
1973-07-26,0.7042
1973-07-27,0.7042
1973-07-30,0.7042
1973-07-31,0.7042
1973-08-01,0.7092
1973-08-02,0.7067
1973-08-03,0.7052
1973-08-06,0.7067
1973-08-07,0.7067
1973-08-08,0.7062
1973-08-09,0.7062
1973-08-10,0.7062
1973-08-13,0.7072
1973-08-14,0.7072
1973-08-15,0.7072
1973-08-16,0.7067
1973-08-17,0.7067
1973-08-20,0.7067
1973-08-21,0.7067
1973-08-22,0.7063
1973-08-23,0.7072
1973-08-24,0.7072
1973-08-27,0.7072
1973-08-28,0.7072
1973-08-29,0.7072
1973-08-30,0.7062
1973-08-31,0.7062
1973-09-04,0.7072
1973-09-05,0.7072
1973-09-06,0.7072
1973-09-07,0.7072
1973-09-10,0.6734
1973-09-11,0.6729
1973-09-12,0.6729
1973-09-13,0.6745
1973-09-14,0.6745
1973-09-17,0.6745
1973-09-18,0.6745
1973-09-19,0.6745
1973-09-20,0.6745
1973-09-21,0.6745
1973-09-24,0.6745
1973-09-25,0.6745
1973-09-26,0.6745
1973-09-27,0.6757
1973-09-28,0.6757
1973-10-01,0.6757
1973-10-02,0.6745
1973-10-03,0.6745
1973-10-04,0.6745
1973-10-05,0.6745
1973-10-09,0.6745
1973-10-10,0.6745
1973-10-11,0.6745
1973-10-12,0.6745
1973-10-15,0.6745
1973-10-16,0.6745
1973-10-17,0.6745
1973-10-18,0.6734
1973-10-19,0.6734
1973-10-23,0.6757
1973-10-24,0.6757
1973-10-25,0.6757
1973-10-26,0.6757
1973-10-29,0.6734
1973-10-30,0.6734
1973-10-31,0.6757
1973-11-01,0.6757
1973-11-02,0.6734
1973-11-05,0.6729
1973-11-07,0.6743
1973-11-08,0.6745
1973-11-09,0.6741
1973-11-12,0.6745
1973-11-13,0.6757
1973-11-14,0.6757
1973-11-15,0.6745
1973-11-16,0.6745
1973-11-19,0.6748
1973-11-20,0.6743
1973-11-21,0.6743
1973-11-23,0.6748
1973-11-26,0.6752
1973-11-27,0.6752
1973-11-28,0.6748
1973-11-29,0.6757
1973-11-30,0.6748
1973-12-03,0.6743
1973-12-04,0.6743
1973-12-05,0.6743
1973-12-06,0.6745
1973-12-07,0.6718
1973-12-10,0.6718
1973-12-11,0.6739
1973-12-12,0.6734
1973-12-13,0.6739
1973-12-14,0.6739
1973-12-17,0.6745
1973-12-18,0.6745
1973-12-19,0.6745
1973-12-20,0.6745
1973-12-21,0.6745
1973-12-24,0.6754
1973-12-26,0.6745
1973-12-27,0.6757
1973-12-28,0.6745
1973-12-31,0.6745
1974-01-02,0.6745
1974-01-03,0.6748
1974-01-04,0.6748
1974-01-07,0.6748
1974-01-08,0.6745
1974-01-09,0.6745
1974-01-10,0.6745
1974-01-11,0.6768
1974-01-14,0.6757
1974-01-15,0.6757
1974-01-16,0.6757
1974-01-17,0.6757
1974-01-18,0.6757
1974-01-21,0.6757
1974-01-22,0.6734
1974-01-23,0.6734
1974-01-24,0.6734
1974-01-25,0.6734
1974-01-28,0.6745
1974-01-29,0.6734
1974-01-30,0.6734
1974-01-31,0.6734
1974-02-01,0.6745
1974-02-04,0.6745
1974-02-05,0.6745
1974-02-06,0.6734
1974-02-07,0.6734
1974-02-08,0.6734
1974-02-11,0.6734
1974-02-13,0.6734
1974-02-14,0.6734
1974-02-15,0.6723
1974-02-19,0.6734
1974-02-20,0.6734
1974-02-21,0.6734
1974-02-22,0.6734
1974-02-25,0.6723
1974-02-26,0.6734
1974-02-27,0.6734
1974-02-28,0.6723
1974-03-01,0.6723
1974-03-04,0.6734
1974-03-05,0.6734
1974-03-06,0.6734
1974-03-07,0.6723
1974-03-08,0.6723
1974-03-11,0.6723
1974-03-12,0.6734
1974-03-13,0.6734
1974-03-14,0.6734
1974-03-15,0.6734
1974-03-18,0.6734
1974-03-19,0.6734
1974-03-20,0.6734
1974-03-21,0.6734
1974-03-22,0.6734
1974-03-25,0.6734
1974-03-26,0.6734
1974-03-27,0.6734
1974-03-28,0.6734
1974-03-29,0.6734
1974-04-01,0.6734
1974-04-02,0.6734
1974-04-03,0.6734
1974-04-04,0.6734
1974-04-05,0.6734
1974-04-08,0.6734
1974-04-09,0.6734
1974-04-10,0.6734
1974-04-11,0.6734
1974-04-12,0.6734
1974-04-15,0.6734
1974-04-16,0.6745
1974-04-17,0.6745
1974-04-18,0.6745
1974-04-19,0.6745
1974-04-22,0.6745
1974-04-23,0.6745
1974-04-24,0.6745
1974-04-25,0.6745
1974-04-26,0.6734
1974-04-29,0.6734
1974-04-30,0.6734
1974-05-01,0.6734
1974-05-02,0.6734
1974-05-03,0.6734
1974-05-06,0.6734
1974-05-07,0.6734
1974-05-08,0.6734
1974-05-09,0.6734
1974-05-10,0.6734
1974-05-13,0.6734
1974-05-14,0.6734
1974-05-15,0.6734
1974-05-16,0.6734
1974-05-17,0.6757
1974-05-20,0.6734
1974-05-21,0.6734
1974-05-22,0.6734
1974-05-23,0.6734
1974-05-24,0.6734
1974-05-28,0.6734
1974-05-29,0.6745
1974-05-30,0.6745
1974-05-31,0.6745
1974-06-03,0.6745
1974-06-04,0.6745
1974-06-05,0.6745
1974-06-06,0.6734
1974-06-07,0.6745
1974-06-10,0.6745
1974-06-11,0.6745
1974-06-12,0.6745
1974-06-13,0.6734
1974-06-14,0.6734
1974-06-17,0.6734
1974-06-18,0.6734
1974-06-19,0.6734
1974-06-20,0.6734
1974-06-21,0.6757
1974-06-24,0.6757
1974-06-25,0.6757
1974-06-26,0.6734
1974-06-27,0.6734
1974-06-28,0.6734
1974-07-01,0.6734
1974-07-02,0.6734
1974-07-03,0.6734
1974-07-05,0.6734
1974-07-08,0.6734
1974-07-09,0.6734
1974-07-10,0.6757
1974-07-11,0.6757
1974-07-12,0.6768
1974-07-15,0.6768
1974-07-16,0.6768
1974-07-17,0.678
1974-07-18,0.6768
1974-07-19,0.678
1974-07-22,0.678
1974-07-23,0.678
1974-07-24,0.678
1974-07-25,0.678
1974-07-26,0.6757
1974-07-29,0.6745
1974-07-30,0.6745
1974-07-31,0.6745
1974-08-01,0.6745
1974-08-02,0.6745
1974-08-05,0.6757
1974-08-06,0.6757
1974-08-07,0.6757
1974-08-08,0.6757
1974-08-09,0.6745
1974-08-12,0.6745
1974-08-13,0.6745
1974-08-14,0.6745
1974-08-15,0.6745
1974-08-16,0.6745
1974-08-19,0.6745
1974-08-20,0.6745
1974-08-21,0.6745
1974-08-22,0.6745
1974-08-23,0.6745
1974-08-26,0.6734
1974-08-27,0.6734
1974-08-28,0.6734
1974-08-29,0.6734
1974-08-30,0.6757
1974-09-03,0.6757
1974-09-04,0.6757
1974-09-05,0.6757
1974-09-06,0.6734
1974-09-09,0.6734
1974-09-10,0.6734
1974-09-11,0.6734
1974-09-12,0.6734
1974-09-13,0.6734
1974-09-16,0.6725
1974-09-17,0.6734
1974-09-18,0.6734
1974-09-19,0.6745
1974-09-20,0.6734
1974-09-23,0.6734
1974-09-24,0.6734
1974-09-25,0.7648
1974-09-26,0.7654
1974-09-27,0.7657
1974-09-30,0.7634
1974-10-01,0.7619
1974-10-02,0.7619
1974-10-03,0.7678
1974-10-04,0.761
1974-10-07,0.7616
1974-10-08,0.7616
1974-10-09,0.7628
1974-10-10,0.7628
1974-10-11,0.7617
1974-10-15,0.7634
1974-10-16,0.7651
1974-10-17,0.7648
1974-10-18,0.7647
1974-10-21,0.7647
1974-10-22,0.7648
1974-10-23,0.7655
1974-10-24,0.7645
1974-10-25,0.7645
1974-10-28,0.7645
1974-10-29,0.7645
1974-10-30,0.7645
1974-10-31,0.7645
1974-11-01,0.7642
1974-11-04,0.7642
1974-11-06,0.7642
1974-11-07,0.7628
1974-11-08,0.7628
1974-11-12,0.7634
1974-11-13,0.7675
1974-11-14,0.766
1974-11-15,0.7634
1974-11-18,0.7628
1974-11-19,0.7596
1974-11-20,0.761
1974-11-21,0.7628
1974-11-22,0.7628
1974-11-25,0.7605
1974-11-26,0.7605
1974-11-27,0.761
1974-11-29,0.761
1974-12-02,0.761
1974-12-03,0.7619
1974-12-04,0.7619
1974-12-05,0.7606
1974-12-06,0.761
1974-12-09,0.7605
1974-12-10,0.7596
1974-12-11,0.7596
1974-12-12,0.7596
1974-12-13,0.7599
1974-12-16,0.7593
1974-12-17,0.7593
1974-12-18,0.7564
1974-12-19,0.7564
1974-12-20,0.7564
1974-12-23,0.759
1974-12-24,0.759
1974-12-26,0.759
1974-12-27,0.7605
1974-12-30,0.7567
1974-12-31,0.755
1975-01-02,0.7553
1975-01-03,0.7567
1975-01-06,0.755
1975-01-07,0.7533
1975-01-08,0.7536
1975-01-09,0.7548
1975-01-10,0.7533
1975-01-13,0.7541
1975-01-14,0.7541
1975-01-15,0.7556
1975-01-16,0.7541
1975-01-17,0.7539
1975-01-20,0.7539
1975-01-21,0.7524
1975-01-22,0.7519
1975-01-23,0.7502
1975-01-24,0.7491
1975-01-27,0.7505
1975-01-28,0.7433
1975-01-29,0.7465
1975-01-30,0.7477
1975-01-31,0.7485
1975-02-03,0.7463
1975-02-04,0.7477
1975-02-05,0.7493
1975-02-06,0.7493
1975-02-07,0.7479
1975-02-10,0.7446
1975-02-11,0.7432
1975-02-13,0.7432
1975-02-14,0.7421
1975-02-18,0.7421
1975-02-19,0.7421
1975-02-20,0.7407
1975-02-21,0.7396
1975-02-24,0.738
1975-02-25,0.7358
1975-02-26,0.735
1975-02-27,0.7331
1975-02-28,0.7331
1975-03-03,0.7331
1975-03-04,0.7331
1975-03-05,0.7323
1975-03-06,0.7326
1975-03-07,0.7337
1975-03-10,0.738
1975-03-11,0.7366
1975-03-12,0.735
1975-03-13,0.7372
1975-03-14,0.7375
1975-03-17,0.7369
1975-03-18,0.7353
1975-03-19,0.7348
1975-03-20,0.7356
1975-03-21,0.7356
1975-03-24,0.7356
1975-03-25,0.7375
1975-03-26,0.738
1975-03-27,0.7402
1975-03-28,0.7402
1975-03-31,0.7402
1975-04-01,0.7429
1975-04-02,0.7407
1975-04-03,0.7413
1975-04-04,0.7413
1975-04-07,0.7446
1975-04-08,0.7449
1975-04-09,0.744
1975-04-10,0.7446
1975-04-11,0.7463
1975-04-14,0.7457
1975-04-15,0.7522
1975-04-16,0.7457
1975-04-17,0.7457
1975-04-18,0.7452
1975-04-21,0.7452
1975-04-22,0.7468
1975-04-23,0.7465
1975-04-24,0.7446
1975-04-25,0.7477
1975-04-28,0.7468
1975-04-29,0.7485
1975-04-30,0.7471
1975-05-01,0.7477
1975-05-02,0.7463
1975-05-05,0.7463
1975-05-06,0.7454
1975-05-07,0.746
1975-05-08,0.7454
1975-05-09,0.7449
1975-05-12,0.7477
1975-05-13,0.7482
1975-05-14,0.746
1975-05-15,0.746
1975-05-16,0.7477
1975-05-19,0.7474
1975-05-20,0.7471
1975-05-21,0.7471
1975-05-22,0.7452
1975-05-23,0.7443
1975-05-27,0.744
1975-05-28,0.7443
1975-05-29,0.7446
1975-05-30,0.746
1975-06-02,0.7457
1975-06-03,0.7452
1975-06-04,0.7452
1975-06-05,0.7454
1975-06-06,0.7454
1975-06-09,0.746
1975-06-10,0.7463
1975-06-11,0.7474
1975-06-12,0.7485
1975-06-13,0.7482
1975-06-16,0.7482
1975-06-17,0.7485
1975-06-18,0.7493
1975-06-19,0.7496
1975-06-20,0.7502
1975-06-23,0.7499
1975-06-24,0.7508
1975-06-25,0.7524
1975-06-26,0.7527
1975-06-27,0.7539
1975-06-30,0.7556
1975-07-01,0.7579
1975-07-02,0.7567
1975-07-03,0.7576
1975-07-07,0.759
1975-07-08,0.7596
1975-07-09,0.759
1975-07-10,0.7593
1975-07-11,0.7599
1975-07-14,0.761
1975-07-15,0.7613
1975-07-16,0.7639
1975-07-17,0.7639
1975-07-18,0.7654
1975-07-21,0.7663
1975-07-22,0.7672
1975-07-23,0.7678
1975-07-24,0.7686
1975-07-25,0.7692
1975-07-28,0.768
1975-07-29,0.7704
1975-07-30,0.7701
1975-07-31,0.7692
1975-08-01,0.7722
1975-08-04,0.7731
1975-08-05,0.7737
1975-08-06,0.7734
1975-08-07,0.7752
1975-08-08,0.7773
1975-08-11,0.7806
1975-08-12,0.7846
1975-08-13,0.7846
1975-08-14,0.7831
1975-08-15,0.7828
1975-08-18,0.7831
1975-08-19,0.7828
1975-08-20,0.7812
1975-08-21,0.7819
1975-08-22,0.7825
1975-08-25,0.7831
1975-08-26,0.7837
1975-08-27,0.7831
1975-08-28,0.7831
1975-08-29,0.7831
1975-09-02,0.784
1975-09-03,0.7834
1975-09-04,0.7828
1975-09-05,0.7834
1975-09-08,0.7834
1975-09-09,0.7831
1975-09-10,0.78
1975-09-11,0.7843
1975-09-12,0.7837
1975-09-15,0.7843
1975-09-16,0.7846
1975-09-17,0.7871
1975-09-18,0.7883
1975-09-19,0.7893
1975-09-22,0.7921
1975-09-23,0.7949
1975-09-24,0.7974
1975-09-25,0.7968
1975-09-26,0.7965
1975-09-29,0.7965
1975-09-30,0.7978
1975-10-01,0.7965
1975-10-02,0.7943
1975-10-03,0.7955
1975-10-06,0.7959
1975-10-07,0.7949
1975-10-08,0.7946
1975-10-09,0.7943
1975-10-10,0.7937
1975-10-14,0.7911
1975-10-15,0.793
1975-10-16,0.7921
1975-10-17,0.7918
1975-10-20,0.7918
1975-10-21,0.7908
1975-10-22,0.7893
1975-10-23,0.7883
1975-10-24,0.7899
1975-10-27,0.7893
1975-10-28,0.7896
1975-10-29,0.7896
1975-10-30,0.7896
1975-10-31,0.7883
1975-11-03,0.7874
1975-11-05,0.789
1975-11-06,0.7899
1975-11-07,0.789
1975-11-10,0.7899
1975-11-12,0.7937
1975-11-13,0.7899
1975-11-14,0.7918
1975-11-17,0.793
1975-11-18,0.793
1975-11-19,0.7946
1975-11-20,0.7933
1975-11-21,0.7927
1975-11-24,0.794
1975-11-25,0.794
1975-11-26,0.7943
1975-11-28,0.7955
1975-12-01,0.7962
1975-12-02,0.7971
1975-12-03,0.7971
1975-12-04,0.7967
1975-12-05,0.7963
1975-12-08,0.798
1975-12-09,0.7981
1975-12-10,0.7981
1975-12-11,0.7981
1975-12-12,0.7984
1975-12-15,0.7987
1975-12-16,0.7988
1975-12-17,0.7984
1975-12-18,0.7976
1975-12-19,0.7977
1975-12-22,0.7976
1975-12-23,0.7976
1975-12-24,0.7972
1975-12-26,0.7971
1975-12-29,0.7973
1975-12-30,0.7971
1975-12-31,0.7971
1976-01-02,0.7971
1976-01-05,0.7968
1976-01-06,0.7955
1976-01-07,0.7952
1976-01-08,0.7952
1976-01-09,0.7962
1976-01-12,0.7965
1976-01-13,0.7959
1976-01-14,0.7965
1976-01-15,0.7959
1976-01-16,0.7959
1976-01-19,0.7957
1976-01-20,0.7951
1976-01-21,0.7949
1976-01-22,0.7968
1976-01-23,0.797
1976-01-26,0.7949
1976-01-27,0.7962
1976-01-28,0.794
1976-01-29,0.7959
1976-01-30,0.796
1976-02-02,0.7962
1976-02-03,0.7952
1976-02-04,0.7955
1976-02-05,0.793
1976-02-06,0.794
1976-02-09,0.7942
1976-02-10,0.7935
1976-02-11,0.7933
1976-02-13,0.793
1976-02-17,0.7949
1976-02-18,0.7952
1976-02-19,0.7948
1976-02-20,0.7945
1976-02-23,0.7952
1976-02-24,0.7955
1976-02-25,0.7955
1976-02-26,0.7946
1976-02-27,0.7949
1976-03-01,0.7945
1976-03-02,0.7955
1976-03-03,0.7953
1976-03-04,0.795
1976-03-05,0.7968
1976-03-08,0.8029
1976-03-09,0.8021
1976-03-10,0.8025
1976-03-11,0.8041
1976-03-12,0.8023
1976-03-15,0.8032
1976-03-16,0.8042
1976-03-17,0.8055
1976-03-18,0.8035
1976-03-19,0.8039
1976-03-22,0.8035
1976-03-23,0.8022
1976-03-24,0.8022
1976-03-25,0.8019
1976-03-26,0.8021
1976-03-29,0.8024
1976-03-30,0.8027
1976-03-31,0.8025
1976-04-01,0.8022
1976-04-02,0.8048
1976-04-05,0.8065
1976-04-06,0.8081
1976-04-07,0.8071
1976-04-08,0.8068
1976-04-09,0.8083
1976-04-12,0.8093
1976-04-13,0.8093
1976-04-14,0.8082
1976-04-15,0.8097
1976-04-16,0.8097
1976-04-19,0.8097
1976-04-20,0.8074
1976-04-21,0.8081
1976-04-22,0.8089
1976-04-23,0.8096
1976-04-26,0.8097
1976-04-27,0.811
1976-04-28,0.8108
1976-04-29,0.8087
1976-04-30,0.8087
1976-05-03,0.8083
1976-05-04,0.8096
1976-05-05,0.8074
1976-05-06,0.8095
1976-05-07,0.8083
1976-05-10,0.8081
1976-05-11,0.807
1976-05-12,0.807
1976-05-13,0.8078
1976-05-14,0.8093
1976-05-17,0.8107
1976-05-18,0.8127
1976-05-19,0.8117
1976-05-20,0.8114
1976-05-21,0.8127
1976-05-24,0.8145
1976-05-25,0.8126
1976-05-26,0.8137
1976-05-27,0.815
1976-05-28,0.815
1976-06-01,0.8167
1976-06-02,0.8179
1976-06-03,0.8181
1976-06-04,0.8201
1976-06-07,0.8193
1976-06-08,0.8143
1976-06-09,0.8143
1976-06-10,0.8143
1976-06-11,0.8145
1976-06-14,0.8145
1976-06-15,0.8145
1976-06-16,0.8138
1976-06-17,0.8141
1976-06-18,0.814
1976-06-21,0.8139
1976-06-22,0.8141
1976-06-23,0.814
1976-06-24,0.8127
1976-06-25,0.8123
1976-06-28,0.8126
1976-06-29,0.8114
1976-06-30,0.811
1976-07-01,0.811
1976-07-02,0.8105
1976-07-06,0.8063
1976-07-07,0.8084
1976-07-08,0.8078
1976-07-09,0.8117
1976-07-12,0.8114
1976-07-13,0.8104
1976-07-14,0.8074
1976-07-15,0.8087
1976-07-16,0.8096
1976-07-19,0.8102
1976-07-20,0.8106
1976-07-21,0.8097
1976-07-22,0.8084
1976-07-23,0.81
1976-07-26,0.8096
1976-07-27,0.8078
1976-07-28,0.8087
1976-07-29,0.8074
1976-07-30,0.8061
1976-08-02,0.8069
1976-08-03,0.8063
1976-08-04,0.8067
1976-08-05,0.8063
1976-08-06,0.806
1976-08-09,0.8072
1976-08-10,0.8066
1976-08-11,0.807
1976-08-12,0.8067
1976-08-13,0.8071
1976-08-16,0.8063
1976-08-17,0.8053
1976-08-18,0.8025
1976-08-19,0.803
1976-08-20,0.8038
1976-08-23,0.8048
1976-08-24,0.8046
1976-08-25,0.8041
1976-08-26,0.8045
1976-08-27,0.8035
1976-08-30,0.8035
1976-08-31,0.8041
1976-09-01,0.8041
1976-09-02,0.8033
1976-09-03,0.8019
1976-09-07,0.8048
1976-09-08,0.8033
1976-09-09,0.8026
1976-09-10,0.8026
1976-09-13,0.8037
1976-09-14,0.8039
1976-09-15,0.8042
1976-09-16,0.8031
1976-09-17,0.8023
1976-09-20,0.8039
1976-09-21,0.8046
1976-09-22,0.8058
1976-09-23,0.8047
1976-09-24,0.8053
1976-09-27,0.8065
1976-09-28,0.8088
1976-09-29,0.8115
1976-09-30,0.8098
1976-10-01,0.8089
1976-10-04,0.8089
1976-10-05,0.8061
1976-10-06,0.8057
1976-10-07,0.8052
1976-10-08,0.8052
1976-10-12,0.8083
1976-10-13,0.8092
1976-10-14,0.8076
1976-10-15,0.8106
1976-10-18,0.8072
1976-10-19,0.8127
1976-10-20,0.8118
1976-10-21,0.8117
1976-10-22,0.8123
1976-10-25,0.8126
1976-10-26,0.8143
1976-10-27,0.8174
1976-10-28,0.8173
1976-10-29,0.8143
1976-11-01,0.8179
1976-11-03,0.8173
1976-11-04,0.8146
1976-11-05,0.813
1976-11-08,0.8147
1976-11-09,0.8138
1976-11-10,0.8153
1976-11-12,0.8143
1976-11-15,0.8133
1976-11-16,0.8129
1976-11-17,0.8124
1976-11-18,0.8108
1976-11-19,0.8087
1976-11-22,0.8108
1976-11-23,0.8129
1976-11-24,0.8121
1976-11-26,0.8127
1976-11-29,0.9852
1976-11-30,0.9902
1976-12-01,0.9914
1976-12-02,0.9906
1976-12-03,0.9944
1976-12-06,0.9946
1976-12-07,0.9673
1976-12-08,0.9659
1976-12-09,0.9652
1976-12-10,0.9649
1976-12-13,0.9527
1976-12-14,0.9506
1976-12-15,0.9528
1976-12-16,0.9528
1976-12-17,0.9461
1976-12-20,0.9442
1976-12-21,0.9395
1976-12-22,0.9351
1976-12-23,0.9303
1976-12-24,0.9217
1976-12-27,0.92
1976-12-28,0.9191
1976-12-29,0.9221
1976-12-30,0.9191
1976-12-31,0.9183
1977-01-03,0.9174
1977-01-04,0.9217
1977-01-05,0.9201
1977-01-06,0.9211
1977-01-07,0.9208
1977-01-10,0.9228
1977-01-11,0.9217
1977-01-12,0.9217
1977-01-13,0.9214
1977-01-14,0.9215
1977-01-17,0.9238
1977-01-18,0.9235
1977-01-19,0.924
1977-01-20,0.9217
1977-01-21,0.9204
1977-01-24,0.9223
1977-01-25,0.9224
1977-01-26,0.92
1977-01-27,0.9214
1977-01-28,0.9204
1977-01-31,0.9201
1977-02-01,0.9211
1977-02-02,0.9204
1977-02-03,0.9218
1977-02-04,0.9206
1977-02-07,0.9204
1977-02-08,0.9195
1977-02-09,0.9179
1977-02-10,0.9179
1977-02-11,0.917
1977-02-14,0.9191
1977-02-15,0.9163
1977-02-16,0.9166
1977-02-17,0.9159
1977-02-18,0.9137
1977-02-22,0.9124
1977-02-23,0.9132
1977-02-24,0.9141
1977-02-25,0.9152
1977-02-28,0.9124
1977-03-01,0.9124
1977-03-02,0.9116
1977-03-03,0.9103
1977-03-04,0.9112
1977-03-07,0.9112
1977-03-08,0.9107
1977-03-09,0.9117
1977-03-10,0.9116
1977-03-11,0.9117
1977-03-14,0.9103
1977-03-15,0.9109
1977-03-16,0.9116
1977-03-17,0.9111
1977-03-18,0.9102
1977-03-21,0.9086
1977-03-22,0.9089
1977-03-23,0.907
1977-03-24,0.9072
1977-03-25,0.9081
1977-03-28,0.9058
1977-03-29,0.906
1977-03-30,0.9066
1977-03-31,0.9068
1977-04-01,0.9056
1977-04-04,0.905
1977-04-05,0.9038
1977-04-06,0.9038
1977-04-07,0.9036
1977-04-08,0.9036
1977-04-11,0.9025
1977-04-12,0.9005
1977-04-13,0.9013
1977-04-14,0.9033
1977-04-15,0.9038
1977-04-18,0.9046
1977-04-19,0.9054
1977-04-20,0.9069
1977-04-21,0.906
1977-04-22,0.9066
1977-04-25,0.9074
1977-04-26,0.9074
1977-04-27,0.907
1977-04-28,0.9054
1977-04-29,0.9066
1977-05-02,0.9066
1977-05-03,0.9068
1977-05-04,0.9058
1977-05-05,0.905
1977-05-06,0.9054
1977-05-09,0.907
1977-05-10,0.9062
1977-05-11,0.9071
1977-05-12,0.9074
1977-05-13,0.9068
1977-05-16,0.9069
1977-05-17,0.9066
1977-05-18,0.9066
1977-05-19,0.9066
1977-05-20,0.9062
1977-05-23,0.9069
1977-05-24,0.9072
1977-05-25,0.9066
1977-05-26,0.9066
1977-05-27,0.9066
1977-05-31,0.9066
1977-06-01,0.9062
1977-06-02,0.906
1977-06-03,0.9057
1977-06-06,0.9053
1977-06-07,0.9048
1977-06-08,0.9042
1977-06-09,0.9036
1977-06-10,0.9029
1977-06-13,0.9013
1977-06-14,0.902
1977-06-15,0.9033
1977-06-16,0.9017
1977-06-17,0.9028
1977-06-20,0.9025
1977-06-21,0.9023
1977-06-22,0.9019
1977-06-23,0.9019
1977-06-24,0.9017
1977-06-27,0.9009
1977-06-28,0.9004
1977-06-29,0.8973
1977-06-30,0.8969
1977-07-01,0.8973
1977-07-05,0.8938
1977-07-06,0.8938
1977-07-07,0.8929
1977-07-08,0.8931
1977-07-11,0.8909
1977-07-12,0.8913
1977-07-13,0.8905
1977-07-15,0.8926
1977-07-18,0.8909
1977-07-19,0.8893
1977-07-20,0.8902
1977-07-21,0.8897
1977-07-22,0.8901
1977-07-25,0.8889
1977-07-26,0.8893
1977-07-27,0.8887
1977-07-28,0.8895
1977-07-29,0.8914
1977-08-01,0.8929
1977-08-02,0.8919
1977-08-03,0.9056
1977-08-04,0.9046
1977-08-05,0.9054
1977-08-08,0.9059
1977-08-09,0.9058
1977-08-10,0.9069
1977-08-11,0.9065
1977-08-12,0.907
1977-08-15,0.9093
1977-08-16,0.9091
1977-08-17,0.9074
1977-08-18,0.9086
1977-08-19,0.9084
1977-08-22,0.9076
1977-08-23,0.9074
1977-08-24,0.9066
1977-08-25,0.9068
1977-08-26,0.9029
1977-08-29,0.9033
1977-08-30,0.9058
1977-08-31,0.9058
1977-09-01,0.907
1977-09-02,0.9066
1977-09-06,0.9074
1977-09-07,0.9066
1977-09-08,0.9066
1977-09-09,0.9073
1977-09-12,0.907
1977-09-13,0.907
1977-09-14,0.907
1977-09-15,0.9066
1977-09-16,0.9065
1977-09-19,0.9062
1977-09-20,0.9062
1977-09-21,0.9058
1977-09-22,0.905
1977-09-23,0.906
1977-09-26,0.9052
1977-09-27,0.9058
1977-09-28,0.905
1977-09-29,0.9042
1977-09-30,0.9017
1977-10-03,0.8981
1977-10-04,0.9013
1977-10-05,0.8997
1977-10-06,0.9058
1977-10-07,0.8957
1977-10-11,0.8969
1977-10-12,0.8953
1977-10-13,0.8917
1977-10-14,0.8921
1977-10-17,0.8902
1977-10-18,0.8905
1977-10-19,0.8916
1977-10-20,0.8925
1977-10-21,0.8919
1977-10-24,0.8901
1977-10-25,0.8913
1977-10-26,0.8913
1977-10-27,0.8895
1977-10-28,0.8917
1977-10-31,0.8869
1977-11-01,0.883
1977-11-02,0.8853
1977-11-03,0.8889
1977-11-04,0.8889
1977-11-07,0.8889
1977-11-09,0.8877
1977-11-10,0.8883
1977-11-14,0.8882
1977-11-15,0.8893
1977-11-16,0.8889
1977-11-17,0.8905
1977-11-18,0.8889
1977-11-21,0.8857
1977-11-22,0.8847
1977-11-23,0.8846
1977-11-25,0.8847
1977-11-28,0.8853
1977-11-29,0.8885
1977-11-30,0.8881
1977-12-01,0.8865
1977-12-02,0.885
1977-12-05,0.8846
1977-12-06,0.8836
1977-12-07,0.8853
1977-12-08,0.8844
1977-12-09,0.885
1977-12-12,0.8842
1977-12-13,0.883
1977-12-14,0.8799
1977-12-15,0.8822
1977-12-16,0.883
1977-12-19,0.8811
1977-12-20,0.8787
1977-12-21,0.879
1977-12-22,0.8826
1977-12-23,0.8826
1977-12-27,0.8814
1977-12-28,0.878
1977-12-29,0.8764
1977-12-30,0.8787
1978-01-03,0.8726
1978-01-04,0.8696
1978-01-05,0.8791
1978-01-06,0.8787
1978-01-09,0.8803
1978-01-10,0.8799
1978-01-11,0.8776
1978-01-12,0.8803
1978-01-13,0.8797
1978-01-16,0.8804
1978-01-17,0.8805
1978-01-18,0.8814
1978-01-19,0.8795
1978-01-20,0.8828
1978-01-23,0.878
1978-01-24,0.8783
1978-01-25,0.8776
1978-01-26,0.8776
1978-01-27,0.8783
1978-01-30,0.8794
1978-01-31,0.8787
1978-02-01,0.8799
1978-02-02,0.8799
1978-02-03,0.8803
1978-02-06,0.8807
1978-02-07,0.8821
1978-02-08,0.8811
1978-02-09,0.8809
1978-02-10,0.8807
1978-02-14,0.8803
1978-02-15,0.8807
1978-02-16,0.8799
1978-02-17,0.8808
1978-02-21,0.88
1978-02-22,0.8795
1978-02-23,0.878
1978-02-24,0.885
1978-02-27,0.8807
1978-02-28,0.8799
1978-03-01,0.8785
1978-03-02,0.8794
1978-03-03,0.8791
1978-03-06,0.8791
1978-03-07,0.8791
1978-03-08,0.8772
1978-03-09,0.878
1978-03-10,0.883
1978-03-13,0.8807
1978-03-14,0.8812
1978-03-15,0.8799
1978-03-16,0.8787
1978-03-17,0.8787
1978-03-20,0.8783
1978-03-21,0.8795
1978-03-22,0.8797
1978-03-23,0.8794
1978-03-24,0.8787
1978-03-27,0.8772
1978-03-28,0.8757
1978-03-29,0.873
1978-03-30,0.8757
1978-03-31,0.876
1978-04-03,0.8717
1978-04-04,0.873
1978-04-05,0.8741
1978-04-06,0.8732
1978-04-07,0.874
1978-04-10,0.8734
1978-04-11,0.8722
1978-04-12,0.8721
1978-04-13,0.874
1978-04-14,0.874
1978-04-17,0.8758
1978-04-18,0.8772
1978-04-19,0.8768
1978-04-20,0.8828
1978-04-21,0.8834
1978-04-24,0.8864
1978-04-25,0.8865
1978-04-26,0.8839
1978-04-27,0.8811
1978-04-28,0.8832
1978-05-01,0.8838
1978-05-02,0.8842
1978-05-03,0.8843
1978-05-04,0.8846
1978-05-05,0.8838
1978-05-08,0.8846
1978-05-09,0.8869
1978-05-10,0.8857
1978-05-11,0.885
1978-05-12,0.8869
1978-05-15,0.8865
1978-05-16,0.8893
1978-05-17,0.8898
1978-05-18,0.8873
1978-05-19,0.8893
1978-05-22,0.8905
1978-05-23,0.8893
1978-05-24,0.8893
1978-05-25,0.8881
1978-05-26,0.8901
1978-05-29,0.8875
1978-05-31,0.8845
1978-06-01,0.8838
1978-06-02,0.8828
1978-06-05,0.8822
1978-06-06,0.8826
1978-06-07,0.8832
1978-06-08,0.8822
1978-06-09,0.8826
1978-06-12,0.8818
1978-06-13,0.8803
1978-06-14,0.8791
1978-06-15,0.8799
1978-06-16,0.8817
1978-06-19,0.8783
1978-06-20,0.8768
1978-06-21,0.8763
1978-06-22,0.8772
1978-06-23,0.8737
1978-06-26,0.8738
1978-06-27,0.873
1978-06-28,0.8726
1978-06-29,0.8718
1978-06-30,0.8715
1978-07-03,0.8703
1978-07-05,0.8703
1978-07-06,0.8709
1978-07-07,0.8715
1978-07-10,0.8696
1978-07-11,0.8715
1978-07-12,0.8734
1978-07-13,0.8722
1978-07-14,0.872
1978-07-17,0.8737
1978-07-18,0.873
1978-07-19,0.873
1978-07-20,0.873
1978-07-21,0.8707
1978-07-24,0.8684
1978-07-25,0.8675
1978-07-26,0.866
1978-07-27,0.8662
1978-07-28,0.8639
1978-07-31,0.864
1978-08-01,0.8615
1978-08-02,0.8633
1978-08-03,0.8639
1978-08-04,0.8658
1978-08-07,0.8658
1978-08-08,0.8636
1978-08-09,0.8624
1978-08-10,0.8621
1978-08-11,0.861
1978-08-14,0.8595
1978-08-15,0.8598
1978-08-16,0.8595
1978-08-17,0.8666
1978-08-18,0.8669
1978-08-21,0.8737
1978-08-22,0.8699
1978-08-23,0.8734
1978-08-24,0.8726
1978-08-25,0.8741
1978-08-28,0.8741
1978-08-29,0.8703
1978-08-30,0.8699
1978-08-31,0.8696
1978-09-01,0.8699
1978-09-05,0.8669
1978-09-06,0.8678
1978-09-07,0.8696
1978-09-08,0.8703
1978-09-11,0.8711
1978-09-12,0.8699
1978-09-13,0.8677
1978-09-14,0.8699
1978-09-15,0.8675
1978-09-18,0.869
1978-09-19,0.8683
1978-09-20,0.8654
1978-09-21,0.8638
1978-09-22,0.8654
1978-09-25,0.8636
1978-09-26,0.8651
1978-09-27,0.8647
1978-09-28,0.8656
1978-09-29,0.8658
1978-10-02,0.8651
1978-10-03,0.8632
1978-10-04,0.8617
1978-10-05,0.861
1978-10-06,0.8621
1978-10-10,0.8624
1978-10-11,0.8602
1978-10-12,0.8587
1978-10-13,0.8598
1978-10-16,0.8569
1978-10-17,0.8557
1978-10-18,0.8536
1978-10-19,0.8566
1978-10-20,0.8536
1978-10-23,0.852
1978-10-24,0.854
1978-10-25,0.8493
1978-10-26,0.8471
1978-10-27,0.8475
1978-10-30,0.8432
1978-10-31,0.8467
1978-11-01,0.8584
1978-11-02,0.8628
1978-11-03,0.8673
1978-11-06,0.8709
1978-11-08,0.8681
1978-11-09,0.8675
1978-11-10,0.8684
1978-11-13,0.8688
1978-11-14,0.8696
1978-11-15,0.8711
1978-11-16,0.8751
1978-11-17,0.8768
1978-11-20,0.8795
1978-11-21,0.8787
1978-11-22,0.8787
1978-11-24,0.878
1978-11-27,0.8814
1978-11-28,0.8811
1978-11-29,0.8807
1978-11-30,0.8814
1978-12-01,0.8873
1978-12-04,0.8814
1978-12-05,0.8822
1978-12-06,0.8797
1978-12-07,0.8814
1978-12-08,0.8817
1978-12-11,0.8783
1978-12-12,0.8783
1978-12-13,0.8776
1978-12-14,0.8772
1978-12-15,0.877
1978-12-18,0.8711
1978-12-19,0.8686
1978-12-20,0.8699
1978-12-21,0.876
1978-12-22,0.8722
1978-12-26,0.8722
1978-12-27,0.8703
1978-12-28,0.8688
1978-12-29,0.8696
1979-01-02,0.8682
1979-01-03,0.873
1979-01-04,0.8741
1979-01-05,0.8741
1979-01-08,0.8728
1979-01-09,0.8737
1979-01-10,0.876
1979-01-11,0.8778
1979-01-12,0.8782
1979-01-15,0.8783
1979-01-16,0.8776
1979-01-17,0.876
1979-01-18,0.876
1979-01-19,0.877
1979-01-22,0.8772
1979-01-23,0.8777
1979-01-24,0.8789
1979-01-25,0.8799
1979-01-26,0.8803
1979-01-29,0.8813
1979-01-30,0.8811
1979-01-31,0.8821
1979-02-01,0.8859
1979-02-02,0.8867
1979-02-05,0.8842
1979-02-06,0.8838
1979-02-07,0.878
1979-02-08,0.8799
1979-02-09,0.8804
1979-02-13,0.8834
1979-02-14,0.8832
1979-02-15,0.8842
1979-02-16,0.8834
1979-02-20,0.8848
1979-02-21,0.8851
1979-02-22,0.8848
1979-02-23,0.8865
1979-02-26,0.8861
1979-02-27,0.8861
1979-02-28,0.8865
1979-03-01,0.8879
1979-03-02,0.8904
1979-03-05,0.8898
1979-03-06,0.8894
1979-03-07,0.8894
1979-03-08,0.8889
1979-03-09,0.889
1979-03-12,0.8901
1979-03-13,0.8937
1979-03-14,0.8932
1979-03-15,0.8923
1979-03-16,0.8932
1979-03-19,0.8936
1979-03-20,0.892
1979-03-21,0.8925
1979-03-22,0.8929
1979-03-23,0.8922
1979-03-26,0.8917
1979-03-27,0.893
1979-03-28,0.893
1979-03-29,0.8945
1979-03-30,0.8942
1979-04-02,0.8969
1979-04-03,0.8993
1979-04-04,0.8997
1979-04-05,0.9002
1979-04-06,0.9003
1979-04-09,0.8985
1979-04-10,0.898
1979-04-11,0.8997
1979-04-12,0.9016
1979-04-13,0.9031
1979-04-16,0.9029
1979-04-17,0.9044
1979-04-18,0.9041
1979-04-19,0.9004
1979-04-20,0.9046
1979-04-23,0.9049
1979-04-24,0.9042
1979-04-25,0.9051
1979-04-26,0.9045
1979-04-27,0.906
1979-04-30,0.907
1979-05-01,0.9088
1979-05-02,0.9106
1979-05-03,0.9093
1979-05-04,0.9065
1979-05-07,0.9029
1979-05-08,0.9018
1979-05-09,0.9004
1979-05-10,0.9011
1979-05-11,0.9007
1979-05-14,0.9003
1979-05-15,0.9006
1979-05-16,0.9009
1979-05-17,0.9029
1979-05-18,0.9056
1979-05-21,0.9058
1979-05-22,0.9058
1979-05-23,0.9067
1979-05-24,0.9049
1979-05-25,0.9053
1979-05-28,0.9051
1979-05-29,0.9073
1979-05-31,0.9042
1979-06-01,0.9046
1979-06-04,0.9033
1979-06-05,0.9037
1979-06-06,0.9047
1979-06-07,0.9046
1979-06-08,0.9046
1979-06-11,0.9032
1979-06-12,0.9042
1979-06-13,0.9032
1979-06-14,0.9028
1979-06-15,0.901
1979-06-18,0.9011
1979-06-19,0.8985
1979-06-20,0.8981
1979-06-21,0.8987
1979-06-22,0.8973
1979-06-25,0.8923
1979-06-26,0.8953
1979-06-27,0.8938
1979-06-28,0.8924
1979-06-29,0.8933
1979-07-02,0.8929
1979-07-03,0.8932
1979-07-05,0.8898
1979-07-06,0.8902
1979-07-09,0.8906
1979-07-10,0.8896
1979-07-11,0.8885
1979-07-12,0.8886
1979-07-13,0.8887
1979-07-16,0.8873
1979-07-17,0.8862
1979-07-18,0.8836
1979-07-19,0.8828
1979-07-20,0.8852
1979-07-23,0.8834
1979-07-24,0.8803
1979-07-25,0.8809
1979-07-26,0.881
1979-07-27,0.8814
1979-07-30,0.8829
1979-07-31,0.8857
1979-08-01,0.8844
1979-08-02,0.8848
1979-08-03,0.8848
1979-08-06,0.885
1979-08-07,0.8861
1979-08-08,0.8864
1979-08-09,0.8849
1979-08-10,0.8842
1979-08-13,0.8856
1979-08-14,0.8858
1979-08-15,0.8859
1979-08-16,0.8859
1979-08-17,0.8872
1979-08-20,0.887
1979-08-21,0.887
1979-08-22,0.8884
1979-08-23,0.8864
1979-08-24,0.887
1979-08-27,0.8878
1979-08-28,0.8877
1979-08-29,0.8887
1979-08-30,0.8872
1979-08-31,0.887
1979-09-04,0.887
1979-09-05,0.8872
1979-09-06,0.8861
1979-09-07,0.8856
1979-09-10,0.8851
1979-09-11,0.8863
1979-09-12,0.8873
1979-09-13,0.8887
1979-09-14,0.8902
1979-09-17,0.8911
1979-09-18,0.891
1979-09-19,0.8917
1979-09-20,0.8889
1979-09-21,0.8878
1979-09-24,0.8877
1979-09-25,0.8886
1979-09-26,0.8873
1979-09-27,0.8861
1979-09-28,0.8861
1979-10-01,0.8876
1979-10-02,0.8883
1979-10-03,0.888
1979-10-04,0.8877
1979-10-05,0.8887
1979-10-09,0.8951
1979-10-10,0.8931
1979-10-11,0.8941
1979-10-12,0.8951
1979-10-15,0.8973
1979-10-16,0.899
1979-10-17,0.902
1979-10-18,0.9005
1979-10-19,0.8993
1979-10-22,0.9009
1979-10-23,0.9039
1979-10-24,0.905
1979-10-25,0.9054
1979-10-26,0.906
1979-10-29,0.9077
1979-10-30,0.9107
1979-10-31,0.9114
1979-11-01,0.912
1979-11-02,0.9091
1979-11-05,0.912
1979-11-07,0.9132
1979-11-08,0.9141
1979-11-09,0.9159
1979-11-13,0.9171
1979-11-14,0.9162
1979-11-15,0.9166
1979-11-16,0.9164
1979-11-19,0.9122
1979-11-20,0.9139
1979-11-21,0.9149
1979-11-23,0.9166
1979-11-26,0.9173
1979-11-27,0.9151
1979-11-28,0.9155
1979-11-29,0.9145
1979-11-30,0.9139
1979-12-03,0.9116
1979-12-04,0.9112
1979-12-05,0.9116
1979-12-06,0.9103
1979-12-07,0.9091
1979-12-10,0.9047
1979-12-11,0.9025
1979-12-12,0.905
1979-12-13,0.9075
1979-12-14,0.9087
1979-12-17,0.907
1979-12-18,0.9056
1979-12-19,0.905
1979-12-20,0.9047
1979-12-21,0.9054
1979-12-24,0.9054
1979-12-26,0.9046
1979-12-27,0.9043
1979-12-28,0.9033
1979-12-31,0.9044
1980-01-02,0.9025
1980-01-03,0.9014
1980-01-04,0.9017
1980-01-07,0.8983
1980-01-08,0.8989
1980-01-09,0.8985
1980-01-10,0.8993
1980-01-11,0.9001
1980-01-14,0.9003
1980-01-15,0.9021
1980-01-16,0.9005
1980-01-17,0.9009
1980-01-18,0.9007
1980-01-21,0.9013
1980-01-22,0.9019
1980-01-23,0.8997
1980-01-24,0.9014
1980-01-25,0.9023
1980-01-28,0.9029
1980-01-29,0.9043
1980-01-30,0.9032
1980-01-31,0.9036
1980-02-01,0.9047
1980-02-04,0.904
1980-02-05,0.903
1980-02-06,0.9024
1980-02-07,0.9016
1980-02-08,0.9031
1980-02-11,0.9035
1980-02-13,0.9038
1980-02-14,0.9038
1980-02-15,0.8993
1980-02-19,0.9064
1980-02-20,0.9068
1980-02-21,0.907
1980-02-22,0.9083
1980-02-25,0.9091
1980-02-26,0.9103
1980-02-27,0.9099
1980-02-28,0.9099
1980-02-29,0.9116
1980-03-03,0.9122
1980-03-04,0.9112
1980-03-05,0.9116
1980-03-06,0.9132
1980-03-07,0.9132
1980-03-10,0.9141
1980-03-11,0.9125
1980-03-12,0.9122
1980-03-13,0.9137
1980-03-14,0.9147
1980-03-17,0.9179
1980-03-18,0.9195
1980-03-19,0.9206
1980-03-20,0.9195
1980-03-21,0.9206
1980-03-24,0.921
1980-03-25,0.9212
1980-03-26,0.9204
1980-03-27,0.9234
1980-03-28,0.9234
1980-03-31,0.9244
1980-04-01,0.9281
1980-04-02,0.9335
1980-04-03,0.9331
1980-04-04,0.9346
1980-04-07,0.9372
1980-04-08,0.932
1980-04-09,0.9255
1980-04-10,0.9217
1980-04-11,0.9166
1980-04-14,0.9149
1980-04-15,0.9156
1980-04-16,0.9137
1980-04-17,0.9137
1980-04-18,0.9117
1980-04-21,0.9128
1980-04-22,0.912
1980-04-23,0.9091
1980-04-24,0.9042
1980-04-25,0.9042
1980-04-28,0.9005
1980-04-29,0.8967
1980-04-30,0.8969
1980-05-01,0.8975
1980-05-02,0.8981
1980-05-05,0.8977
1980-05-06,0.8921
1980-05-07,0.8897
1980-05-08,0.8898
1980-05-09,0.8894
1980-05-12,0.8865
1980-05-13,0.8853
1980-05-14,0.8846
1980-05-15,0.8857
1980-05-16,0.8873
1980-05-19,0.8857
1980-05-20,0.8838
1980-05-21,0.8818
1980-05-22,0.8794
1980-05-23,0.8768
1980-05-27,0.8707
1980-05-28,0.8726
1980-05-29,0.8726
1980-05-30,0.875
1980-06-02,0.8722
1980-06-03,0.8749
1980-06-04,0.8741
1980-06-05,0.8735
1980-06-06,0.8711
1980-06-09,0.8668
1980-06-10,0.8669
1980-06-11,0.8666
1980-06-12,0.8663
1980-06-13,0.8647
1980-06-16,0.8647
1980-06-17,0.8654
1980-06-18,0.8647
1980-06-19,0.8656
1980-06-20,0.8657
1980-06-23,0.8641
1980-06-24,0.8652
1980-06-25,0.8662
1980-06-26,0.8652
1980-06-27,0.8651
1980-06-30,0.8658
1980-07-01,0.8653
1980-07-02,0.8642
1980-07-03,0.8643
1980-07-07,0.8617
1980-07-08,0.8626
1980-07-09,0.8618
1980-07-10,0.8608
1980-07-11,0.8604
1980-07-14,0.8612
1980-07-15,0.8625
1980-07-16,0.8613
1980-07-17,0.8609
1980-07-18,0.8618
1980-07-21,0.8684
1980-07-22,0.8612
1980-07-23,0.8637
1980-07-24,0.8623
1980-07-25,0.863
1980-07-28,0.8638
1980-07-29,0.8649
1980-07-30,0.8656
1980-07-31,0.8684
1980-08-01,0.8691
1980-08-04,0.8684
1980-08-05,0.8664
1980-08-06,0.8649
1980-08-07,0.8657
1980-08-08,0.8657
1980-08-11,0.8654
1980-08-12,0.8637
1980-08-13,0.8624
1980-08-14,0.8628
1980-08-15,0.863
1980-08-18,0.8653
1980-08-19,0.8645
1980-08-20,0.8634
1980-08-21,0.8639
1980-08-22,0.8637
1980-08-25,0.8633
1980-08-26,0.8607
1980-08-27,0.8609
1980-08-28,0.8584
1980-08-29,0.8585
1980-09-02,0.8557
1980-09-03,0.8551
1980-09-04,0.8542
1980-09-05,0.8558
1980-09-08,0.855
1980-09-09,0.8549
1980-09-10,0.8549
1980-09-11,0.8539
1980-09-12,0.8528
1980-09-15,0.8529
1980-09-16,0.8535
1980-09-17,0.8525
1980-09-18,0.8533
1980-09-19,0.8531
1980-09-22,0.8538
1980-09-23,0.8566
1980-09-24,0.8564
1980-09-25,0.8546
1980-09-26,0.8547
1980-09-29,0.8553
1980-09-30,0.854
1980-10-01,0.8511
1980-10-02,0.8511
1980-10-03,0.8511
1980-10-06,0.8501
1980-10-07,0.8513
1980-10-08,0.8504
1980-10-09,0.8505
1980-10-10,0.8503
1980-10-14,0.8491
1980-10-15,0.8502
1980-10-16,0.8508
1980-10-17,0.8508
1980-10-20,0.8508
1980-10-21,0.8513
1980-10-22,0.8516
1980-10-23,0.8525
1980-10-24,0.8527
1980-10-27,0.8547
1980-10-28,0.8551
1980-10-29,0.8539
1980-10-30,0.8522
1980-10-31,0.8532
1980-11-03,0.8541
1980-11-05,0.8539
1980-11-06,0.8546
1980-11-07,0.8578
1980-11-10,0.8588
1980-11-12,0.8562
1980-11-13,0.8543
1980-11-14,0.856
1980-11-17,0.8568
1980-11-18,0.8576
1980-11-19,0.856
1980-11-20,0.8566
1980-11-21,0.8575
1980-11-24,0.8567
1980-11-25,0.857
1980-11-26,0.8582
1980-11-28,0.8591
1980-12-01,0.8604
1980-12-02,0.8591
1980-12-03,0.8595
1980-12-04,0.8579
1980-12-05,0.8578
1980-12-08,0.8551
1980-12-09,0.8569
1980-12-10,0.8562
1980-12-11,0.8598
1980-12-12,0.8596
1980-12-15,0.8574
1980-12-16,0.8587
1980-12-17,0.8587
1980-12-18,0.8581
1980-12-19,0.8569
1980-12-22,0.8555
1980-12-23,0.8522
1980-12-24,0.8511
1980-12-26,0.8503
1980-12-29,0.8511
1980-12-30,0.8475
1980-12-31,0.8465
1981-01-02,0.8473
1981-01-05,0.8441
1981-01-06,0.841
1981-01-07,0.841
1981-01-08,0.8428
1981-01-09,0.8437
1981-01-12,0.8475
1981-01-13,0.848
1981-01-14,0.8469
1981-01-15,0.8464
1981-01-16,0.8483
1981-01-19,0.8467
1981-01-20,0.8462
1981-01-21,0.8428
1981-01-22,0.8456
1981-01-23,0.8473
1981-01-26,0.8418
1981-01-27,0.8496
1981-01-28,0.8507
1981-01-29,0.8518
1981-01-30,0.8486
1981-02-02,0.8554
1981-02-03,0.859
1981-02-04,0.8572
1981-02-05,0.8579
1981-02-06,0.8579
1981-02-09,0.8579
1981-02-10,0.8581
1981-02-11,0.8582
1981-02-13,0.8654
1981-02-17,0.8654
1981-02-18,0.8624
1981-02-19,0.8626
1981-02-20,0.8569
1981-02-23,0.8573
1981-02-24,0.8602
1981-02-25,0.8613
1981-02-26,0.8632
1981-02-27,0.8658
1981-03-02,0.8684
1981-03-03,0.8687
1981-03-04,0.8649
1981-03-05,0.8657
1981-03-06,0.8658
1981-03-09,0.8644
1981-03-10,0.8606
1981-03-11,0.8613
1981-03-12,0.8612
1981-03-13,0.8604
1981-03-16,0.8585
1981-03-17,0.8576
1981-03-18,0.8546
1981-03-19,0.8535
1981-03-20,0.8524
1981-03-23,0.8546
1981-03-24,0.854
1981-03-25,0.8553
1981-03-26,0.8584
1981-03-27,0.8617
1981-03-30,0.8601
1981-03-31,0.857
1981-04-01,0.8593
1981-04-02,0.8608
1981-04-03,0.863
1981-04-06,0.8666
1981-04-07,0.8652
1981-04-08,0.8647
1981-04-09,0.8654
1981-04-10,0.8663
1981-04-13,0.8687
1981-04-14,0.8678
1981-04-15,0.8703
1981-04-16,0.8707
1981-04-17,0.8703
1981-04-20,0.8722
1981-04-21,0.8711
1981-04-22,0.8676
1981-04-23,0.8675
1981-04-24,0.8683
1981-04-27,0.8666
1981-04-28,0.8668
1981-04-29,0.8687
1981-04-30,0.8702
1981-05-01,0.8705
1981-05-04,0.8733
1981-05-05,0.8757
1981-05-06,0.875
1981-05-07,0.8764
1981-05-08,0.8745
1981-05-11,0.8751
1981-05-12,0.8765
1981-05-13,0.8776
1981-05-14,0.8807
1981-05-15,0.8809
1981-05-18,0.8785
1981-05-19,0.877
1981-05-20,0.8753
1981-05-21,0.8757
1981-05-22,0.8766
1981-05-26,0.8784
1981-05-27,0.8807
1981-05-28,0.8781
1981-05-29,0.8782
1981-06-01,0.8763
1981-06-02,0.8791
1981-06-03,0.8793
1981-06-04,0.8865
1981-06-05,0.8881
1981-06-08,0.8873
1981-06-09,0.8873
1981-06-10,0.883
1981-06-11,0.8832
1981-06-12,0.8811
1981-06-15,0.8745
1981-06-16,0.8722
1981-06-17,0.8702
1981-06-18,0.8713
1981-06-19,0.8726
1981-06-22,0.8718
1981-06-23,0.8692
1981-06-24,0.869
1981-06-25,0.8715
1981-06-26,0.8711
1981-06-29,0.8709
1981-06-30,0.8712
1981-07-01,0.872
1981-07-02,0.8711
1981-07-03,0.8733
1981-07-06,0.8736
1981-07-07,0.873
1981-07-08,0.8741
1981-07-09,0.8749
1981-07-10,0.8741
1981-07-13,0.8734
1981-07-14,0.8749
1981-07-15,0.8726
1981-07-16,0.8731
1981-07-17,0.8729
1981-07-20,0.8741
1981-07-21,0.8776
1981-07-22,0.876
1981-07-23,0.8773
1981-07-24,0.8768
1981-07-27,0.8765
1981-07-28,0.8781
1981-07-29,0.8776
1981-07-30,0.8797
1981-07-31,0.8809
1981-08-03,0.8879
1981-08-04,0.8909
1981-08-05,0.8867
1981-08-06,0.885
1981-08-07,0.8816
1981-08-10,0.8834
1981-08-11,0.8851
1981-08-12,0.8784
1981-08-13,0.8795
1981-08-14,0.8793
1981-08-17,0.8764
1981-08-18,0.8741
1981-08-19,0.8732
1981-08-20,0.8703
1981-08-21,0.8681
1981-08-24,0.8682
1981-08-25,0.8726
1981-08-26,0.872
1981-08-27,0.8718
1981-08-28,0.8699
1981-08-31,0.8699
1981-09-01,0.8726
1981-09-02,0.8707
1981-09-03,0.8703
1981-09-04,0.8699
1981-09-08,0.8743
1981-09-09,0.8765
1981-09-10,0.8741
1981-09-11,0.8753
1981-09-14,0.872
1981-09-15,0.8669
1981-09-16,0.8653
1981-09-17,0.8647
1981-09-18,0.8646
1981-09-21,0.8639
1981-09-22,0.8639
1981-09-23,0.8687
1981-09-24,0.8715
1981-09-25,0.8729
1981-09-28,0.8759
1981-09-29,0.874
1981-09-30,0.875
1981-10-01,0.8749
1981-10-02,0.8734
1981-10-05,0.8696
1981-10-06,0.8707
1981-10-07,0.8672
1981-10-08,0.8669
1981-10-09,0.8657
1981-10-13,0.8681
1981-10-14,0.8701
1981-10-15,0.8726
1981-10-16,0.8756
1981-10-19,0.8751
1981-10-20,0.8764
1981-10-21,0.8795
1981-10-22,0.8804
1981-10-23,0.8783
1981-10-26,0.8827
1981-10-27,0.8821
1981-10-28,0.8812
1981-10-29,0.8807
1981-10-30,0.8795
1981-11-02,0.8752
1981-11-04,0.8747
1981-11-05,0.8744
1981-11-06,0.8749
1981-11-09,0.8742
1981-11-10,0.8766
1981-11-12,0.8745
1981-11-13,0.8741
1981-11-16,0.874
1981-11-17,0.8741
1981-11-18,0.8725
1981-11-19,0.8717
1981-11-20,0.873
1981-11-23,0.872
1981-11-24,0.8709
1981-11-25,0.8698
1981-11-27,0.869
1981-11-30,0.8682
1981-12-01,0.8711
1981-12-02,0.8717
1981-12-03,0.8748
1981-12-04,0.8739
1981-12-07,0.8749
1981-12-08,0.8783
1981-12-09,0.878
1981-12-10,0.8811
1981-12-11,0.8824
1981-12-14,0.8846
1981-12-15,0.8826
1981-12-16,0.8842
1981-12-17,0.8834
1981-12-18,0.8853
1981-12-21,0.8858
1981-12-22,0.8853
1981-12-23,0.8869
1981-12-24,0.8881
1981-12-28,0.8889
1981-12-29,0.8883
1981-12-30,0.8861
1981-12-31,0.8865
1982-01-04,0.8857
1982-01-05,0.8868
1982-01-06,0.8869
1982-01-07,0.8899
1982-01-08,0.8897
1982-01-11,0.8933
1982-01-12,0.8937
1982-01-13,0.8953
1982-01-14,0.8977
1982-01-15,0.8977
1982-01-18,0.8977
1982-01-19,0.8975
1982-01-20,0.8986
1982-01-21,0.8989
1982-01-22,0.9017
1982-01-25,0.9054
1982-01-26,0.9048
1982-01-27,0.9069
1982-01-28,0.9099
1982-01-29,0.9149
1982-02-01,0.9127
1982-02-02,0.9135
1982-02-03,0.9158
1982-02-04,0.9142
1982-02-05,0.9162
1982-02-08,0.9168
1982-02-09,0.9206
1982-02-10,0.9198
1982-02-11,0.92
1982-02-16,0.92
1982-02-17,0.9291
1982-02-18,0.9259
1982-02-19,0.9248
1982-02-22,0.924
1982-02-23,0.9281
1982-02-24,0.9279
1982-02-25,0.93
1982-02-26,0.9315
1982-03-01,0.9346
1982-03-02,0.9345
1982-03-03,0.9341
1982-03-04,0.9355
1982-03-05,0.9348
1982-03-08,0.9355
1982-03-09,0.9398
1982-03-10,0.9403
1982-03-11,0.9427
1982-03-12,0.9438
1982-03-15,0.9446
1982-03-16,0.9435
1982-03-17,0.9432
1982-03-18,0.9445
1982-03-19,0.9465
1982-03-22,0.9479
1982-03-23,0.9479
1982-03-24,0.9461
1982-03-25,0.9488
1982-03-26,0.9495
1982-03-29,0.9519
1982-03-30,0.951
1982-03-31,0.9529
1982-04-01,0.9506
1982-04-02,0.9514
1982-04-05,0.9537
1982-04-06,0.9544
1982-04-07,0.9527
1982-04-08,0.9583
1982-04-09,0.9569
1982-04-12,0.9548
1982-04-13,0.954
1982-04-14,0.9544
1982-04-15,0.9547
1982-04-16,0.9544
1982-04-19,0.9519
1982-04-20,0.9504
1982-04-21,0.9499
1982-04-22,0.9492
1982-04-23,0.9487
1982-04-26,0.9477
1982-04-27,0.9465
1982-04-28,0.9445
1982-04-29,0.9425
1982-04-30,0.9422
1982-05-03,0.9422
1982-05-04,0.9438
1982-05-05,0.9422
1982-05-06,0.9381
1982-05-07,0.9363
1982-05-10,0.9381
1982-05-11,0.9378
1982-05-12,0.939
1982-05-13,0.9418
1982-05-14,0.942
1982-05-17,0.9447
1982-05-18,0.9459
1982-05-19,0.9488
1982-05-20,0.948
1982-05-21,0.9454
1982-05-24,0.9454
1982-05-25,0.9479
1982-05-26,0.9489
1982-05-27,0.9515
1982-05-28,0.9521
1982-06-01,0.956
1982-06-02,0.9564
1982-06-03,0.9543
1982-06-04,0.9545
1982-06-07,0.9564
1982-06-08,0.959
1982-06-09,0.9614
1982-06-10,0.9631
1982-06-11,0.9615
1982-06-14,0.9674
1982-06-15,0.9678
1982-06-16,0.9706
1982-06-17,0.9741
1982-06-18,0.9768
1982-06-21,0.9793
1982-06-22,0.9774
1982-06-23,0.9787
1982-06-24,0.9778
1982-06-25,0.9799
1982-06-28,0.9835
1982-06-29,0.9799
1982-06-30,0.9784
1982-07-01,0.9803
1982-07-02,0.9805
1982-07-06,0.9842
1982-07-07,0.9872
1982-07-08,0.9678
1982-07-09,0.9844
1982-07-12,0.9845
1982-07-13,0.9888
1982-07-14,0.9883
1982-07-15,0.988
1982-07-16,0.9878
1982-07-19,0.987
1982-07-20,0.9886
1982-07-21,0.9892
1982-07-22,0.991
1982-07-23,0.996
1982-07-26,0.9921
1982-07-27,0.9956
1982-07-28,0.999
1982-07-29,1.003
1982-07-30,1.0111
1982-08-02,1.0035
1982-08-03,1.0047
1982-08-04,1.0111
1982-08-05,1.0133
1982-08-06,1.0154
1982-08-09,1.0201
1982-08-10,1.0207
1982-08-11,1.0226
1982-08-12,1.0262
1982-08-13,1.026
1982-08-16,1.0289
1982-08-17,1.0305
1982-08-18,1.0267
1982-08-19,1.0301
1982-08-20,1.0249
1982-08-23,1.0235
1982-08-24,1.0193
1982-08-25,1.018
1982-08-26,1.0215
1982-08-27,1.0288
1982-08-30,1.0355
1982-08-31,1.0371
1982-09-01,1.0347
1982-09-02,1.0311
1982-09-03,1.0341
1982-09-07,1.0338
1982-09-08,1.0373
1982-09-09,1.0361
1982-09-10,1.0408
1982-09-13,1.0466
1982-09-14,1.0452
1982-09-15,1.0452
1982-09-16,1.0468
1982-09-17,1.0437
1982-09-20,1.0454
1982-09-21,1.0467
1982-09-22,1.0452
1982-09-23,1.0457
1982-09-24,1.0482
1982-09-27,1.0515
1982-09-28,1.0535
1982-09-29,1.0532
1982-09-30,1.0532
1982-10-01,1.0542
1982-10-04,1.0573
1982-10-05,1.0601
1982-10-06,1.0601
1982-10-07,1.056
1982-10-08,1.051
1982-10-12,1.0495
1982-10-13,1.0526
1982-10-14,1.0542
1982-10-15,1.058
1982-10-18,1.0579
1982-10-19,1.0576
1982-10-20,1.0615
1982-10-21,1.0627
1982-10-22,1.0636
1982-10-25,1.0667
1982-10-26,1.0684
1982-10-27,1.0681
1982-10-28,1.0702
1982-10-29,1.0686
1982-11-01,1.0686
1982-11-03,1.0693
1982-11-04,1.0715
1982-11-05,1.0704
1982-11-08,1.0707
1982-11-09,1.0677
1982-11-10,1.0621
1982-11-12,1.0645
1982-11-15,1.0647
1982-11-16,1.0618
1982-11-17,1.0622
1982-11-18,1.0624
1982-11-19,1.0578
1982-11-22,1.0544
1982-11-23,1.0565
1982-11-24,1.052
1982-11-26,1.0484
1982-11-29,1.0466
1982-11-30,1.044
1982-12-01,1.0428
1982-12-02,1.0398
1982-12-03,1.0389
1982-12-06,1.0364
1982-12-07,1.0368
1982-12-08,1.0362
1982-12-09,1.0393
1982-12-10,1.0381
1982-12-13,1.0425
1982-12-14,1.0405
1982-12-15,1.0391
1982-12-16,1.0363
1982-12-17,1.0365
1982-12-20,1.0339
1982-12-21,1.0311
1982-12-22,1.029
1982-12-23,1.0291
1982-12-24,1.0267
1982-12-27,1.026
1982-12-28,1.0199
1982-12-29,1.0182
1982-12-30,1.0194
1982-12-31,1.0204
1983-01-03,1.0163
1983-01-04,1.015
1983-01-05,1.0127
1983-01-06,1.0136
1983-01-07,1.0126
1983-01-10,1.0106
1983-01-11,1.0106
1983-01-12,1.0111
1983-01-13,1.0096
1983-01-14,1.0115
1983-01-17,1.0108
1983-01-18,1.0156
1983-01-19,1.0194
1983-01-20,1.0206
1983-01-21,1.022
1983-01-24,1.0274
1983-01-25,1.0215
1983-01-26,1.0256
1983-01-27,1.0256
1983-01-28,1.0275
1983-01-31,1.0334
1983-02-01,1.0333
1983-02-02,1.0379
1983-02-03,1.0357
1983-02-04,1.0373
1983-02-07,1.0347
1983-02-08,1.032
1983-02-09,1.0307
1983-02-10,1.0307
1983-02-11,1.0303
1983-02-14,1.0312
1983-02-15,1.031
1983-02-16,1.0299
1983-02-17,1.0321
1983-02-18,1.0327
1983-02-22,1.0373
1983-02-23,1.0394
1983-02-24,1.04
1983-02-25,1.0406
1983-02-28,1.0477
1983-03-01,1.0532
1983-03-02,1.0524
1983-03-03,1.0537
1983-03-04,1.0565
1983-03-07,1.0543
1983-03-08,1.1716
1983-03-09,1.1726
1983-03-10,1.1651
1983-03-11,1.1655
1983-03-14,1.1425
1983-03-15,1.1434
1983-03-16,1.1442
1983-03-17,1.1455
1983-03-18,1.1521
1983-03-21,1.1534
1983-03-22,1.1533
1983-03-23,1.1534
1983-03-24,1.1507
1983-03-25,1.1529
1983-03-28,1.1557
1983-03-29,1.1558
1983-03-30,1.155
1983-03-31,1.1571
1983-04-01,1.1567
1983-04-04,1.1558
1983-04-05,1.1547
1983-04-06,1.1537
1983-04-07,1.1545
1983-04-08,1.1554
1983-04-11,1.1527
1983-04-12,1.1526
1983-04-13,1.1537
1983-04-14,1.1521
1983-04-15,1.1507
1983-04-18,1.1506
1983-04-19,1.1502
1983-04-20,1.1517
1983-04-21,1.1504
1983-04-22,1.151
1983-04-25,1.1494
1983-04-26,1.1518
1983-04-27,1.1505
1983-04-28,1.1526
1983-04-29,1.1533
1983-05-02,1.1521
1983-05-03,1.1514
1983-05-04,1.148
1983-05-05,1.1474
1983-05-06,1.1478
1983-05-09,1.1457
1983-05-10,1.1457
1983-05-11,1.1387
1983-05-12,1.1337
1983-05-13,1.1299
1983-05-16,1.1288
1983-05-17,1.1319
1983-05-18,1.1319
1983-05-19,1.1343
1983-05-20,1.1337
1983-05-23,1.1346
1983-05-24,1.1344
1983-05-25,1.1338
1983-05-26,1.1331
1983-05-27,1.1325
1983-05-31,1.1349
1983-06-01,1.1361
1983-06-02,1.1338
1983-06-03,1.1356
1983-06-06,1.1364
1983-06-07,1.1377
1983-06-08,1.139
1983-06-09,1.1413
1983-06-10,1.1406
1983-06-13,1.1397
1983-06-14,1.1438
1983-06-15,1.1432
1983-06-16,1.1416
1983-06-17,1.1425
1983-06-20,1.1418
1983-06-21,1.1414
1983-06-22,1.1393
1983-06-23,1.1386
1983-06-24,1.138
1983-06-27,1.1426
1983-06-28,1.1418
1983-06-29,1.1429
1983-06-30,1.1425
1983-07-01,1.1413
1983-07-05,1.1446
1983-07-06,1.1448
1983-07-07,1.1464
1983-07-08,1.1451
1983-07-11,1.1455
1983-07-12,1.1461
1983-07-13,1.1471
1983-07-14,1.1461
1983-07-15,1.1488
1983-07-18,1.1481
1983-07-19,1.1451
1983-07-20,1.1429
1983-07-21,1.1366
1983-07-22,1.1373
1983-07-25,1.136
1983-07-26,1.1377
1983-07-27,1.1362
1983-07-28,1.1348
1983-07-29,1.1362
1983-08-01,1.1377
1983-08-02,1.1392
1983-08-03,1.1412
1983-08-04,1.1418
1983-08-05,1.1434
1983-08-08,1.1435
1983-08-09,1.1413
1983-08-10,1.1444
1983-08-11,1.1473
1983-08-12,1.1474
1983-08-15,1.1439
1983-08-16,1.1356
1983-08-17,1.1346
1983-08-18,1.1306
1983-08-19,1.132
1983-08-22,1.1287
1983-08-23,1.1256
1983-08-24,1.1287
1983-08-25,1.1259
1983-08-26,1.1333
1983-08-29,1.1361
1983-08-30,1.1374
1983-08-31,1.1387
1983-09-01,1.1405
1983-09-02,1.1413
1983-09-06,1.1396
1983-09-07,1.1408
1983-09-08,1.141
1983-09-09,1.1369
1983-09-12,1.1285
1983-09-13,1.1269
1983-09-14,1.1288
1983-09-15,1.1268
1983-09-16,1.1285
1983-09-19,1.1255
1983-09-20,1.1237
1983-09-21,1.1211
1983-09-22,1.1197
1983-09-23,1.1176
1983-09-26,1.1131
1983-09-27,1.115
1983-09-28,1.114
1983-09-29,1.1148
1983-09-30,1.1147
1983-10-03,1.1137
1983-10-04,1.1115
1983-10-05,1.1047
1983-10-06,1.0954
1983-10-07,1.0939
1983-10-11,1.0922
1983-10-12,1.0965
1983-10-13,1.0975
1983-10-14,1.0973
1983-10-17,1.0903
1983-10-18,1.0904
1983-10-19,1.091
1983-10-20,1.0911
1983-10-21,1.0851
1983-10-24,1.0881
1983-10-25,1.0878
1983-10-26,1.0899
1983-10-27,1.0896
1983-10-28,1.0886
1983-10-31,1.0947
1983-11-01,1.0949
1983-11-02,1.0947
1983-11-03,1.093
1983-11-04,1.0977
1983-11-07,1.0979
1983-11-09,1.0959
1983-11-10,1.0906
1983-11-14,1.0886
1983-11-15,1.0852
1983-11-16,1.0874
1983-11-17,1.0905
1983-11-18,1.0896
1983-11-21,1.0883
1983-11-22,1.0859
1983-11-23,1.0864
1983-11-25,1.0927
1983-11-28,1.0947
1983-11-29,1.0972
1983-11-30,1.0933
1983-12-01,1.0753
1983-12-02,1.0905
1983-12-05,1.1008
1983-12-06,1.1007
1983-12-07,1.1017
1983-12-08,1.113
1983-12-09,1.1001
1983-12-12,1.0989
1983-12-13,1.1093
1983-12-14,1.1211
1983-12-15,1.1136
1983-12-16,1.1198
1983-12-19,1.1377
1983-12-20,1.1396
1983-12-21,1.1287
1983-12-22,1.1093
1983-12-23,1.1111
1983-12-27,1.1111
1983-12-28,1.1126
1983-12-29,1.1154
1983-12-30,1.1154
1984-01-03,1.1142
1984-01-04,1.1142
1984-01-05,1.1117
1984-01-06,1.0995
1984-01-09,1.0979
1984-01-10,1.1005
1984-01-11,1.1095
1984-01-12,1.1068
1984-01-13,1.1019
1984-01-16,1.1044
1984-01-17,1.1074
1984-01-18,1.1105
1984-01-19,1.1101
1984-01-20,1.1084
1984-01-23,1.1068
1984-01-24,1.1044
1984-01-25,1.1007
1984-01-26,1.0977
1984-01-27,1.0919
1984-01-30,1.0903
1984-01-31,1.0903
1984-02-01,1.0858
1984-02-02,1.0832
1984-02-03,1.0852
1984-02-06,1.0852
1984-02-07,1.0848
1984-02-08,1.0778
1984-02-09,1.0735
1984-02-10,1.0749
1984-02-14,1.0699
1984-02-15,1.065
1984-02-16,1.0591
1984-02-17,1.0578
1984-02-21,1.0638
1984-02-22,1.0621
1984-02-23,1.059
1984-02-24,1.0599
1984-02-27,1.0607
1984-02-28,1.0592
1984-02-29,1.0599
1984-03-01,1.0591
1984-03-02,1.0594
1984-03-05,1.0471
1984-03-06,1.0468
1984-03-07,1.0482
1984-03-08,1.0494
1984-03-09,1.048
1984-03-12,1.0469
1984-03-13,1.0384
1984-03-14,1.0365
1984-03-15,1.0373
1984-03-16,1.0379
1984-03-19,1.0467
1984-03-20,1.0455
1984-03-21,1.0515
1984-03-22,1.0633
1984-03-23,1.0616
1984-03-26,1.0504
1984-03-27,1.0543
1984-03-28,1.0663
1984-03-29,1.0653
1984-03-30,1.0681
1984-04-02,1.0661
1984-04-03,1.0633
1984-04-04,1.0635
1984-04-05,1.0776
1984-04-06,1.086
1984-04-09,1.0953
1984-04-10,1.0887
1984-04-11,1.0793
1984-04-12,1.0884
1984-04-13,1.0897
1984-04-16,1.0899
1984-04-17,1.086
1984-04-18,1.0844
1984-04-19,1.0845
1984-04-20,1.084
1984-04-23,1.0846
1984-04-24,1.0893
1984-04-25,1.0875
1984-04-26,1.0875
1984-04-27,1.0881
1984-04-30,1.0881
1984-05-01,1.0828
1984-05-02,1.0768
1984-05-03,1.0718
1984-05-04,1.0796
1984-05-07,1.0929
1984-05-08,1.0975
1984-05-09,1.0987
1984-05-10,1.1069
1984-05-11,1.1104
1984-05-14,1.1167
1984-05-15,1.1123
1984-05-16,1.1071
1984-05-17,1.1136
1984-05-18,1.1184
1984-05-21,1.1163
1984-05-22,1.1135
1984-05-23,1.1068
1984-05-24,1.1093
1984-05-25,1.1136
1984-05-29,1.1127
1984-05-30,1.1128
1984-05-31,1.1123
1984-06-01,1.1071
1984-06-04,1.1068
1984-06-05,1.1189
1984-06-06,1.1146
1984-06-07,1.1161
1984-06-08,1.1148
1984-06-11,1.1151
1984-06-12,1.1189
1984-06-13,1.1207
1984-06-14,1.1211
1984-06-15,1.1293
1984-06-18,1.1338
1984-06-19,1.1321
1984-06-20,1.1422
1984-06-21,1.1514
1984-06-22,1.1514
1984-06-25,1.1696
1984-06-26,1.1614
1984-06-27,1.1621
1984-06-28,1.1537
1984-06-29,1.1608
1984-07-02,1.1651
1984-07-03,1.1605
1984-07-05,1.1806
1984-07-06,1.1876
1984-07-09,1.2045
1984-07-10,1.1962
1984-07-11,1.2019
1984-07-12,1.2063
1984-07-13,1.1969
1984-07-16,1.194
1984-07-17,1.2034
1984-07-18,1.2111
1984-07-19,1.2048
1984-07-20,1.2088
1984-07-23,1.2213
1984-07-24,1.2114
1984-07-25,1.1992
1984-07-26,1.2005
1984-07-27,1.2077
1984-07-30,1.2063
1984-07-31,1.2099
1984-08-01,1.2026
1984-08-02,1.1957
1984-08-03,1.1862
1984-08-06,1.1888
1984-08-07,1.1891
1984-08-08,1.1867
1984-08-09,1.1893
1984-08-10,1.1862
1984-08-13,1.1884
1984-08-14,1.1876
1984-08-15,1.1841
1984-08-16,1.1693
1984-08-17,1.173
1984-08-20,1.1686
1984-08-21,1.1726
1984-08-22,1.1703
1984-08-23,1.1669
1984-08-24,1.1689
1984-08-27,1.1693
1984-08-28,1.1748
1984-08-29,1.1716
1984-08-30,1.1779
1984-08-31,1.1781
1984-09-04,1.1912
1984-09-05,1.2092
1984-09-06,1.1998
1984-09-07,1.2077
1984-09-10,1.2048
1984-09-11,1.1998
1984-09-12,1.2003
1984-09-13,1.2041
1984-09-14,1.2026
1984-09-17,1.2108
1984-09-18,1.2085
1984-09-19,1.2057
1984-09-20,1.2099
1984-09-21,1.2005
1984-09-24,1.2012
1984-09-25,1.2058
1984-09-26,1.2042
1984-09-27,1.1983
1984-09-28,1.2063
1984-10-01,1.2019
1984-10-02,1.2019
1984-10-03,1.1995
1984-10-04,1.2015
1984-10-05,1.2005
1984-10-09,1.2005
1984-10-10,1.2035
1984-10-11,1.2032
1984-10-12,1.2026
1984-10-15,1.2058
1984-10-16,1.206
1984-10-17,1.2035
1984-10-18,1.2028
1984-10-19,1.1996
1984-10-22,1.1983
1984-10-23,1.1947
1984-10-24,1.1779
1984-10-25,1.177
1984-10-26,1.1792
1984-10-29,1.1882
1984-10-30,1.1811
1984-10-31,1.1762
1984-11-01,1.1682
1984-11-02,1.165
1984-11-05,1.1601
1984-11-07,1.1583
1984-11-08,1.1574
1984-11-09,1.1628
1984-11-13,1.1579
1984-11-14,1.1617
1984-11-15,1.1641
1984-11-16,1.1629
1984-11-19,1.1656
1984-11-20,1.1677
1984-11-21,1.1719
1984-11-23,1.1671
1984-11-26,1.1719
1984-11-27,1.1675
1984-11-28,1.1643
1984-11-29,1.1618
1984-11-30,1.1666
1984-12-03,1.1707
1984-12-04,1.1689
1984-12-05,1.1703
1984-12-06,1.1737
1984-12-07,1.1781
1984-12-10,1.1884
1984-12-11,1.1854
1984-12-12,1.1816
1984-12-13,1.1875
1984-12-14,1.1955
1984-12-17,1.1923
1984-12-18,1.1962
1984-12-19,1.2011
1984-12-20,1.2022
1984-12-21,1.1995
1984-12-24,1.1955
1984-12-26,1.1998
1984-12-27,1.2063
1984-12-28,1.2073
1984-12-31,1.2121
1985-01-02,1.2249
1985-01-03,1.2271
1985-01-04,1.2311
1985-01-07,1.2435
1985-01-08,1.2318
1985-01-09,1.2277
1985-01-10,1.2217
1985-01-11,1.2165
1985-01-14,1.2238
1985-01-15,1.2268
1985-01-16,1.2219
1985-01-17,1.2222
1985-01-18,1.2273
1985-01-22,1.2296
1985-01-23,1.2326
1985-01-24,1.2258
1985-01-25,1.2262
1985-01-28,1.2252
1985-01-29,1.2255
1985-01-30,1.2252
1985-01-31,1.2288
1985-02-01,1.2373
1985-02-04,1.2606
1985-02-05,1.2845
1985-02-06,1.2811
1985-02-07,1.3193
1985-02-08,1.2987
1985-02-11,1.318
1985-02-13,1.3569
1985-02-14,1.3407
1985-02-15,1.355
1985-02-19,1.4771
1985-02-20,1.4663
1985-02-21,1.3937
1985-02-22,1.4205
1985-02-25,1.4409
1985-02-26,1.4225
1985-02-27,1.3947
1985-02-28,1.4085
1985-03-01,1.4114
1985-03-04,1.4215
1985-03-05,1.4461
1985-03-06,1.468
1985-03-07,1.4478
1985-03-08,1.4493
1985-03-11,1.4225
1985-03-12,1.4368
1985-03-13,1.4399
1985-03-14,1.4489
1985-03-15,1.4518
1985-03-18,1.4451
1985-03-19,1.4337
1985-03-20,1.4388
1985-03-21,1.4164
1985-03-22,1.4286
1985-03-25,1.4358
1985-03-26,1.4306
1985-03-27,1.4094
1985-03-28,1.4225
1985-03-29,1.4286
1985-04-01,1.4771
1985-04-02,1.4826
1985-04-03,1.5152
1985-04-04,1.5385
1985-04-05,1.5337
1985-04-08,1.5326
1985-04-09,1.4981
1985-04-10,1.4914
1985-04-11,1.487
1985-04-12,1.4937
1985-04-15,1.4925
1985-04-16,1.5015
1985-04-17,1.5588
1985-04-18,1.5456
1985-04-19,1.5528
1985-04-22,1.5785
1985-04-23,1.5576
1985-04-24,1.5198
1985-04-25,1.4859
1985-04-26,1.5038
1985-04-29,1.5279
1985-04-30,1.5516
1985-05-01,1.548
1985-05-02,1.5314
1985-05-03,1.5152
1985-05-06,1.506
1985-05-07,1.4914
1985-05-08,1.4648
1985-05-09,1.4461
1985-05-10,1.444
1985-05-13,1.4327
1985-05-14,1.4451
1985-05-15,1.4571
1985-05-16,1.4728
1985-05-17,1.4624
1985-05-20,1.4388
1985-05-21,1.4482
1985-05-22,1.4451
1985-05-23,1.4749
1985-05-24,1.4674
1985-05-28,1.5072
1985-05-29,1.506
1985-05-30,1.5076
1985-05-31,1.5078
1985-06-03,1.5072
1985-06-04,1.5106
1985-06-05,1.5186
1985-06-06,1.5106
1985-06-07,1.5053
1985-06-10,1.511
1985-06-11,1.5053
1985-06-12,1.4914
1985-06-13,1.5038
1985-06-14,1.5015
1985-06-17,1.5056
1985-06-18,1.5015
1985-06-19,1.4986
1985-06-20,1.5042
1985-06-21,1.5026
1985-06-24,1.5049
1985-06-25,1.5004
1985-06-26,1.4919
1985-06-27,1.5004
1985-06-28,1.4959
1985-07-01,1.4975
1985-07-02,1.5011
1985-07-03,1.4952
1985-07-05,1.4815
1985-07-08,1.4732
1985-07-09,1.4663
1985-07-10,1.4455
1985-07-11,1.4265
1985-07-12,1.4278
1985-07-15,1.4188
1985-07-16,1.4088
1985-07-17,1.401
1985-07-18,1.4031
1985-07-19,1.3957
1985-07-22,1.4045
1985-07-23,1.399
1985-07-24,1.4154
1985-07-25,1.4134
1985-07-26,1.4144
1985-07-29,1.3914
1985-07-30,1.4065
1985-07-31,1.3839
1985-08-01,1.3966
1985-08-02,1.3937
1985-08-05,1.3918
1985-08-06,1.4055
1985-08-07,1.4174
1985-08-08,1.4194
1985-08-09,1.4124
1985-08-12,1.398
1985-08-13,1.4035
1985-08-14,1.418
1985-08-15,1.4358
1985-08-16,1.4229
1985-08-19,1.4164
1985-08-20,1.4104
1985-08-21,1.4154
1985-08-22,1.4164
1985-08-23,1.4205
1985-08-26,1.4235
1985-08-27,1.4306
1985-08-28,1.4225
1985-08-29,1.4225
1985-08-30,1.4255
1985-09-03,1.4556
1985-09-04,1.4609
1985-09-05,1.4497
1985-09-06,1.4613
1985-09-09,1.4981
1985-09-10,1.4821
1985-09-11,1.4881
1985-09-12,1.4861
1985-09-13,1.4749
1985-09-16,1.4695
1985-09-17,1.4648
1985-09-18,1.4663
1985-09-19,1.4674
1985-09-20,1.4316
1985-09-23,1.4215
1985-09-24,1.4144
1985-09-25,1.4025
1985-09-26,1.3899
1985-09-27,1.4065
1985-09-30,1.4245
1985-10-01,1.4065
1985-10-02,1.41
1985-10-03,1.4045
1985-10-04,1.413
1985-10-07,1.4209
1985-10-08,1.4215
1985-10-09,1.4364
1985-10-10,1.4241
1985-10-11,1.4219
1985-10-15,1.4286
1985-10-16,1.4306
1985-10-17,1.4223
1985-10-18,1.419
1985-10-21,1.4225
1985-10-22,1.4259
1985-10-23,1.4358
1985-10-24,1.4312
1985-10-25,1.4302
1985-10-28,1.4286
1985-10-29,1.4292
1985-10-30,1.4265
1985-10-31,1.4306
1985-11-01,1.4337
1985-11-04,1.4641
1985-11-05,1.4963
1985-11-06,1.5117
1985-11-07,1.5049
1985-11-08,1.4859
1985-11-12,1.5129
1985-11-13,1.5078
1985-11-14,1.493
1985-11-15,1.4859
1985-11-18,1.4848
1985-11-19,1.4771
1985-11-20,1.4734
1985-11-21,1.4658
1985-11-22,1.4529
1985-11-25,1.4459
1985-11-26,1.4465
1985-11-27,1.4543
1985-11-29,1.4579
1985-12-02,1.4793
1985-12-03,1.4771
1985-12-04,1.4689
1985-12-05,1.4674
1985-12-06,1.4684
1985-12-09,1.4736
1985-12-10,1.4738
1985-12-11,1.462
1985-12-12,1.4605
1985-12-13,1.4592
1985-12-16,1.465
1985-12-17,1.471
1985-12-18,1.4715
1985-12-19,1.4646
1985-12-20,1.4648
1985-12-23,1.4706
1985-12-24,1.4663
1985-12-26,1.4663
1985-12-27,1.4658
1985-12-30,1.4684
1985-12-31,1.4667
1986-01-02,1.4663
1986-01-03,1.4684
1986-01-06,1.4691
1986-01-07,1.4524
1986-01-08,1.4522
1986-01-09,1.4358
1986-01-10,1.4376
1986-01-13,1.4413
1986-01-14,1.447
1986-01-15,1.442
1986-01-16,1.4255
1986-01-17,1.431
1986-01-21,1.428
1986-01-22,1.4043
1986-01-23,1.4013
1986-01-24,1.4055
1986-01-27,1.4029
1986-01-28,1.4
1986-01-29,1.3984
1986-01-30,1.3986
1986-01-31,1.401
1986-02-03,1.4188
1986-02-04,1.4436
1986-02-05,1.4403
1986-02-06,1.4271
1986-02-07,1.4403
1986-02-10,1.4409
1986-02-11,1.4507
1986-02-12,1.4601
1986-02-13,1.4468
1986-02-14,1.4249
1986-02-18,1.4188
1986-02-19,1.4104
1986-02-20,1.4184
1986-02-21,1.4235
1986-02-24,1.4207
1986-02-25,1.4118
1986-02-26,1.4112
1986-02-27,1.4347
1986-02-28,1.43
1986-03-03,1.4362
1986-03-04,1.4265
1986-03-05,1.4229
1986-03-06,1.4273
1986-03-07,1.4243
1986-03-10,1.4253
1986-03-11,1.4184
1986-03-12,1.4205
1986-03-13,1.4194
1986-03-14,1.4221
1986-03-17,1.4118
1986-03-18,1.4029
1986-03-19,1.4085
1986-03-20,1.4023
1986-03-21,1.4011
1986-03-24,1.3926
1986-03-25,1.387
1986-03-26,1.4037
1986-03-27,1.4043
1986-03-28,1.4035
1986-03-31,1.4053
1986-04-01,1.385
1986-04-02,1.3891
1986-04-03,1.398
1986-04-04,1.3947
1986-04-07,1.3935
1986-04-08,1.3889
1986-04-09,1.3926
1986-04-10,1.4002
1986-04-11,1.3966
1986-04-14,1.3951
1986-04-15,1.4004
1986-04-16,1.3935
1986-04-17,1.3965
1986-04-18,1.3937
1986-04-21,1.3879
1986-04-22,1.3704
1986-04-23,1.3699
1986-04-24,1.3687
1986-04-25,1.3686
1986-04-28,1.355
1986-04-29,1.3512
1986-04-30,1.3501
1986-05-01,1.36
1986-05-02,1.3611
1986-05-05,1.3535
1986-05-06,1.3596
1986-05-07,1.3559
1986-05-08,1.345
1986-05-09,1.3426
1986-05-12,1.3396
1986-05-13,1.3686
1986-05-14,1.4065
1986-05-15,1.399
1986-05-16,1.3873
1986-05-19,1.377
1986-05-20,1.3827
1986-05-21,1.3883
1986-05-22,1.401
1986-05-23,1.3941
1986-05-27,1.3881
1986-05-28,1.3866
1986-05-29,1.3889
1986-05-30,1.399
1986-06-02,1.4144
1986-06-03,1.4273
1986-06-04,1.428
1986-06-05,1.4447
1986-06-06,1.4306
1986-06-09,1.4353
1986-06-10,1.4388
1986-06-11,1.4524
1986-06-12,1.4486
1986-06-13,1.4436
1986-06-16,1.4386
1986-06-17,1.4428
1986-06-18,1.4451
1986-06-19,1.444
1986-06-20,1.448
1986-06-23,1.4652
1986-06-24,1.4728
1986-06-25,1.497
1986-06-26,1.4986
1986-06-27,1.4919
1986-06-30,1.4848
1986-07-01,1.527
1986-07-02,1.5458
1986-07-03,1.576
1986-07-07,1.5699
1986-07-08,1.6028
1986-07-09,1.5823
1986-07-10,1.5823
1986-07-11,1.5672
1986-07-14,1.5579
1986-07-15,1.5601
1986-07-16,1.5696
1986-07-17,1.5704
1986-07-18,1.5669
1986-07-21,1.5593
1986-07-22,1.5694
1986-07-23,1.5967
1986-07-24,1.6324
1986-07-25,1.6625
1986-07-28,1.638
1986-07-29,1.6412
1986-07-30,1.6383
1986-07-31,1.6781
1986-08-01,1.6523
1986-08-04,1.6628
1986-08-05,1.6234
1986-08-06,1.6129
1986-08-07,1.6377
1986-08-08,1.6437
1986-08-11,1.648
1986-08-12,1.6439
1986-08-13,1.6297
1986-08-14,1.6095
1986-08-15,1.6044
1986-08-18,1.5997
1986-08-19,1.5873
1986-08-20,1.6345
1986-08-21,1.6353
1986-08-22,1.6474
1986-08-25,1.6523
1986-08-26,1.6477
1986-08-27,1.642
1986-08-28,1.6434
1986-08-29,1.642
1986-09-02,1.6412
1986-09-03,1.6329
1986-09-04,1.6228
1986-09-05,1.6231
1986-09-08,1.6247
1986-09-09,1.6311
1986-09-10,1.6461
1986-09-11,1.6194
1986-09-12,1.6139
1986-09-15,1.5974
1986-09-16,1.6008
1986-09-17,1.6044
1986-09-18,1.5992
1986-09-19,1.5916
1986-09-22,1.5858
1986-09-23,1.581
1986-09-24,1.586
1986-09-25,1.5858
1986-09-26,1.5893
1986-09-29,1.5936
1986-09-30,1.5926
1986-10-01,1.5853
1986-10-02,1.5848
1986-10-03,1.5765
1986-10-06,1.5746
1986-10-07,1.576
1986-10-08,1.5711
1986-10-09,1.5662
1986-10-10,1.5662
1986-10-14,1.5731
1986-10-15,1.5603
1986-10-16,1.5625
1986-10-17,1.5679
1986-10-20,1.5699
1986-10-21,1.5699
1986-10-22,1.5681
1986-10-23,1.5463
1986-10-24,1.5588
1986-10-27,1.5596
1986-10-28,1.555
1986-10-29,1.5564
1986-10-30,1.5581
1986-10-31,1.5605
1986-11-03,1.562
1986-11-04,1.5593
1986-11-05,1.5557
1986-11-06,1.5574
1986-11-07,1.5533
1986-11-10,1.548
1986-11-12,1.5501
1986-11-13,1.5504
1986-11-14,1.5497
1986-11-17,1.5588
1986-11-18,1.5557
1986-11-19,1.5526
1986-11-20,1.5538
1986-11-21,1.5523
1986-11-24,1.5499
1986-11-25,1.5444
1986-11-26,1.5373
1986-11-28,1.5375
1986-12-01,1.5385
1986-12-02,1.5401
1986-12-03,1.5349
1986-12-04,1.5291
1986-12-05,1.5302
1986-12-08,1.5314
1986-12-09,1.5359
1986-12-10,1.5321
1986-12-11,1.5193
1986-12-12,1.5184
1986-12-15,1.5129
1986-12-16,1.5067
1986-12-17,1.5049
1986-12-18,1.5049
1986-12-19,1.4939
1986-12-22,1.481
1986-12-23,1.5049
1986-12-24,1.5129
1986-12-26,1.5129
1986-12-29,1.5088
1986-12-30,1.5065
1986-12-31,1.5031
1987-01-02,1.502
1987-01-05,1.4943
1987-01-06,1.5056
1987-01-07,1.5072
1987-01-08,1.5004
1987-01-09,1.4993
1987-01-12,1.4993
1987-01-13,1.5263
1987-01-14,1.5528
1987-01-15,1.5389
1987-01-16,1.5335
1987-01-20,1.5081
1987-01-21,1.5113
1987-01-22,1.5168
1987-01-23,1.5117
1987-01-26,1.5094
1987-01-27,1.5113
1987-01-28,1.5145
1987-01-29,1.5119
1987-01-30,1.511
1987-02-02,1.5129
1987-02-03,1.5026
1987-02-04,1.4941
1987-02-05,1.4966
1987-02-06,1.4941
1987-02-09,1.5038
1987-02-10,1.4984
1987-02-11,1.497
1987-02-12,1.5002
1987-02-13,1.5053
1987-02-17,1.511
1987-02-18,1.5004
1987-02-19,1.5033
1987-02-20,1.5042
1987-02-23,1.4975
1987-02-24,1.4937
1987-02-25,1.4832
1987-02-26,1.483
1987-02-27,1.4771
1987-03-02,1.4678
1987-03-03,1.4736
1987-03-04,1.4702
1987-03-05,1.4732
1987-03-06,1.476
1987-03-09,1.4717
1987-03-10,1.4631
1987-03-11,1.4541
1987-03-12,1.4503
1987-03-13,1.476
1987-03-16,1.4721
1987-03-17,1.4543
1987-03-18,1.4556
1987-03-19,1.4584
1987-03-20,1.4584
1987-03-23,1.4526
1987-03-24,1.4432
1987-03-25,1.4388
1987-03-26,1.438
1987-03-27,1.4327
1987-03-30,1.4235
1987-03-31,1.4194
1987-04-01,1.417
1987-04-02,1.4201
1987-04-03,1.409
1987-04-06,1.4065
1987-04-07,1.4116
1987-04-08,1.4102
1987-04-09,1.3996
1987-04-10,1.3924
1987-04-13,1.3833
1987-04-14,1.3843
1987-04-15,1.3778
1987-04-16,1.398
1987-04-17,1.4045
1987-04-20,1.4041
1987-04-21,1.4122
1987-04-22,1.417
1987-04-23,1.4055
1987-04-24,1.4096
1987-04-27,1.4025
1987-04-28,1.4215
1987-04-29,1.4158
1987-04-30,1.4245
1987-05-01,1.4249
1987-05-04,1.4192
1987-05-05,1.4079
1987-05-06,1.4079
1987-05-07,1.4063
1987-05-08,1.4051
1987-05-11,1.4023
1987-05-12,1.3965
1987-05-13,1.4045
1987-05-14,1.4002
1987-05-15,1.3935
1987-05-18,1.385
1987-05-19,1.3868
1987-05-20,1.382
1987-05-21,1.3864
1987-05-22,1.3883
1987-05-26,1.4029
1987-05-27,1.3988
1987-05-28,1.4041
1987-05-29,1.4041
1987-06-01,1.3992
1987-06-02,1.3982
1987-06-03,1.3951
1987-06-04,1.4006
1987-06-05,1.4008
1987-06-08,1.4006
1987-06-09,1.3992
1987-06-10,1.3916
1987-06-11,1.3963
1987-06-12,1.3924
1987-06-15,1.3953
1987-06-16,1.3904
1987-06-17,1.3829
1987-06-18,1.385
1987-06-19,1.3868
1987-06-22,1.3864
1987-06-23,1.3957
1987-06-24,1.3941
1987-06-25,1.3885
1987-06-26,1.3906
1987-06-29,1.3873
1987-06-30,1.3872
1987-07-01,1.3872
1987-07-02,1.3889
1987-07-03,1.3918
1987-07-06,1.4043
1987-07-07,1.4286
1987-07-08,1.4166
1987-07-09,1.409
1987-07-10,1.413
1987-07-13,1.4134
1987-07-14,1.4144
1987-07-15,1.4085
1987-07-16,1.4053
1987-07-17,1.4088
1987-07-20,1.415
1987-07-21,1.4114
1987-07-22,1.4079
1987-07-23,1.4086
1987-07-24,1.4132
1987-07-27,1.4215
1987-07-28,1.4296
1987-07-29,1.4327
1987-07-30,1.4316
1987-07-31,1.4323
1987-08-03,1.428
1987-08-04,1.4308
1987-08-05,1.4249
1987-08-06,1.43
1987-08-07,1.4298
1987-08-10,1.4337
1987-08-11,1.4251
1987-08-12,1.4235
1987-08-13,1.4188
1987-08-14,1.4116
1987-08-17,1.4069
1987-08-18,1.3965
1987-08-19,1.4098
1987-08-20,1.4108
1987-08-21,1.4039
1987-08-24,1.3978
1987-08-25,1.4015
1987-08-26,1.4045
1987-08-27,1.4049
1987-08-28,1.4055
1987-08-31,1.3996
1987-09-01,1.3931
1987-09-02,1.3873
1987-09-03,1.3848
1987-09-04,1.3824
1987-09-08,1.374
1987-09-09,1.3723
1987-09-10,1.3755
1987-09-11,1.3689
1987-09-14,1.3744
1987-09-15,1.371
1987-09-16,1.3644
1987-09-17,1.3635
1987-09-18,1.3611
1987-09-21,1.3581
1987-09-22,1.3652
1987-09-23,1.3657
1987-09-24,1.3727
1987-09-25,1.3803
1987-09-28,1.3738
1987-09-29,1.3947
1987-09-30,1.4108
1987-10-01,1.4085
1987-10-02,1.401
1987-10-05,1.4002
1987-10-06,1.3933
1987-10-07,1.3818
1987-10-08,1.3822
1987-10-09,1.3805
1987-10-13,1.3848
1987-10-14,1.3827
1987-10-15,1.3744
1987-10-16,1.387
1987-10-19,1.3845
1987-10-20,1.3976
1987-10-21,1.4015
1987-10-22,1.3978
1987-10-23,1.3963
1987-10-26,1.4154
1987-10-27,1.4323
1987-10-28,1.4556
1987-10-29,1.4937
1987-10-30,1.4925
1987-11-02,1.4789
1987-11-03,1.4921
1987-11-04,1.4854
1987-11-05,1.4804
1987-11-06,1.4624
1987-11-09,1.4641
1987-11-10,1.4717
1987-11-12,1.4652
1987-11-13,1.4582
1987-11-16,1.4571
1987-11-17,1.4353
1987-11-18,1.4399
1987-11-19,1.4405
1987-11-20,1.4503
1987-11-23,1.4648
1987-11-24,1.4524
1987-11-25,1.4449
1987-11-27,1.4405
1987-11-30,1.4184
1987-12-01,1.4184
1987-12-02,1.4233
1987-12-03,1.4257
1987-12-04,1.4362
1987-12-07,1.4343
1987-12-08,1.432
1987-12-09,1.4237
1987-12-10,1.4148
1987-12-11,1.4011
1987-12-14,1.3928
1987-12-15,1.4031
1987-12-16,1.3976
1987-12-17,1.3951
1987-12-18,1.4035
1987-12-21,1.4035
1987-12-22,1.4015
1987-12-23,1.4027
1987-12-24,1.3996
1987-12-28,1.3928
1987-12-29,1.386
1987-12-30,1.3906
1987-12-31,1.385
1988-01-04,1.3866
1988-01-05,1.4094
1988-01-06,1.4184
1988-01-07,1.4146
1988-01-08,1.4168
1988-01-11,1.4094
1988-01-12,1.4085
1988-01-13,1.4075
1988-01-14,1.4088
1988-01-15,1.4245
1988-01-19,1.4055
1988-01-20,1.3996
1988-01-21,1.3976
1988-01-22,1.4006
1988-01-25,1.3982
1988-01-26,1.4008
1988-01-27,1.4013
1988-01-28,1.401
1988-01-29,1.4124
1988-02-01,1.41
1988-02-02,1.4015
1988-02-03,1.4059
1988-02-04,1.4073
1988-02-05,1.4075
1988-02-08,1.4061
1988-02-09,1.4088
1988-02-10,1.4053
1988-02-11,1.4015
1988-02-12,1.4152
1988-02-16,1.4006
1988-02-17,1.3996
1988-02-18,1.398
1988-02-19,1.3918
1988-02-22,1.3893
1988-02-23,1.3906
1988-02-24,1.3953
1988-02-25,1.3949
1988-02-26,1.3908
1988-02-29,1.3916
1988-03-01,1.3883
1988-03-02,1.3835
1988-03-03,1.3803
1988-03-04,1.377
1988-03-07,1.3721
1988-03-08,1.368
1988-03-09,1.3727
1988-03-10,1.3723
1988-03-11,1.3672
1988-03-14,1.3714
1988-03-15,1.3672
1988-03-16,1.3615
1988-03-17,1.3624
1988-03-18,1.3548
1988-03-21,1.3539
1988-03-22,1.3528
1988-03-23,1.3495
1988-03-24,1.3472
1988-03-25,1.3541
1988-03-28,1.3648
1988-03-29,1.3598
1988-03-30,1.3535
1988-03-31,1.3492
1988-04-01,1.3486
1988-04-04,1.3486
1988-04-05,1.3479
1988-04-06,1.3508
1988-04-07,1.3556
1988-04-08,1.3497
1988-04-11,1.3419
1988-04-12,1.3459
1988-04-13,1.3443
1988-04-14,1.3371
1988-04-15,1.3378
1988-04-18,1.334
1988-04-19,1.3371
1988-04-20,1.3312
1988-04-21,1.3314
1988-04-22,1.3222
1988-04-25,1.325
1988-04-26,1.3245
1988-04-27,1.325
1988-04-28,1.3194
1988-04-29,1.32
1988-05-02,1.3148
1988-05-03,1.3055
1988-05-04,1.2997
1988-05-05,1.3028
1988-05-06,1.3021
1988-05-09,1.2972
1988-05-10,1.2903
1988-05-11,1.2937
1988-05-12,1.297
1988-05-13,1.2932
1988-05-16,1.2942
1988-05-17,1.3053
1988-05-18,1.298
1988-05-19,1.2903
1988-05-20,1.277
1988-05-23,1.2723
1988-05-24,1.2758
1988-05-25,1.2674
1988-05-26,1.2542
1988-05-27,1.2422
1988-05-31,1.2467
1988-06-01,1.2332
1988-06-02,1.2463
1988-06-03,1.2399
1988-06-06,1.2579
1988-06-07,1.2536
1988-06-08,1.2415
1988-06-09,1.2402
1988-06-10,1.2376
1988-06-13,1.2464
1988-06-14,1.2511
1988-06-15,1.2408
1988-06-16,1.2392
1988-06-17,1.2285
1988-06-20,1.2188
1988-06-21,1.2136
1988-06-22,1.2249
1988-06-23,1.2191
1988-06-24,1.2142
1988-06-27,1.2255
1988-06-28,1.2418
1988-06-29,1.2718
1988-06-30,1.2587
1988-07-01,1.266
1988-07-05,1.2763
1988-07-06,1.255
1988-07-07,1.2425
1988-07-08,1.2555
1988-07-11,1.2647
1988-07-12,1.2602
1988-07-13,1.2568
1988-07-14,1.2539
1988-07-15,1.2715
1988-07-18,1.2571
1988-07-19,1.2466
1988-07-20,1.2356
1988-07-21,1.2314
1988-07-22,1.2317
1988-07-25,1.2349
1988-07-26,1.2392
1988-07-27,1.2343
1988-07-28,1.2439
1988-07-29,1.2461
1988-08-01,1.2453
1988-08-02,1.2453
1988-08-03,1.2436
1988-08-04,1.243
1988-08-05,1.2453
1988-08-08,1.2525
1988-08-09,1.2555
1988-08-10,1.2519
1988-08-11,1.2455
1988-08-12,1.2492
1988-08-15,1.2491
1988-08-16,1.2461
1988-08-17,1.2453
1988-08-18,1.2404
1988-08-19,1.2279
1988-08-22,1.2288
1988-08-23,1.2271
1988-08-24,1.2255
1988-08-25,1.224
1988-08-26,1.2329
1988-08-29,1.2387
1988-08-30,1.2425
1988-08-31,1.2441
1988-09-01,1.2599
1988-09-02,1.2569
1988-09-06,1.2442
1988-09-07,1.247
1988-09-08,1.2438
1988-09-09,1.2427
1988-09-12,1.2503
1988-09-13,1.255
1988-09-14,1.2606
1988-09-15,1.2492
1988-09-16,1.2572
1988-09-19,1.2718
1988-09-20,1.2716
1988-09-21,1.2842
1988-09-22,1.2757
1988-09-23,1.2755
1988-09-26,1.2827
1988-09-27,1.2765
1988-09-28,1.276
1988-09-29,1.2753
1988-09-30,1.2771
1988-10-03,1.2749
1988-10-04,1.2673
1988-10-05,1.2642
1988-10-06,1.2557
1988-10-07,1.2519
1988-10-11,1.2463
1988-10-12,1.2419
1988-10-13,1.2346
1988-10-14,1.2296
1988-10-17,1.2384
1988-10-18,1.2356
1988-10-19,1.2195
1988-10-20,1.2188
1988-10-21,1.2183
1988-10-24,1.2238
1988-10-25,1.2198
1988-10-26,1.2129
1988-10-27,1.2209
1988-10-28,1.2164
1988-10-31,1.2195
1988-11-01,1.2186
1988-11-02,1.212
1988-11-03,1.2048
1988-11-04,1.2076
1988-11-07,1.2031
1988-11-08,1.2048
1988-11-09,1.1871
1988-11-10,1.1855
1988-11-14,1.1772
1988-11-15,1.1716
1988-11-16,1.1689
1988-11-17,1.1648
1988-11-18,1.1693
1988-11-21,1.1639
1988-11-22,1.1581
1988-11-23,1.15
1988-11-25,1.1453
1988-11-28,1.1452
1988-11-29,1.1405
1988-11-30,1.1429
1988-12-01,1.1474
1988-12-02,1.1484
1988-12-05,1.1382
1988-12-06,1.1344
1988-12-07,1.1574
1988-12-08,1.2085
1988-12-09,1.1525
1988-12-12,1.1665
1988-12-13,1.1805
1988-12-14,1.17
1988-12-15,1.1712
1988-12-16,1.1813
1988-12-19,1.171
1988-12-20,1.1737
1988-12-21,1.1744
1988-12-22,1.1737
1988-12-23,1.1758
1988-12-27,1.1641
1988-12-28,1.1703
1988-12-29,1.1703
1988-12-30,1.1716
1989-01-03,1.1521
1989-01-04,1.1497
1989-01-05,1.1522
1989-01-06,1.1594
1989-01-09,1.1578
1989-01-10,1.1542
1989-01-11,1.1589
1989-01-12,1.153
1989-01-13,1.1541
1989-01-17,1.1656
1989-01-18,1.1598
1989-01-19,1.1538
1989-01-20,1.1468
1989-01-23,1.1387
1989-01-24,1.1353
1989-01-25,1.1416
1989-01-26,1.1388
1989-01-27,1.1435
1989-01-30,1.1342
1989-01-31,1.1269
1989-02-01,1.1255
1989-02-02,1.123
1989-02-03,1.1406
1989-02-06,1.1344
1989-02-07,1.1269
1989-02-08,1.1217
1989-02-09,1.1261
1989-02-10,1.1293
1989-02-13,1.1269
1989-02-14,1.1315
1989-02-15,1.1453
1989-02-16,1.194
1989-02-17,1.2151
1989-02-21,1.2341
1989-02-22,1.2191
1989-02-23,1.2085
1989-02-24,1.214
1989-02-27,1.2555
1989-02-28,1.2519
1989-03-01,1.2444
1989-03-02,1.2438
1989-03-03,1.2303
1989-03-06,1.2288
1989-03-07,1.2366
1989-03-08,1.2296
1989-03-09,1.2223
1989-03-10,1.2171
1989-03-13,1.2167
1989-03-14,1.2326
1989-03-15,1.2418
1989-03-16,1.2217
1989-03-17,1.2176
1989-03-20,1.2137
1989-03-21,1.2165
1989-03-22,1.2183
1989-03-23,1.2083
1989-03-24,1.2092
1989-03-27,1.2143
1989-03-28,1.2255
1989-03-29,1.2235
1989-03-30,1.2235
1989-03-31,1.221
1989-04-03,1.2121
1989-04-04,1.2164
1989-04-05,1.2528
1989-04-06,1.2395
1989-04-07,1.2412
1989-04-10,1.2395
1989-04-11,1.2392
1989-04-12,1.239
1989-04-13,1.2399
1989-04-14,1.2355
1989-04-17,1.2303
1989-04-18,1.2498
1989-04-19,1.2498
1989-04-20,1.2469
1989-04-21,1.2579
1989-04-24,1.2637
1989-04-25,1.2625
1989-04-26,1.2601
1989-04-27,1.2587
1989-04-28,1.2594
1989-05-01,1.2626
1989-05-02,1.2602
1989-05-03,1.256
1989-05-04,1.2495
1989-05-05,1.2516
1989-05-08,1.2508
1989-05-09,1.2575
1989-05-10,1.2615
1989-05-11,1.2625
1989-05-12,1.278
1989-05-15,1.2852
1989-05-16,1.2963
1989-05-17,1.3182
1989-05-18,1.3167
1989-05-19,1.311
1989-05-22,1.345
1989-05-23,1.3378
1989-05-24,1.3387
1989-05-25,1.3219
1989-05-26,1.3298
1989-05-30,1.3387
1989-05-31,1.3294
1989-06-01,1.328
1989-06-02,1.3184
1989-06-05,1.3228
1989-06-06,1.3284
1989-06-07,1.3203
1989-06-08,1.3301
1989-06-09,1.3423
1989-06-12,1.3523
1989-06-13,1.3472
1989-06-14,1.3473
1989-06-15,1.3369
1989-06-16,1.3286
1989-06-19,1.3263
1989-06-20,1.3205
1989-06-21,1.3004
1989-06-22,1.2887
1989-06-23,1.2953
1989-06-26,1.2953
1989-06-27,1.307
1989-06-28,1.3205
1989-06-29,1.3231
1989-06-30,1.3233
1989-07-03,1.3063
1989-07-05,1.2994
1989-07-06,1.3072
1989-07-07,1.305
1989-07-10,1.3084
1989-07-11,1.3186
1989-07-12,1.3139
1989-07-13,1.3242
1989-07-14,1.3233
1989-07-17,1.321
1989-07-18,1.3228
1989-07-19,1.3387
1989-07-20,1.3328
1989-07-21,1.3346
1989-07-24,1.3396
1989-07-25,1.3356
1989-07-26,1.3252
1989-07-27,1.3215
1989-07-28,1.3369
1989-07-31,1.3222
1989-08-01,1.3139
1989-08-02,1.2997
1989-08-03,1.3053
1989-08-04,1.3074
1989-08-07,1.3075
1989-08-08,1.2994
1989-08-09,1.3021
1989-08-10,1.3087
1989-08-11,1.3175
1989-08-14,1.3151
1989-08-15,1.3252
1989-08-16,1.3205
1989-08-17,1.3236
1989-08-18,1.2893
1989-08-21,1.3135
1989-08-22,1.306
1989-08-23,1.3063
1989-08-24,1.3158
1989-08-25,1.3193
1989-08-28,1.3151
1989-08-29,1.304
1989-08-30,1.3046
1989-08-31,1.3077
1989-09-01,1.317
1989-09-05,1.3194
1989-09-06,1.3125
1989-09-07,1.3132
1989-09-08,1.3046
1989-09-11,1.3094
1989-09-12,1.3084
1989-09-13,1.2882
1989-09-14,1.29
1989-09-15,1.2945
1989-09-18,1.2893
1989-09-19,1.29
1989-09-20,1.2903
1989-09-21,1.2948
1989-09-22,1.2767
1989-09-25,1.265
1989-09-26,1.2658
1989-09-27,1.278
1989-09-28,1.289
1989-09-29,1.2907
1989-10-02,1.2865
1989-10-03,1.2857
1989-10-04,1.2873
1989-10-05,1.2862
1989-10-06,1.2783
1989-10-10,1.288
1989-10-11,1.2895
1989-10-12,1.3017
1989-10-13,1.3016
1989-10-16,1.3127
1989-10-17,1.3024
1989-10-18,1.2975
1989-10-19,1.2895
1989-10-20,1.2958
1989-10-23,1.298
1989-10-24,1.307
1989-10-25,1.2922
1989-10-26,1.285
1989-10-27,1.2862
1989-10-30,1.277
1989-10-31,1.2778
1989-11-01,1.2801
1989-11-02,1.2824
1989-11-03,1.2825
1989-11-06,1.2798
1989-11-07,1.2745
1989-11-08,1.2734
1989-11-09,1.2673
1989-11-10,1.2724
1989-11-13,1.2669
1989-11-14,1.2705
1989-11-15,1.2765
1989-11-16,1.2807
1989-11-17,1.278
1989-11-20,1.2799
1989-11-21,1.2865
1989-11-22,1.2885
1989-11-24,1.2768
1989-11-27,1.2745
1989-11-28,1.2718
1989-11-29,1.2811
1989-11-30,1.278
1989-12-01,1.2821
1989-12-04,1.2806
1989-12-05,1.2796
1989-12-06,1.277
1989-12-07,1.2794
1989-12-08,1.278
1989-12-11,1.2762
1989-12-12,1.2718
1989-12-13,1.2736
1989-12-14,1.2739
1989-12-15,1.276
1989-12-18,1.2763
1989-12-19,1.2734
1989-12-20,1.2706
1989-12-21,1.2716
1989-12-22,1.2682
1989-12-26,1.2634
1989-12-27,1.252
1989-12-28,1.2601
1989-12-29,1.2669
1990-01-02,1.2731
1990-01-03,1.2791
1990-01-04,1.2711
1990-01-05,1.2723
1990-01-08,1.274
1990-01-09,1.2713
1990-01-10,1.2681
1990-01-11,1.2642
1990-01-12,1.2596
1990-01-16,1.2668
1990-01-17,1.2631
1990-01-18,1.2593
1990-01-19,1.2602
1990-01-22,1.2572
1990-01-23,1.2902
1990-01-24,1.312
1990-01-25,1.3187
1990-01-26,1.3149
1990-01-29,1.3098
1990-01-30,1.3055
1990-01-31,1.3012
1990-02-01,1.2984
1990-02-02,1.2928
1990-02-05,1.3063
1990-02-06,1.3046
1990-02-07,1.3201
1990-02-08,1.3254
1990-02-09,1.3346
1990-02-12,1.3296
1990-02-13,1.3296
1990-02-14,1.341
1990-02-15,1.3333
1990-02-16,1.3215
1990-02-20,1.3167
1990-02-21,1.3182
1990-02-22,1.3079
1990-02-23,1.3068
1990-02-26,1.3072
1990-02-27,1.3149
1990-02-28,1.3156
1990-03-01,1.3098
1990-03-02,1.3165
1990-03-05,1.3184
1990-03-06,1.3139
1990-03-07,1.3165
1990-03-08,1.3146
1990-03-09,1.3146
1990-03-12,1.3193
1990-03-13,1.3141
1990-03-14,1.3098
1990-03-15,1.3222
1990-03-16,1.327
1990-03-19,1.3247
1990-03-20,1.3219
1990-03-21,1.3298
1990-03-22,1.3326
1990-03-23,1.338
1990-03-26,1.3389
1990-03-27,1.3419
1990-03-28,1.3385
1990-03-29,1.3293
1990-03-30,1.3249
1990-04-02,1.3226
1990-04-03,1.3149
1990-04-04,1.304
1990-04-05,1.3072
1990-04-06,1.3072
1990-04-09,1.3106
1990-04-10,1.3084
1990-04-11,1.305
1990-04-12,1.305
1990-04-13,1.3072
1990-04-16,1.3065
1990-04-17,1.3067
1990-04-18,1.2987
1990-04-19,1.2933
1990-04-20,1.2979
1990-04-23,1.3063
1990-04-24,1.305
1990-04-25,1.3055
1990-04-26,1.3228
1990-04-27,1.3328
1990-04-30,1.3333
1990-05-01,1.341
1990-05-02,1.3298
1990-05-03,1.3242
1990-05-04,1.3252
1990-05-07,1.3219
1990-05-08,1.3198
1990-05-09,1.3184
1990-05-10,1.318
1990-05-11,1.3158
1990-05-14,1.304
1990-05-15,1.308
1990-05-16,1.3115
1990-05-17,1.3129
1990-05-18,1.3149
1990-05-21,1.3089
1990-05-22,1.3089
1990-05-23,1.3067
1990-05-24,1.3118
1990-05-25,1.3041
1990-05-29,1.3055
1990-05-30,1.2953
1990-05-31,1.3024
1990-06-01,1.2999
1990-06-04,1.3028
1990-06-05,1.297
1990-06-06,1.2957
1990-06-07,1.2862
1990-06-08,1.2945
1990-06-11,1.2902
1990-06-12,1.292
1990-06-13,1.2915
1990-06-14,1.2903
1990-06-15,1.2893
1990-06-18,1.2834
1990-06-19,1.2755
1990-06-20,1.2767
1990-06-21,1.2657
1990-06-22,1.2736
1990-06-25,1.2737
1990-06-26,1.2745
1990-06-27,1.2698
1990-06-28,1.2734
1990-06-29,1.2633
1990-07-02,1.2557
1990-07-03,1.2541
1990-07-05,1.2516
1990-07-06,1.2541
1990-07-09,1.2461
1990-07-10,1.2398
1990-07-11,1.2555
1990-07-12,1.2637
1990-07-13,1.2814
1990-07-16,1.2796
1990-07-17,1.266
1990-07-18,1.2634
1990-07-19,1.2789
1990-07-20,1.2758
1990-07-23,1.2757
1990-07-24,1.2726
1990-07-25,1.2724
1990-07-26,1.2834
1990-07-27,1.2663
1990-07-30,1.2633
1990-07-31,1.2598
1990-08-01,1.2594
1990-08-02,1.2724
1990-08-03,1.2739
1990-08-06,1.2658
1990-08-07,1.2618
1990-08-08,1.2574
1990-08-09,1.2513
1990-08-10,1.2536
1990-08-13,1.2461
1990-08-14,1.2405
1990-08-15,1.239
1990-08-16,1.243
1990-08-17,1.2392
1990-08-20,1.2376
1990-08-21,1.2252
1990-08-22,1.2188
1990-08-23,1.2058
1990-08-24,1.2005
1990-08-27,1.2032
1990-08-28,1.2045
1990-08-29,1.2012
1990-08-30,1.2243
1990-08-31,1.2255
1990-09-04,1.2274
1990-09-05,1.208
1990-09-06,1.214
1990-09-07,1.2183
1990-09-10,1.2311
1990-09-11,1.224
1990-09-12,1.2214
1990-09-13,1.218
1990-09-14,1.2096
1990-09-17,1.2025
1990-09-18,1.1998
1990-09-19,1.2061
1990-09-20,1.2098
1990-09-21,1.2066
1990-09-24,1.2026
1990-09-25,1.2044
1990-09-26,1.2034
1990-09-27,1.2096
1990-09-28,1.2115
1990-10-01,1.2032
1990-10-02,1.2051
1990-10-03,1.2019
1990-10-04,1.2005
1990-10-05,1.1975
1990-10-09,1.1995
1990-10-10,1.2099
1990-10-11,1.2285
1990-10-12,1.222
1990-10-15,1.2677
1990-10-16,1.2706
1990-10-17,1.2862
1990-10-18,1.3004
1990-10-19,1.2788
1990-10-22,1.2788
1990-10-23,1.2853
1990-10-24,1.2814
1990-10-25,1.2767
1990-10-26,1.2801
1990-10-29,1.2763
1990-10-30,1.2786
1990-10-31,1.2742
1990-11-01,1.276
1990-11-02,1.2878
1990-11-05,1.2788
1990-11-06,1.2706
1990-11-07,1.2845
1990-11-08,1.2852
1990-11-09,1.283
1990-11-13,1.2945
1990-11-14,1.2975
1990-11-15,1.2953
1990-11-16,1.2995
1990-11-19,1.3098
1990-11-20,1.3067
1990-11-21,1.3098
1990-11-23,1.3058
1990-11-26,1.305
1990-11-27,1.3014
1990-11-28,1.3002
1990-11-29,1.295
1990-11-30,1.292
1990-12-03,1.2873
1990-12-04,1.2865
1990-12-05,1.3001
1990-12-06,1.2987
1990-12-07,1.2928
1990-12-10,1.3043
1990-12-11,1.3026
1990-12-12,1.3055
1990-12-13,1.3191
1990-12-14,1.3029
1990-12-17,1.3055
1990-12-18,1.2985
1990-12-19,1.297
1990-12-20,1.293
1990-12-21,1.2937
1990-12-24,1.292
1990-12-26,1.292
1990-12-27,1.3029
1990-12-28,1.2987
1990-12-31,1.2953
1991-01-02,1.2928
1991-01-03,1.2847
1991-01-04,1.2832
1991-01-07,1.2862
1991-01-08,1.2845
1991-01-09,1.294
1991-01-10,1.2932
1991-01-11,1.294
1991-01-14,1.2878
1991-01-15,1.2804
1991-01-16,1.2676
1991-01-17,1.2793
1991-01-18,1.2857
1991-01-22,1.2788
1991-01-23,1.2753
1991-01-24,1.2842
1991-01-25,1.2887
1991-01-28,1.2801
1991-01-29,1.2762
1991-01-30,1.2739
1991-01-31,1.2778
1991-02-01,1.2788
1991-02-04,1.2793
1991-02-05,1.2878
1991-02-06,1.2842
1991-02-07,1.2794
1991-02-08,1.2827
1991-02-11,1.2832
1991-02-12,1.2806
1991-02-13,1.2698
1991-02-14,1.2708
1991-02-15,1.2681
1991-02-19,1.269
1991-02-20,1.2702
1991-02-21,1.269
1991-02-22,1.2758
1991-02-25,1.2767
1991-02-26,1.2755
1991-02-27,1.2762
1991-02-28,1.2734
1991-03-01,1.2742
1991-03-04,1.2882
1991-03-05,1.2942
1991-03-06,1.3009
1991-03-07,1.3017
1991-03-08,1.3024
1991-03-11,1.304
1991-03-12,1.3033
1991-03-13,1.307
1991-03-14,1.3007
1991-03-15,1.2965
1991-03-18,1.3023
1991-03-19,1.2994
1991-03-20,1.3016
1991-03-21,1.2967
1991-03-22,1.2937
1991-03-25,1.297
1991-03-26,1.2965
1991-03-27,1.2917
1991-03-28,1.2903
1991-03-29,1.2937
1991-04-01,1.2903
1991-04-02,1.2903
1991-04-03,1.2844
1991-04-04,1.2752
1991-04-05,1.2723
1991-04-08,1.2745
1991-04-09,1.2728
1991-04-10,1.2705
1991-04-11,1.2791
1991-04-12,1.2749
1991-04-15,1.2816
1991-04-16,1.2822
1991-04-17,1.2837
1991-04-18,1.286
1991-04-19,1.294
1991-04-22,1.2982
1991-04-23,1.2903
1991-04-24,1.2918
1991-04-25,1.2873
1991-04-26,1.2829
1991-04-29,1.2834
1991-04-30,1.2798
1991-05-01,1.284
1991-05-02,1.2853
1991-05-03,1.288
1991-05-06,1.2829
1991-05-07,1.2809
1991-05-08,1.2758
1991-05-09,1.2771
1991-05-10,1.2758
1991-05-13,1.2835
1991-05-14,1.284
1991-05-15,1.2763
1991-05-16,1.2765
1991-05-17,1.278
1991-05-20,1.2781
1991-05-21,1.2878
1991-05-22,1.2962
1991-05-23,1.3219
1991-05-24,1.3175
1991-05-28,1.3153
1991-05-29,1.3149
1991-05-30,1.3219
1991-05-31,1.3168
1991-06-03,1.3201
1991-06-04,1.3158
1991-06-05,1.3153
1991-06-06,1.3321
1991-06-07,1.3307
1991-06-10,1.3298
1991-06-11,1.3245
1991-06-12,1.3249
1991-06-13,1.3263
1991-06-14,1.3254
1991-06-17,1.3161
1991-06-18,1.3106
1991-06-19,1.3104
1991-06-20,1.3087
1991-06-21,1.3072
1991-06-24,1.308
1991-06-25,1.3072
1991-06-26,1.3038
1991-06-27,1.3029
1991-06-28,1.3038
1991-07-01,1.307
1991-07-02,1.3084
1991-07-03,1.3086
1991-07-05,1.307
1991-07-08,1.3046
1991-07-09,1.3072
1991-07-10,1.3048
1991-07-11,1.3048
1991-07-12,1.2987
1991-07-15,1.2923
1991-07-16,1.2895
1991-07-17,1.2887
1991-07-18,1.2937
1991-07-19,1.2845
1991-07-22,1.2895
1991-07-23,1.2923
1991-07-24,1.2902
1991-07-25,1.297
1991-07-26,1.289
1991-07-29,1.2885
1991-07-30,1.2834
1991-07-31,1.2853
1991-08-01,1.2878
1991-08-02,1.2837
1991-08-05,1.2817
1991-08-06,1.2784
1991-08-07,1.2763
1991-08-08,1.278
1991-08-09,1.2763
1991-08-12,1.2757
1991-08-13,1.278
1991-08-14,1.2786
1991-08-15,1.2845
1991-08-16,1.286
1991-08-19,1.2837
1991-08-20,1.2796
1991-08-21,1.2755
1991-08-22,1.2705
1991-08-23,1.2731
1991-08-26,1.2747
1991-08-27,1.2753
1991-08-28,1.2747
1991-08-29,1.2752
1991-08-30,1.2736
1991-09-03,1.2852
1991-09-04,1.2742
1991-09-05,1.2729
1991-09-06,1.2711
1991-09-09,1.265
1991-09-10,1.2694
1991-09-11,1.2665
1991-09-12,1.2566
1991-09-13,1.2558
1991-09-16,1.2514
1991-09-17,1.2508
1991-09-18,1.25
1991-09-19,1.2568
1991-09-20,1.2541
1991-09-23,1.2483
1991-09-24,1.2497
1991-09-25,1.2561
1991-09-26,1.2602
1991-09-27,1.2555
1991-09-30,1.2508
1991-10-01,1.2545
1991-10-02,1.2494
1991-10-03,1.2574
1991-10-04,1.2594
1991-10-07,1.2563
1991-10-08,1.2604
1991-10-09,1.2571
1991-10-10,1.259
1991-10-11,1.2547
1991-10-15,1.25
1991-10-16,1.2571
1991-10-17,1.2547
1991-10-18,1.2531
1991-10-21,1.255
1991-10-22,1.2579
1991-10-23,1.2755
1991-10-24,1.2732
1991-10-25,1.2731
1991-10-28,1.2752
1991-10-29,1.2705
1991-10-30,1.2747
1991-10-31,1.2835
1991-11-01,1.2804
1991-11-04,1.2747
1991-11-05,1.2762
1991-11-06,1.2755
1991-11-07,1.275
1991-11-08,1.2732
1991-11-12,1.271
1991-11-13,1.2723
1991-11-14,1.2718
1991-11-15,1.2737
1991-11-18,1.2713
1991-11-19,1.2686
1991-11-20,1.2674
1991-11-21,1.2641
1991-11-22,1.2634
1991-11-25,1.2629
1991-11-26,1.2677
1991-11-27,1.271
1991-11-29,1.2749
1991-12-02,1.2755
1991-12-03,1.2731
1991-12-04,1.2737
1991-12-05,1.2791
1991-12-06,1.2847
1991-12-09,1.2928
1991-12-10,1.294
1991-12-11,1.2953
1991-12-12,1.2968
1991-12-13,1.2979
1991-12-16,1.2937
1991-12-17,1.2925
1991-12-18,1.2935
1991-12-19,1.2962
1991-12-20,1.3038
1991-12-23,1.3151
1991-12-24,1.3156
1991-12-26,1.3144
1991-12-27,1.3116
1991-12-30,1.3163
1991-12-31,1.317
1992-01-02,1.3219
1992-01-03,1.3207
1992-01-06,1.3087
1992-01-07,1.3243
1992-01-08,1.3221
1992-01-09,1.3396
1992-01-10,1.3578
1992-01-13,1.3477
1992-01-14,1.3408
1992-01-15,1.3486
1992-01-16,1.3479
1992-01-17,1.3459
1992-01-21,1.3326
1992-01-22,1.331
1992-01-23,1.3425
1992-01-24,1.3517
1992-01-27,1.3545
1992-01-28,1.3435
1992-01-29,1.3457
1992-01-30,1.3369
1992-01-31,1.3296
1992-02-03,1.3291
1992-02-04,1.3351
1992-02-05,1.341
1992-02-06,1.3369
1992-02-07,1.3316
1992-02-10,1.3367
1992-02-11,1.3316
1992-02-12,1.3308
1992-02-13,1.3271
1992-02-14,1.3263
1992-02-18,1.3261
1992-02-19,1.3207
1992-02-20,1.3231
1992-02-21,1.3273
1992-02-24,1.3316
1992-02-25,1.3289
1992-02-26,1.3356
1992-02-27,1.3275
1992-02-28,1.3266
1992-03-02,1.3254
1992-03-03,1.3286
1992-03-04,1.3296
1992-03-05,1.3259
1992-03-06,1.3242
1992-03-09,1.3215
1992-03-10,1.3208
1992-03-11,1.325
1992-03-12,1.327
1992-03-13,1.325
1992-03-16,1.3247
1992-03-17,1.3205
1992-03-18,1.3154
1992-03-19,1.316
1992-03-20,1.317
1992-03-23,1.3149
1992-03-24,1.3134
1992-03-25,1.3092
1992-03-26,1.308
1992-03-27,1.3057
1992-03-30,1.3038
1992-03-31,1.2987
1992-04-01,1.3045
1992-04-02,1.305
1992-04-03,1.3046
1992-04-06,1.3103
1992-04-07,1.311
1992-04-08,1.3167
1992-04-09,1.311
1992-04-10,1.3094
1992-04-13,1.3092
1992-04-14,1.3053
1992-04-15,1.3072
1992-04-16,1.3043
1992-04-17,1.3038
1992-04-20,1.3019
1992-04-21,1.308
1992-04-22,1.3115
1992-04-23,1.321
1992-04-24,1.3263
1992-04-27,1.3224
1992-04-28,1.3242
1992-04-29,1.3177
1992-04-30,1.3219
1992-05-01,1.3236
1992-05-04,1.3266
1992-05-05,1.3189
1992-05-06,1.3242
1992-05-07,1.331
1992-05-08,1.3261
1992-05-11,1.3328
1992-05-12,1.3293
1992-05-13,1.3289
1992-05-14,1.3203
1992-05-15,1.3203
1992-05-18,1.3187
1992-05-19,1.3201
1992-05-20,1.3217
1992-05-21,1.3189
1992-05-22,1.3205
1992-05-26,1.3184
1992-05-27,1.3193
1992-05-28,1.3189
1992-05-29,1.3214
1992-06-01,1.3203
1992-06-02,1.3201
1992-06-03,1.3106
1992-06-04,1.3108
1992-06-05,1.3106
1992-06-08,1.3089
1992-06-09,1.3104
1992-06-10,1.3129
1992-06-11,1.313
1992-06-12,1.3182
1992-06-15,1.3271
1992-06-16,1.3273
1992-06-17,1.3289
1992-06-18,1.3254
1992-06-19,1.3294
1992-06-22,1.3342
1992-06-23,1.3301
1992-06-24,1.3301
1992-06-25,1.3333
1992-06-26,1.3396
1992-06-29,1.3385
1992-06-30,1.3374
1992-07-01,1.3389
1992-07-02,1.3475
1992-07-03,1.3434
1992-07-06,1.3428
1992-07-07,1.3448
1992-07-08,1.3394
1992-07-09,1.3439
1992-07-10,1.3399
1992-07-13,1.3412
1992-07-14,1.3389
1992-07-15,1.3439
1992-07-16,1.3455
1992-07-17,1.3435
1992-07-20,1.3414
1992-07-21,1.3396
1992-07-22,1.3369
1992-07-23,1.3367
1992-07-24,1.3405
1992-07-27,1.3446
1992-07-28,1.3444
1992-07-29,1.3446
1992-07-30,1.3439
1992-07-31,1.3435
1992-08-03,1.3443
1992-08-04,1.3488
1992-08-05,1.3581
1992-08-06,1.3565
1992-08-07,1.3565
1992-08-10,1.3559
1992-08-11,1.3723
1992-08-12,1.3924
1992-08-13,1.3914
1992-08-14,1.3868
1992-08-17,1.3833
1992-08-18,1.3883
1992-08-19,1.3784
1992-08-20,1.385
1992-08-21,1.3875
1992-08-24,1.4011
1992-08-25,1.4061
1992-08-26,1.3988
1992-08-27,1.3957
1992-08-28,1.3947
1992-08-31,1.3974
1992-09-01,1.3939
1992-09-02,1.3926
1992-09-03,1.3889
1992-09-04,1.3889
1992-09-08,1.4029
1992-09-09,1.3922
1992-09-10,1.3841
1992-09-11,1.3785
1992-09-14,1.3641
1992-09-15,1.3678
1992-09-16,1.3695
1992-09-17,1.3667
1992-09-18,1.3652
1992-09-21,1.378
1992-09-22,1.3822
1992-09-23,1.385
1992-09-24,1.3826
1992-09-25,1.3841
1992-09-28,1.3957
1992-09-29,1.4025
1992-09-30,1.4008
1992-10-01,1.4004
1992-10-02,1.3957
1992-10-05,1.3879
1992-10-06,1.3866
1992-10-07,1.39
1992-10-08,1.3873
1992-10-09,1.3935
1992-10-13,1.3847
1992-10-14,1.3845
1992-10-15,1.3843
1992-10-16,1.3897
1992-10-19,1.3914
1992-10-20,1.3986
1992-10-21,1.392
1992-10-22,1.3887
1992-10-23,1.392
1992-10-26,1.4
1992-10-27,1.4194
1992-10-28,1.4362
1992-10-29,1.442
1992-10-30,1.4384
1992-11-02,1.4472
1992-11-03,1.4388
1992-11-04,1.4474
1992-11-05,1.4351
1992-11-06,1.428
1992-11-09,1.4306
1992-11-10,1.4514
1992-11-12,1.442
1992-11-13,1.4418
1992-11-16,1.4533
1992-11-17,1.4616
1992-11-18,1.4533
1992-11-19,1.4622
1992-11-20,1.4613
1992-11-23,1.4635
1992-11-24,1.4603
1992-11-25,1.4501
1992-11-27,1.4507
1992-11-30,1.4658
1992-12-01,1.4613
1992-12-02,1.4643
1992-12-03,1.452
1992-12-04,1.4459
1992-12-07,1.4443
1992-12-08,1.4422
1992-12-09,1.4405
1992-12-10,1.4507
1992-12-11,1.4489
1992-12-14,1.455
1992-12-15,1.4533
1992-12-16,1.4518
1992-12-17,1.4505
1992-12-18,1.4459
1992-12-21,1.443
1992-12-22,1.4472
1992-12-23,1.4484
1992-12-24,1.4468
1992-12-28,1.4524
1992-12-29,1.4503
1992-12-30,1.4505
1992-12-31,1.4514
1993-01-04,1.4667
1993-01-05,1.4848
1993-01-06,1.4925
1993-01-07,1.4948
1993-01-08,1.4881
1993-01-11,1.4846
1993-01-12,1.4846
1993-01-13,1.4939
1993-01-14,1.493
1993-01-15,1.4837
1993-01-19,1.4874
1993-01-20,1.4948
1993-01-21,1.5026
1993-01-22,1.4881
1993-01-25,1.4881
1993-01-26,1.4815
1993-01-27,1.4848
1993-01-28,1.468
1993-01-29,1.4721
1993-02-01,1.4804
1993-02-02,1.4745
1993-02-03,1.471
1993-02-04,1.4736
1993-02-05,1.4789
1993-02-08,1.4939
1993-02-09,1.4925
1993-02-10,1.4914
1993-02-11,1.4784
1993-02-12,1.4762
1993-02-16,1.4554
1993-02-17,1.4569
1993-02-18,1.4539
1993-02-19,1.4493
1993-02-22,1.4474
1993-02-23,1.4368
1993-02-24,1.4366
1993-02-25,1.4409
1993-02-26,1.4378
1993-03-01,1.418
1993-03-02,1.4144
1993-03-03,1.4178
1993-03-04,1.4035
1993-03-05,1.413
1993-03-08,1.416
1993-03-09,1.4265
1993-03-10,1.4196
1993-03-11,1.415
1993-03-12,1.4069
1993-03-15,1.4223
1993-03-16,1.4182
1993-03-17,1.4092
1993-03-18,1.4011
1993-03-19,1.3972
1993-03-22,1.3992
1993-03-23,1.4215
1993-03-24,1.418
1993-03-25,1.4106
1993-03-26,1.4104
1993-03-29,1.4128
1993-03-30,1.4069
1993-03-31,1.4196
1993-04-01,1.4347
1993-04-02,1.4347
1993-04-05,1.4247
1993-04-06,1.4211
1993-04-07,1.4174
1993-04-08,1.41
1993-04-09,1.4114
1993-04-12,1.4055
1993-04-13,1.3937
1993-04-14,1.3864
1993-04-15,1.3872
1993-04-16,1.3959
1993-04-19,1.3904
1993-04-20,1.3972
1993-04-21,1.3986
1993-04-22,1.4051
1993-04-23,1.4021
1993-04-26,1.387
1993-04-27,1.3947
1993-04-28,1.4025
1993-04-29,1.4019
1993-04-30,1.4194
1993-05-03,1.4162
1993-05-04,1.4323
1993-05-05,1.4302
1993-05-06,1.4209
1993-05-07,1.4118
1993-05-10,1.4233
1993-05-11,1.43
1993-05-12,1.4276
1993-05-13,1.4174
1993-05-14,1.4243
1993-05-17,1.4243
1993-05-18,1.4468
1993-05-19,1.444
1993-05-20,1.4422
1993-05-21,1.4393
1993-05-24,1.4407
1993-05-25,1.4284
1993-05-26,1.4318
1993-05-27,1.4424
1993-05-28,1.4573
1993-06-01,1.4771
1993-06-02,1.4749
1993-06-03,1.468
1993-06-04,1.4815
1993-06-07,1.4852
1993-06-08,1.4963
1993-06-09,1.4826
1993-06-10,1.4786
1993-06-11,1.4717
1993-06-14,1.4815
1993-06-15,1.4782
1993-06-16,1.4782
1993-06-17,1.483
1993-06-18,1.476
1993-06-21,1.4599
1993-06-22,1.4624
1993-06-23,1.4841
1993-06-24,1.493
1993-06-25,1.4939
1993-06-28,1.4977
1993-06-29,1.4937
1993-06-30,1.5008
1993-07-01,1.5008
1993-07-02,1.4943
1993-07-06,1.478
1993-07-07,1.4723
1993-07-08,1.4603
1993-07-09,1.4654
1993-07-12,1.4717
1993-07-13,1.476
1993-07-14,1.476
1993-07-15,1.4706
1993-07-16,1.4734
1993-07-19,1.4771
1993-07-20,1.4771
1993-07-21,1.476
1993-07-22,1.4771
1993-07-23,1.4749
1993-07-26,1.4728
1993-07-27,1.4765
1993-07-28,1.4797
1993-07-29,1.4769
1993-07-30,1.4535
1993-08-02,1.4503
1993-08-03,1.4493
1993-08-04,1.4535
1993-08-05,1.4565
1993-08-06,1.4717
1993-08-09,1.4695
1993-08-10,1.4577
1993-08-11,1.4656
1993-08-12,1.4749
1993-08-13,1.4749
1993-08-16,1.4717
1993-08-17,1.4854
1993-08-18,1.4821
1993-08-19,1.4821
1993-08-20,1.4769
1993-08-23,1.5004
1993-08-24,1.4948
1993-08-25,1.4903
1993-08-26,1.4921
1993-08-27,1.5015
1993-08-30,1.491
1993-08-31,1.4903
1993-09-01,1.497
1993-09-02,1.5244
1993-09-03,1.5425
1993-09-07,1.5389
1993-09-08,1.5198
1993-09-09,1.5256
1993-09-10,1.5399
1993-09-13,1.5361
1993-09-14,1.548
1993-09-15,1.5392
1993-09-16,1.5366
1993-09-17,1.5356
1993-09-20,1.5394
1993-09-21,1.5291
1993-09-22,1.5267
1993-09-23,1.5361
1993-09-24,1.5286
1993-09-27,1.5385
1993-09-28,1.5444
1993-09-29,1.5504
1993-09-30,1.5504
1993-10-01,1.5444
1993-10-04,1.548
1993-10-05,1.5468
1993-10-06,1.5279
1993-10-07,1.5267
1993-10-08,1.5198
1993-10-12,1.5175
1993-10-13,1.5122
1993-10-14,1.5083
1993-10-15,1.5106
1993-10-18,1.5129
1993-10-19,1.5056
1993-10-20,1.497
1993-10-21,1.4925
1993-10-22,1.4948
1993-10-25,1.4941
1993-10-26,1.499
1993-10-27,1.5013
1993-10-28,1.4993
1993-10-29,1.5026
1993-11-01,1.4837
1993-11-02,1.4859
1993-11-03,1.4793
1993-11-04,1.4865
1993-11-05,1.4843
1993-11-08,1.4925
1993-11-09,1.4981
1993-11-10,1.5094
1993-11-12,1.5191
1993-11-15,1.5298
1993-11-16,1.5225
1993-11-17,1.5083
1993-11-18,1.511
1993-11-19,1.5117
1993-11-22,1.5133
1993-11-23,1.5083
1993-11-24,1.5049
1993-11-26,1.5106
1993-11-29,1.5156
1993-11-30,1.5188
1993-12-01,1.5198
1993-12-02,1.5015
1993-12-03,1.4948
1993-12-06,1.4903
1993-12-07,1.5004
1993-12-08,1.4881
1993-12-09,1.4903
1993-12-10,1.4899
1993-12-13,1.4892
1993-12-14,1.4863
1993-12-15,1.4865
1993-12-16,1.4837
1993-12-17,1.4728
1993-12-20,1.4738
1993-12-21,1.4723
1993-12-22,1.4706
1993-12-23,1.4769
1993-12-24,1.4743
1993-12-27,1.4738
1993-12-28,1.4732
1993-12-29,1.4837
1993-12-30,1.4789
1993-12-31,1.4743
1994-01-03,1.462
1994-01-04,1.4609
1994-01-05,1.4577
1994-01-06,1.462
1994-01-07,1.4567
1994-01-10,1.4567
1994-01-11,1.4482
1994-01-12,1.4489
1994-01-13,1.4476
1994-01-14,1.4493
1994-01-18,1.4368
1994-01-19,1.4265
1994-01-20,1.4217
1994-01-21,1.4235
1994-01-24,1.4225
1994-01-25,1.4124
1994-01-26,1.4114
1994-01-27,1.4104
1994-01-28,1.4112
1994-01-31,1.4114
1994-02-01,1.3957
1994-02-02,1.3986
1994-02-03,1.3986
1994-02-04,1.3996
1994-02-07,1.3986
1994-02-08,1.3928
1994-02-09,1.3937
1994-02-10,1.3928
1994-02-11,1.399
1994-02-14,1.4055
1994-02-15,1.4114
1994-02-16,1.4055
1994-02-17,1.3986
1994-02-18,1.4015
1994-02-22,1.3899
1994-02-23,1.3803
1994-02-24,1.3803
1994-02-25,1.3866
1994-02-28,1.4045
1994-03-01,1.3992
1994-03-02,1.4168
1994-03-03,1.4164
1994-03-04,1.4006
1994-03-07,1.3908
1994-03-08,1.3947
1994-03-09,1.4002
1994-03-10,1.4104
1994-03-11,1.4081
1994-03-14,1.3922
1994-03-15,1.3928
1994-03-16,1.4025
1994-03-17,1.4035
1994-03-18,1.4031
1994-03-21,1.4108
1994-03-22,1.4094
1994-03-23,1.4079
1994-03-24,1.4094
1994-03-25,1.4065
1994-03-28,1.4059
1994-03-29,1.419
1994-03-30,1.4306
1994-03-31,1.4255
1994-04-01,1.4158
1994-04-04,1.4184
1994-04-05,1.4219
1994-04-06,1.4194
1994-04-07,1.4035
1994-04-08,1.3812
1994-04-11,1.3837
1994-04-12,1.3822
1994-04-13,1.386
1994-04-14,1.3831
1994-04-15,1.3831
1994-04-18,1.3937
1994-04-19,1.3986
1994-04-20,1.3963
1994-04-21,1.4015
1994-04-22,1.3918
1994-04-25,1.3951
1994-04-26,1.3883
1994-04-27,1.3966
1994-04-28,1.4045
1994-04-29,1.4015
1994-05-02,1.4055
1994-05-03,1.4164
1994-05-04,1.4051
1994-05-05,1.399
1994-05-06,1.3976
1994-05-09,1.3908
1994-05-10,1.3808
1994-05-11,1.3848
1994-05-12,1.3937
1994-05-13,1.3843
1994-05-16,1.3774
1994-05-17,1.3746
1994-05-18,1.3736
1994-05-19,1.3721
1994-05-20,1.3721
1994-05-23,1.3624
1994-05-24,1.3602
1994-05-25,1.3615
1994-05-26,1.3656
1994-05-27,1.3648
1994-05-31,1.3541
1994-06-01,1.3512
1994-06-02,1.3556
1994-06-03,1.3554
1994-06-06,1.3615
1994-06-07,1.3633
1994-06-08,1.3628
1994-06-09,1.3615
1994-06-10,1.3624
1994-06-13,1.3596
1994-06-14,1.3721
1994-06-15,1.3676
1994-06-16,1.3689
1994-06-17,1.3661
1994-06-20,1.355
1994-06-21,1.3444
1994-06-22,1.3532
1994-06-23,1.3646
1994-06-24,1.374
1994-06-27,1.387
1994-06-28,1.385
1994-06-29,1.3799
1994-06-30,1.368
1994-07-01,1.3721
1994-07-05,1.3774
1994-07-06,1.3768
1994-07-07,1.374
1994-07-08,1.3717
1994-07-11,1.3671
1994-07-12,1.3609
1994-07-13,1.3569
1994-07-14,1.3618
1994-07-15,1.3639
1994-07-18,1.3684
1994-07-19,1.3652
1994-07-20,1.3605
1994-07-21,1.3605
1994-07-22,1.3523
1994-07-25,1.3455
1994-07-26,1.3454
1994-07-27,1.3535
1994-07-28,1.3587
1994-07-29,1.3534
1994-08-01,1.3559
1994-08-02,1.3615
1994-08-03,1.3652
1994-08-04,1.3596
1994-08-05,1.3486
1994-08-08,1.3508
1994-08-09,1.3495
1994-08-10,1.3459
1994-08-11,1.3414
1994-08-12,1.3486
1994-08-15,1.3504
1994-08-16,1.351
1994-08-17,1.3486
1994-08-18,1.3517
1994-08-19,1.3546
1994-08-22,1.3602
1994-08-23,1.3596
1994-08-24,1.3504
1994-08-25,1.3437
1994-08-26,1.3432
1994-08-29,1.3477
1994-08-30,1.3459
1994-08-31,1.3434
1994-09-01,1.3459
1994-09-02,1.3477
1994-09-06,1.3506
1994-09-07,1.345
1994-09-08,1.3423
1994-09-09,1.3423
1994-09-12,1.3448
1994-09-13,1.3437
1994-09-14,1.3486
1994-09-15,1.345
1994-09-16,1.3437
1994-09-19,1.3464
1994-09-20,1.3466
1994-09-21,1.3392
1994-09-22,1.3592
1994-09-23,1.3526
1994-09-26,1.3519
1994-09-27,1.353
1994-09-28,1.3508
1994-09-29,1.3514
1994-09-30,1.3514
1994-10-03,1.3503
1994-10-04,1.3546
1994-10-05,1.3528
1994-10-06,1.3523
1994-10-07,1.3556
1994-10-11,1.3596
1994-10-12,1.3591
1994-10-13,1.3559
1994-10-14,1.3605
1994-10-17,1.3605
1994-10-18,1.3563
1994-10-19,1.3596
1994-10-20,1.3576
1994-10-21,1.3671
1994-10-24,1.3581
1994-10-25,1.3581
1994-10-26,1.3477
1994-10-27,1.3454
1994-10-28,1.3464
1994-10-31,1.3477
1994-11-01,1.3495
1994-11-02,1.3472
1994-11-03,1.347
1994-11-04,1.3351
1994-11-07,1.3254
1994-11-08,1.3289
1994-11-09,1.3219
1994-11-10,1.3245
1994-11-14,1.3307
1994-11-15,1.328
1994-11-16,1.3316
1994-11-17,1.3271
1994-11-18,1.3201
1994-11-21,1.3127
1994-11-22,1.3106
1994-11-23,1.3158
1994-11-25,1.3165
1994-11-28,1.3123
1994-11-29,1.3099
1994-11-30,1.3006
1994-12-01,1.3023
1994-12-02,1.2999
1994-12-05,1.2987
1994-12-06,1.3004
1994-12-07,1.2992
1994-12-08,1.2995
1994-12-09,1.2917
1994-12-12,1.292
1994-12-13,1.2903
1994-12-14,1.2895
1994-12-15,1.2857
1994-12-16,1.2903
1994-12-19,1.2878
1994-12-20,1.2898
1994-12-21,1.2903
1994-12-22,1.2895
1994-12-23,1.287
1994-12-27,1.2878
1994-12-28,1.2862
1994-12-29,1.2885
1994-12-30,1.2898
1995-01-03,1.2982
1995-01-04,1.3007
1995-01-05,1.3029
1995-01-06,1.3055
1995-01-09,1.3123
1995-01-10,1.3038
1995-01-11,1.2982
1995-01-12,1.3046
1995-01-13,1.321
1995-01-17,1.3184
1995-01-18,1.3153
1995-01-19,1.3063
1995-01-20,1.3012
1995-01-23,1.3033
1995-01-24,1.2987
1995-01-25,1.3084
1995-01-26,1.3063
1995-01-27,1.3123
1995-01-30,1.3175
1995-01-31,1.3201
1995-02-01,1.3175
1995-02-02,1.3184
1995-02-03,1.3289
1995-02-06,1.3314
1995-02-07,1.3398
1995-02-08,1.3439
1995-02-09,1.3441
1995-02-10,1.3419
1995-02-13,1.3437
1995-02-14,1.3441
1995-02-15,1.3387
1995-02-16,1.3414
1995-02-17,1.3559
1995-02-21,1.3486
1995-02-22,1.355
1995-02-23,1.3578
1995-02-24,1.3563
1995-02-27,1.3523
1995-02-28,1.355
1995-03-01,1.3609
1995-03-02,1.3569
1995-03-03,1.3548
1995-03-06,1.3526
1995-03-07,1.3541
1995-03-08,1.353
1995-03-09,1.3495
1995-03-10,1.3432
1995-03-13,1.3401
1995-03-14,1.3441
1995-03-15,1.3414
1995-03-16,1.3405
1995-03-17,1.3624
1995-03-20,1.3816
1995-03-21,1.3767
1995-03-22,1.3793
1995-03-23,1.3787
1995-03-24,1.3727
1995-03-27,1.3789
1995-03-28,1.3749
1995-03-29,1.3814
1995-03-30,1.3736
1995-03-31,1.3652
1995-04-03,1.3648
1995-04-04,1.3648
1995-04-05,1.3526
1995-04-06,1.351
1995-04-07,1.3495
1995-04-10,1.3495
1995-04-11,1.3504
1995-04-12,1.3464
1995-04-13,1.3519
1995-04-14,1.3514
1995-04-17,1.3481
1995-04-18,1.3493
1995-04-19,1.3604
1995-04-20,1.3615
1995-04-21,1.3652
1995-04-24,1.3702
1995-04-25,1.3755
1995-04-26,1.377
1995-04-27,1.374
1995-04-28,1.3751
1995-05-01,1.3727
1995-05-02,1.3714
1995-05-03,1.3643
1995-05-04,1.3504
1995-05-05,1.3483
1995-05-08,1.3541
1995-05-09,1.3714
1995-05-10,1.3725
1995-05-11,1.3646
1995-05-12,1.3501
1995-05-15,1.3637
1995-05-16,1.3749
1995-05-17,1.3689
1995-05-18,1.3937
1995-05-19,1.3986
1995-05-22,1.3926
1995-05-23,1.3914
1995-05-24,1.3947
1995-05-25,1.3904
1995-05-26,1.3908
1995-05-30,1.3883
1995-05-31,1.3908
1995-06-01,1.3978
1995-06-02,1.3957
1995-06-05,1.4
1995-06-06,1.3957
1995-06-07,1.3879
1995-06-08,1.3837
1995-06-09,1.3889
1995-06-12,1.3937
1995-06-13,1.3902
1995-06-14,1.386
1995-06-15,1.3746
1995-06-16,1.3734
1995-06-19,1.3761
1995-06-20,1.3806
1995-06-21,1.3784
1995-06-22,1.3875
1995-06-23,1.3873
1995-06-26,1.3918
1995-06-27,1.4002
1995-06-28,1.4002
1995-06-29,1.3976
1995-06-30,1.4069
1995-07-03,1.4085
1995-07-05,1.4085
1995-07-06,1.4055
1995-07-07,1.3972
1995-07-10,1.3994
1995-07-11,1.3889
1995-07-12,1.386
1995-07-13,1.3648
1995-07-14,1.3693
1995-07-17,1.3656
1995-07-18,1.3654
1995-07-19,1.3661
1995-07-20,1.3609
1995-07-21,1.3605
1995-07-24,1.3559
1995-07-25,1.3541
1995-07-26,1.3548
1995-07-27,1.3578
1995-07-28,1.3581
1995-07-31,1.3537
1995-08-01,1.3508
1995-08-02,1.3504
1995-08-03,1.351
1995-08-04,1.3468
1995-08-07,1.3488
1995-08-08,1.3448
1995-08-09,1.3477
1995-08-10,1.3517
1995-08-11,1.3477
1995-08-14,1.3486
1995-08-15,1.3581
1995-08-16,1.3661
1995-08-17,1.3671
1995-08-18,1.3596
1995-08-21,1.3572
1995-08-22,1.3514
1995-08-23,1.3504
1995-08-24,1.3499
1995-08-25,1.345
1995-08-28,1.3452
1995-08-29,1.3316
1995-08-30,1.3252
1995-08-31,1.3303
1995-09-01,1.3344
1995-09-05,1.3316
1995-09-06,1.3324
1995-09-07,1.3316
1995-09-08,1.3307
1995-09-11,1.3289
1995-09-12,1.3158
1995-09-13,1.311
1995-09-14,1.3123
1995-09-15,1.3168
1995-09-18,1.3245
1995-09-19,1.3156
1995-09-20,1.3219
1995-09-21,1.3266
1995-09-22,1.3414
1995-09-25,1.3346
1995-09-26,1.338
1995-09-27,1.336
1995-09-28,1.3289
1995-09-29,1.3236
1995-10-02,1.3123
1995-10-03,1.3058
1995-10-04,1.3104
1995-10-05,1.3161
1995-10-06,1.3137
1995-10-10,1.3189
1995-10-11,1.311
1995-10-12,1.3153
1995-10-13,1.3175
1995-10-16,1.3228
1995-10-17,1.321
1995-10-18,1.3254
1995-10-19,1.3298
1995-10-20,1.3339
1995-10-23,1.3369
1995-10-24,1.3385
1995-10-25,1.336
1995-10-26,1.324
1995-10-27,1.3263
1995-10-30,1.3141
1995-10-31,1.3132
1995-11-01,1.3153
1995-11-02,1.3184
1995-11-03,1.3193
1995-11-06,1.328
1995-11-07,1.3284
1995-11-08,1.3328
1995-11-09,1.3591
1995-11-10,1.3554
1995-11-13,1.355
1995-11-14,1.351
1995-11-15,1.3605
1995-11-16,1.3504
1995-11-17,1.3504
1995-11-20,1.3452
1995-11-21,1.3412
1995-11-22,1.3493
1995-11-24,1.3514
1995-11-27,1.3504
1995-11-28,1.3333
1995-11-29,1.336
1995-11-30,1.347
1995-12-01,1.3565
1995-12-04,1.3521
1995-12-05,1.3543
1995-12-06,1.3523
1995-12-07,1.3532
1995-12-08,1.3556
1995-12-11,1.3587
1995-12-12,1.3504
1995-12-13,1.3434
1995-12-14,1.3552
1995-12-15,1.3495
1995-12-18,1.3504
1995-12-19,1.3499
1995-12-20,1.3495
1995-12-21,1.3486
1995-12-22,1.3523
1995-12-26,1.3514
1995-12-27,1.3373
1995-12-28,1.3423
1995-12-29,1.3455
1996-01-02,1.3454
1996-01-03,1.336
1996-01-04,1.3417
1996-01-05,1.3378
1996-01-08,1.3382
1996-01-09,1.3428
1996-01-10,1.3389
1996-01-11,1.3396
1996-01-12,1.3432
1996-01-16,1.3457
1996-01-17,1.3514
1996-01-18,1.3534
1996-01-19,1.3596
1996-01-22,1.3665
1996-01-23,1.3605
1996-01-24,1.3589
1996-01-25,1.3569
1996-01-26,1.3546
1996-01-29,1.3514
1996-01-30,1.3483
1996-01-31,1.3435
1996-02-01,1.338
1996-02-02,1.3233
1996-02-05,1.3247
1996-02-06,1.325
1996-02-07,1.3271
1996-02-08,1.3201
1996-02-09,1.3254
1996-02-12,1.3257
1996-02-13,1.3277
1996-02-14,1.3229
1996-02-15,1.3236
1996-02-16,1.3245
1996-02-20,1.324
1996-02-21,1.3316
1996-02-22,1.3254
1996-02-23,1.3228
1996-02-26,1.3221
1996-02-27,1.3191
1996-02-28,1.3094
1996-02-29,1.3084
1996-03-01,1.3127
1996-03-04,1.3154
1996-03-05,1.3158
1996-03-06,1.312
1996-03-07,1.3115
1996-03-08,1.3024
1996-03-11,1.3021
1996-03-12,1.2987
1996-03-13,1.2925
1996-03-14,1.292
1996-03-15,1.293
1996-03-18,1.293
1996-03-19,1.2917
1996-03-20,1.2903
1996-03-21,1.2853
1996-03-22,1.2872
1996-03-25,1.2928
1996-03-26,1.2945
1996-03-27,1.2855
1996-03-28,1.2786
1996-03-29,1.2796
1996-04-01,1.2755
1996-04-02,1.2784
1996-04-03,1.2804
1996-04-04,1.2804
1996-04-05,1.2758
1996-04-08,1.2771
1996-04-09,1.2721
1996-04-10,1.2686
1996-04-11,1.2663
1996-04-12,1.2658
1996-04-15,1.2655
1996-04-16,1.2698
1996-04-17,1.2736
1996-04-18,1.2796
1996-04-19,1.2796
1996-04-22,1.2715
1996-04-23,1.2668
1996-04-24,1.2747
1996-04-25,1.2682
1996-04-26,1.2686
1996-04-29,1.2706
1996-04-30,1.2732
1996-05-01,1.2665
1996-05-02,1.2577
1996-05-03,1.2571
1996-05-06,1.2566
1996-05-07,1.2525
1996-05-08,1.2492
1996-05-09,1.2527
1996-05-10,1.246
1996-05-13,1.2481
1996-05-14,1.2473
1996-05-15,1.2489
1996-05-16,1.2477
1996-05-17,1.25
1996-05-20,1.2587
1996-05-21,1.2614
1996-05-22,1.259
1996-05-23,1.2602
1996-05-24,1.2636
1996-05-28,1.2587
1996-05-29,1.2527
1996-05-30,1.2568
1996-05-31,1.2531
1996-06-03,1.2484
1996-06-04,1.2516
1996-06-05,1.261
1996-06-06,1.2731
1996-06-07,1.2636
1996-06-10,1.2602
1996-06-11,1.2628
1996-06-12,1.265
1996-06-13,1.2626
1996-06-14,1.2625
1996-06-17,1.2626
1996-06-18,1.2671
1996-06-19,1.2697
1996-06-20,1.2682
1996-06-21,1.265
1996-06-24,1.2653
1996-06-25,1.2649
1996-06-26,1.2641
1996-06-27,1.2674
1996-06-28,1.2729
1996-07-01,1.2703
1996-07-02,1.2776
1996-07-03,1.2799
1996-07-05,1.2563
1996-07-08,1.2604
1996-07-09,1.2623
1996-07-10,1.2539
1996-07-11,1.2528
1996-07-12,1.2542
1996-07-15,1.2582
1996-07-16,1.2639
1996-07-17,1.2698
1996-07-18,1.2626
1996-07-19,1.2649
1996-07-22,1.2631
1996-07-23,1.2641
1996-07-24,1.2639
1996-07-25,1.269
1996-07-26,1.2702
1996-07-29,1.2705
1996-07-30,1.278
1996-07-31,1.2928
1996-08-01,1.2952
1996-08-02,1.2937
1996-08-05,1.2938
1996-08-06,1.289
1996-08-07,1.2867
1996-08-08,1.285
1996-08-09,1.2845
1996-08-12,1.286
1996-08-13,1.2834
1996-08-14,1.2837
1996-08-15,1.2776
1996-08-16,1.276
1996-08-19,1.2658
1996-08-20,1.2719
1996-08-21,1.2661
1996-08-22,1.2642
1996-08-23,1.2653
1996-08-26,1.265
1996-08-27,1.271
1996-08-28,1.265
1996-08-29,1.2642
1996-08-30,1.2642
1996-09-03,1.2626
1996-09-04,1.2625
1996-09-05,1.2591
1996-09-06,1.2539
1996-09-09,1.2481
1996-09-10,1.2514
1996-09-11,1.2494
1996-09-12,1.2563
1996-09-13,1.2615
1996-09-16,1.2706
1996-09-17,1.2658
1996-09-18,1.2681
1996-09-19,1.2666
1996-09-20,1.2653
1996-09-23,1.2629
1996-09-24,1.2698
1996-09-25,1.2649
1996-09-26,1.261
1996-09-27,1.2641
1996-09-30,1.2639
1996-10-01,1.2634
1996-10-02,1.2579
1996-10-03,1.2658
1996-10-04,1.2666
1996-10-07,1.2711
1996-10-08,1.2674
1996-10-09,1.2668
1996-10-10,1.2658
1996-10-11,1.265
1996-10-15,1.2647
1996-10-16,1.2636
1996-10-17,1.2626
1996-10-18,1.256
1996-10-21,1.2552
1996-10-22,1.2568
1996-10-23,1.2587
1996-10-24,1.2615
1996-10-25,1.2629
1996-10-28,1.2652
1996-10-29,1.2644
1996-10-30,1.2629
1996-10-31,1.261
1996-11-01,1.2671
1996-11-04,1.271
1996-11-05,1.2706
1996-11-06,1.2625
1996-11-07,1.2771
1996-11-08,1.2682
1996-11-12,1.2668
1996-11-13,1.2697
1996-11-14,1.265
1996-11-15,1.2658
1996-11-18,1.2633
1996-11-19,1.2594
1996-11-20,1.2508
1996-11-21,1.233
1996-11-22,1.2315
1996-11-25,1.2321
1996-11-26,1.2326
1996-11-27,1.2329
1996-11-29,1.229
1996-12-02,1.2225
1996-12-03,1.2547
1996-12-04,1.2531
1996-12-05,1.2531
1996-12-06,1.2561
1996-12-09,1.2452
1996-12-10,1.2472
1996-12-11,1.2626
1996-12-12,1.2618
1996-12-13,1.2634
1996-12-16,1.261
1996-12-17,1.2564
1996-12-18,1.265
1996-12-19,1.2594
1996-12-20,1.259
1996-12-23,1.2547
1996-12-24,1.2563
1996-12-26,1.2579
1996-12-27,1.2579
1996-12-30,1.2568
1996-12-31,1.2588
1997-01-02,1.2666
1997-01-03,1.2636
1997-01-06,1.2687
1997-01-07,1.2673
1997-01-08,1.2827
1997-01-09,1.2853
1997-01-10,1.2791
1997-01-13,1.2849
1997-01-14,1.2804
1997-01-15,1.2875
1997-01-16,1.2835
1997-01-17,1.2821
1997-01-21,1.2863
1997-01-22,1.2893
1997-01-23,1.296
1997-01-24,1.2953
1997-01-27,1.295
1997-01-28,1.3004
1997-01-29,1.2987
1997-01-30,1.306
1997-01-31,1.3115
1997-02-03,1.3038
1997-02-04,1.3106
1997-02-05,1.3135
1997-02-06,1.3075
1997-02-07,1.3139
1997-02-10,1.3207
1997-02-11,1.3187
1997-02-12,1.3175
1997-02-13,1.3028
1997-02-14,1.3063
1997-02-18,1.3067
1997-02-19,1.305
1997-02-20,1.2984
1997-02-21,1.287
1997-02-24,1.287
1997-02-25,1.2873
1997-02-26,1.2917
1997-02-27,1.2857
1997-02-28,1.2878
1997-03-03,1.2718
1997-03-04,1.2668
1997-03-05,1.2753
1997-03-06,1.2702
1997-03-07,1.269
1997-03-10,1.2698
1997-03-11,1.2615
1997-03-12,1.2594
1997-03-13,1.2621
1997-03-14,1.2534
1997-03-17,1.2602
1997-03-18,1.2723
1997-03-19,1.2723
1997-03-20,1.2705
1997-03-21,1.2753
1997-03-24,1.2706
1997-03-25,1.2793
1997-03-26,1.2771
1997-03-27,1.2794
1997-03-28,1.2763
1997-03-31,1.2755
1997-04-01,1.2697
1997-04-02,1.2747
1997-04-03,1.2837
1997-04-04,1.2895
1997-04-07,1.2883
1997-04-08,1.2804
1997-04-09,1.2758
1997-04-10,1.2798
1997-04-11,1.2723
1997-04-14,1.2837
1997-04-15,1.2895
1997-04-16,1.296
1997-04-17,1.2928
1997-04-18,1.292
1997-04-21,1.2887
1997-04-22,1.2853
1997-04-23,1.2878
1997-04-24,1.2895
1997-04-25,1.2873
1997-04-28,1.2825
1997-04-29,1.2814
1997-04-30,1.2829
1997-05-01,1.2747
1997-05-02,1.2755
1997-05-05,1.2821
1997-05-06,1.2867
1997-05-07,1.288
1997-05-08,1.2821
1997-05-09,1.2847
1997-05-12,1.2842
1997-05-13,1.2875
1997-05-14,1.2853
1997-05-15,1.2878
1997-05-16,1.2907
1997-05-19,1.2915
1997-05-20,1.2917
1997-05-21,1.2755
1997-05-22,1.2829
1997-05-23,1.3072
1997-05-27,1.3089
1997-05-28,1.3098
1997-05-29,1.3082
1997-05-30,1.3106
1997-06-02,1.3193
1997-06-03,1.3153
1997-06-04,1.318
1997-06-05,1.3141
1997-06-06,1.3144
1997-06-09,1.3134
1997-06-10,1.313
1997-06-11,1.3194
1997-06-12,1.3291
1997-06-13,1.331
1997-06-16,1.336
1997-06-17,1.3333
1997-06-18,1.3324
1997-06-19,1.3339
1997-06-20,1.3289
1997-06-23,1.3298
1997-06-24,1.3319
1997-06-25,1.331
1997-06-26,1.3342
1997-06-27,1.3414
1997-06-30,1.3245
1997-07-01,1.3282
1997-07-02,1.3289
1997-07-03,1.3268
1997-07-07,1.345
1997-07-08,1.3387
1997-07-09,1.3423
1997-07-10,1.3459
1997-07-11,1.3506
1997-07-14,1.3587
1997-07-15,1.3618
1997-07-16,1.3596
1997-07-17,1.3592
1997-07-18,1.3459
1997-07-21,1.3495
1997-07-22,1.3521
1997-07-23,1.3576
1997-07-24,1.3559
1997-07-25,1.3565
1997-07-28,1.3615
1997-07-29,1.3423
1997-07-30,1.3428
1997-07-31,1.3421
1997-08-01,1.3526
1997-08-04,1.3541
1997-08-05,1.3528
1997-08-06,1.3587
1997-08-07,1.3637
1997-08-08,1.363
1997-08-11,1.3572
1997-08-12,1.3548
1997-08-13,1.3432
1997-08-14,1.3464
1997-08-15,1.3463
1997-08-18,1.3537
1997-08-19,1.3486
1997-08-20,1.3473
1997-08-21,1.3364
1997-08-22,1.3365
1997-08-25,1.3399
1997-08-26,1.3396
1997-08-27,1.3514
1997-08-28,1.3578
1997-08-29,1.3615
1997-09-02,1.3765
1997-09-03,1.3778
1997-09-04,1.3659
1997-09-05,1.3684
1997-09-08,1.3699
1997-09-09,1.3699
1997-09-10,1.3755
1997-09-11,1.3889
1997-09-12,1.386
1997-09-15,1.3891
1997-09-16,1.3957
1997-09-17,1.3961
1997-09-18,1.3957
1997-09-19,1.3883
1997-09-22,1.3899
1997-09-23,1.3899
1997-09-24,1.3877
1997-09-25,1.3784
1997-09-26,1.3837
1997-09-29,1.3908
1997-09-30,1.3793
1997-10-01,1.3736
1997-10-02,1.3731
1997-10-03,1.3746
1997-10-06,1.3822
1997-10-07,1.3793
1997-10-08,1.3727
1997-10-09,1.3594
1997-10-10,1.3587
1997-10-14,1.358
1997-10-15,1.3652
1997-10-16,1.3539
1997-10-17,1.3652
1997-10-20,1.3708
1997-10-21,1.3831
1997-10-22,1.4164
1997-10-23,1.4255
1997-10-24,1.4286
1997-10-27,1.4472
1997-10-28,1.4235
1997-10-29,1.4205
1997-10-30,1.4269
1997-10-31,1.4225
1997-11-03,1.4045
1997-11-04,1.4194
1997-11-05,1.4225
1997-11-06,1.4331
1997-11-07,1.4409
1997-11-10,1.4347
1997-11-12,1.442
1997-11-13,1.4364
1997-11-14,1.4368
1997-11-17,1.4308
1997-11-18,1.4306
1997-11-19,1.451
1997-11-20,1.4531
1997-11-21,1.4306
1997-11-24,1.4413
1997-11-25,1.4567
1997-11-26,1.4631
1997-11-28,1.4652
1997-12-01,1.4771
1997-12-02,1.4771
1997-12-03,1.4793
1997-12-04,1.4854
1997-12-05,1.4899
1997-12-08,1.4914
1997-12-09,1.4981
1997-12-10,1.5004
1997-12-11,1.5015
1997-12-12,1.5083
1997-12-15,1.523
1997-12-16,1.5408
1997-12-17,1.514
1997-12-18,1.5232
1997-12-19,1.5314
1997-12-22,1.533
1997-12-23,1.5232
1997-12-24,1.5249
1997-12-26,1.5246
1997-12-29,1.5291
1997-12-30,1.5344
1997-12-31,1.5349
1998-01-02,1.5385
1998-01-05,1.5581
1998-01-06,1.5755
1998-01-07,1.5588
1998-01-08,1.5741
1998-01-09,1.5456
1998-01-12,1.5552
1998-01-13,1.5468
1998-01-14,1.5456
1998-01-15,1.5378
1998-01-16,1.5119
1998-01-20,1.5022
1998-01-21,1.5163
1998-01-22,1.5161
1998-01-23,1.5083
1998-01-26,1.4939
1998-01-27,1.4819
1998-01-28,1.4684
1998-01-29,1.4815
1998-01-30,1.4594
1998-02-02,1.456
1998-02-03,1.4652
1998-02-04,1.468
1998-02-05,1.4782
1998-02-06,1.4925
1998-02-09,1.487
1998-02-10,1.4676
1998-02-11,1.4749
1998-02-12,1.4771
1998-02-13,1.487
1998-02-17,1.4959
1998-02-18,1.4921
1998-02-19,1.4793
1998-02-20,1.489
1998-02-23,1.4993
1998-02-24,1.5017
1998-02-25,1.5026
1998-02-26,1.4896
1998-02-27,1.4738
1998-03-02,1.4652
1998-03-03,1.4715
1998-03-04,1.4826
1998-03-05,1.497
1998-03-06,1.4981
1998-03-09,1.4988
1998-03-10,1.497
1998-03-11,1.4993
1998-03-12,1.4937
1998-03-13,1.4793
1998-03-16,1.4925
1998-03-17,1.4892
1998-03-18,1.5067
1998-03-19,1.5092
1998-03-20,1.5049
1998-03-23,1.5026
1998-03-24,1.489
1998-03-25,1.4925
1998-03-26,1.4832
1998-03-27,1.4837
1998-03-30,1.5081
1998-03-31,1.5122
1998-04-01,1.5175
1998-04-02,1.526
1998-04-03,1.5225
1998-04-06,1.5163
1998-04-07,1.5158
1998-04-08,1.5221
1998-04-09,1.5267
1998-04-10,1.5232
1998-04-13,1.526
1998-04-14,1.5456
1998-04-15,1.5408
1998-04-16,1.5385
1998-04-17,1.5408
1998-04-20,1.5492
1998-04-21,1.5415
1998-04-22,1.5349
1998-04-23,1.5302
1998-04-24,1.5368
1998-04-27,1.5449
1998-04-28,1.5528
1998-04-29,1.542
1998-04-30,1.5337
1998-05-01,1.5337
1998-05-04,1.5504
1998-05-05,1.5596
1998-05-06,1.5699
1998-05-07,1.5691
1998-05-08,1.5736
1998-05-11,1.5696
1998-05-12,1.5798
1998-05-13,1.5934
1998-05-14,1.5949
1998-05-15,1.5949
1998-05-18,1.6075
1998-05-19,1.6036
1998-05-20,1.5987
1998-05-21,1.5863
1998-05-22,1.5835
1998-05-26,1.6064
1998-05-27,1.609
1998-05-28,1.608
1998-05-29,1.5974
1998-06-01,1.626
1998-06-02,1.6273
1998-06-03,1.6353
1998-06-04,1.6367
1998-06-05,1.6653
1998-06-08,1.6681
1998-06-09,1.6793
1998-06-10,1.7036
1998-06-11,1.7044
1998-06-12,1.6878
1998-06-15,1.6966
1998-06-16,1.6878
1998-06-17,1.6445
1998-06-18,1.6483
1998-06-19,1.5949
1998-06-22,1.6367
1998-06-23,1.6453
1998-06-24,1.6464
1998-06-25,1.6518
1998-06-26,1.6584
1998-06-29,1.6461
1998-06-30,1.6108
1998-07-01,1.6155
1998-07-02,1.6353
1998-07-03,1.6168
1998-07-06,1.6221
1998-07-07,1.6142
1998-07-08,1.6221
1998-07-09,1.6327
1998-07-10,1.6287
1998-07-13,1.6221
1998-07-14,1.6013
1998-07-15,1.6041
1998-07-16,1.5898
1998-07-17,1.5957
1998-07-20,1.587
1998-07-21,1.5967
1998-07-22,1.61
1998-07-23,1.6213
1998-07-24,1.6139
1998-07-27,1.642
1998-07-28,1.6353
1998-07-29,1.638
1998-07-30,1.6273
1998-07-31,1.6474
1998-08-03,1.657
1998-08-04,1.6529
1998-08-05,1.642
1998-08-06,1.6556
1998-08-07,1.6692
1998-08-10,1.6708
1998-08-11,1.6889
1998-08-12,1.6821
1998-08-13,1.6736
1998-08-14,1.6835
1998-08-17,1.6878
1998-08-18,1.6841
1998-08-19,1.6835
1998-08-20,1.6958
1998-08-21,1.7153
1998-08-24,1.7265
1998-08-25,1.7361
1998-08-26,1.7599
1998-08-27,1.8018
1998-08-28,1.7699
1998-08-31,1.7483
1998-09-01,1.7227
1998-09-02,1.7153
1998-09-03,1.7212
1998-09-04,1.7062
1998-09-08,1.6958
1998-09-09,1.7021
1998-09-10,1.6762
1998-09-11,1.6639
1998-09-14,1.6866
1998-09-15,1.6821
1998-09-16,1.6849
1998-09-17,1.6844
1998-09-18,1.7021
1998-09-21,1.7138
1998-09-22,1.7079
1998-09-23,1.7298
1998-09-24,1.7135
1998-09-25,1.6918
1998-09-28,1.7056
1998-09-29,1.6736
1998-09-30,1.6863
1998-10-01,1.675
1998-10-02,1.6835
1998-10-05,1.6835
1998-10-06,1.6987
1998-10-07,1.6186
1998-10-08,1.6173
1998-10-09,1.6228
1998-10-13,1.5941
1998-10-14,1.5888
1998-10-15,1.5848
1998-10-16,1.5805
1998-10-19,1.5803
1998-10-20,1.5911
1998-10-21,1.5936
1998-10-22,1.5992
1998-10-23,1.6171
1998-10-26,1.6221
1998-10-27,1.625
1998-10-28,1.6234
1998-10-29,1.6049
1998-10-30,1.6
1998-11-02,1.5995
1998-11-03,1.599
1998-11-04,1.5908
1998-11-05,1.5823
1998-11-06,1.5773
1998-11-09,1.5753
1998-11-10,1.6069
1998-11-12,1.5823
1998-11-13,1.5645
1998-11-16,1.5662
1998-11-17,1.5765
1998-11-18,1.5487
1998-11-19,1.5535
1998-11-20,1.5538
1998-11-23,1.5601
1998-11-24,1.5584
1998-11-25,1.5625
1998-11-27,1.5775
1998-11-30,1.5924
1998-12-01,1.586
1998-12-02,1.5848
1998-12-03,1.6013
1998-12-04,1.6194
1998-12-07,1.6119
1998-12-08,1.6247
1998-12-09,1.6221
1998-12-10,1.6142
1998-12-11,1.6108
1998-12-14,1.6119
1998-12-15,1.6038
1998-12-16,1.6163
1998-12-17,1.6049
1998-12-18,1.61
1998-12-21,1.6207
1998-12-22,1.6273
1998-12-23,1.6356
1998-12-24,1.6367
1998-12-28,1.6474
1998-12-29,1.6356
1998-12-30,1.6316
1998-12-31,1.6332
1999-01-04,1.6176
1999-01-05,1.6085
1999-01-06,1.5911
1999-01-07,1.5773
1999-01-08,1.5808
1999-01-11,1.5637
1999-01-12,1.5623
1999-01-13,1.5848
1999-01-14,1.5835
1999-01-15,1.5773
1999-01-19,1.5662
1999-01-20,1.563
1999-01-21,1.5635
1999-01-22,1.5753
1999-01-25,1.585
1999-01-26,1.586
1999-01-27,1.5941
1999-01-28,1.598
1999-01-29,1.5881
1999-02-01,1.5783
1999-02-02,1.5623
1999-02-03,1.5588
1999-02-04,1.5408
1999-02-05,1.5344
1999-02-08,1.5337
1999-02-09,1.5461
1999-02-10,1.5497
1999-02-11,1.5396
1999-02-12,1.5473
1999-02-16,1.5674
1999-02-17,1.5783
1999-02-18,1.5748
1999-02-19,1.5686
1999-02-22,1.5625
1999-02-23,1.5645
1999-02-24,1.5835
1999-02-25,1.5944
1999-02-26,1.6116
1999-03-01,1.6184
1999-03-02,1.6116
1999-03-03,1.6051
1999-03-04,1.6021
1999-03-05,1.5911
1999-03-08,1.586
1999-03-09,1.5731
1999-03-10,1.5748
1999-03-11,1.5711
1999-03-12,1.5723
1999-03-15,1.5835
1999-03-16,1.5974
1999-03-17,1.5941
1999-03-18,1.587
1999-03-19,1.5863
1999-03-22,1.5783
1999-03-23,1.5669
1999-03-24,1.564
1999-03-25,1.5716
1999-03-26,1.5743
1999-03-29,1.5815
1999-03-30,1.5949
1999-03-31,1.5773
1999-04-01,1.5738
1999-04-02,1.576
1999-04-05,1.5835
1999-04-06,1.5924
1999-04-07,1.5944
1999-04-08,1.6015
1999-04-09,1.5883
1999-04-12,1.5765
1999-04-13,1.5711
1999-04-14,1.5679
1999-04-15,1.5726
1999-04-16,1.5466
1999-04-19,1.5342
1999-04-20,1.5444
1999-04-21,1.5458
1999-04-22,1.5368
1999-04-23,1.5347
1999-04-26,1.5413
1999-04-27,1.5373
1999-04-28,1.5293
1999-04-29,1.5191
1999-04-30,1.5106
1999-05-03,1.506
1999-05-04,1.5094
1999-05-05,1.5119
1999-05-06,1.4948
1999-05-07,1.4905
1999-05-10,1.4952
1999-05-11,1.4899
1999-05-12,1.4993
1999-05-13,1.4972
1999-05-14,1.5042
1999-05-17,1.5011
1999-05-18,1.4914
1999-05-19,1.5076
1999-05-20,1.5129
1999-05-21,1.5163
1999-05-24,1.5163
1999-05-25,1.5198
1999-05-26,1.5404
1999-05-27,1.542
1999-05-28,1.5319
1999-06-01,1.5588
1999-06-02,1.5516
1999-06-03,1.5439
1999-06-04,1.5256
1999-06-07,1.5191
1999-06-08,1.5184
1999-06-09,1.5186
1999-06-10,1.5094
1999-06-11,1.5053
1999-06-14,1.5083
1999-06-15,1.5198
1999-06-16,1.5232
1999-06-17,1.5209
1999-06-18,1.5307
1999-06-21,1.5366
1999-06-22,1.5302
1999-06-23,1.5225
1999-06-24,1.5193
1999-06-25,1.511
1999-06-28,1.5198
1999-06-29,1.5198
1999-06-30,1.5126
1999-07-01,1.5004
1999-07-02,1.4919
1999-07-06,1.5022
1999-07-07,1.506
1999-07-08,1.5026
1999-07-09,1.5049
1999-07-12,1.5106
1999-07-13,1.5168
1999-07-14,1.517
1999-07-15,1.5092
1999-07-16,1.5147
1999-07-19,1.5349
1999-07-20,1.5425
1999-07-21,1.5444
1999-07-22,1.5466
1999-07-23,1.5432
1999-07-26,1.5449
1999-07-27,1.5521
1999-07-28,1.5523
1999-07-29,1.5396
1999-07-30,1.5333
1999-08-02,1.5385
1999-08-03,1.5302
1999-08-04,1.5186
1999-08-05,1.5279
1999-08-06,1.5312
1999-08-09,1.5385
1999-08-10,1.5356
1999-08-11,1.542
1999-08-12,1.5396
1999-08-13,1.5344
1999-08-16,1.5392
1999-08-17,1.542
1999-08-18,1.5461
1999-08-19,1.5711
1999-08-20,1.5642
1999-08-23,1.5726
1999-08-24,1.5699
1999-08-25,1.5788
1999-08-26,1.5873
1999-08-27,1.5823
1999-08-30,1.5808
1999-08-31,1.5674
1999-09-01,1.5649
1999-09-02,1.5511
1999-09-03,1.5463
1999-09-07,1.5468
1999-09-08,1.5418
1999-09-09,1.5337
1999-09-10,1.5337
1999-09-13,1.5214
1999-09-14,1.5279
1999-09-15,1.5415
1999-09-16,1.5475
1999-09-17,1.543
1999-09-20,1.5591
1999-09-21,1.5456
1999-09-22,1.5354
1999-09-23,1.5427
1999-09-24,1.5326
1999-09-27,1.5326
1999-09-28,1.5256
1999-09-29,1.5314
1999-09-30,1.5319
1999-10-01,1.5291
1999-10-04,1.5135
1999-10-05,1.5076
1999-10-06,1.514
1999-10-07,1.5147
1999-10-08,1.5291
1999-10-12,1.5256
1999-10-13,1.5408
1999-10-14,1.5385
1999-10-15,1.5444
1999-10-18,1.5528
1999-10-19,1.5418
1999-10-20,1.5473
1999-10-21,1.5456
1999-10-22,1.5378
1999-10-25,1.5366
1999-10-26,1.5378
1999-10-27,1.5538
1999-10-28,1.5487
1999-10-29,1.5684
1999-11-01,1.5669
1999-11-02,1.5613
1999-11-03,1.5535
1999-11-04,1.5667
1999-11-05,1.5662
1999-11-08,1.5711
1999-11-09,1.5686
1999-11-10,1.562
1999-11-12,1.555
1999-11-15,1.5463
1999-11-16,1.5584
1999-11-17,1.564
1999-11-18,1.5637
1999-11-19,1.5649
1999-11-22,1.5684
1999-11-23,1.5733
1999-11-24,1.5815
1999-11-26,1.576
1999-11-29,1.5704
1999-11-30,1.5696
1999-12-01,1.5738
1999-12-02,1.5798
1999-12-03,1.5793
1999-12-06,1.5753
1999-12-07,1.5718
1999-12-08,1.5674
1999-12-09,1.5635
1999-12-10,1.5711
1999-12-13,1.5798
1999-12-14,1.5743
1999-12-15,1.5731
1999-12-16,1.5564
1999-12-17,1.5562
1999-12-20,1.5586
1999-12-21,1.5545
1999-12-22,1.5538
1999-12-23,1.5497
1999-12-24,1.5559
1999-12-27,1.5509
1999-12-28,1.5504
1999-12-29,1.5378
1999-12-30,1.5293
1999-12-31,1.5244
2000-01-03,1.5172
2000-01-04,1.5239
2000-01-05,1.5267
2000-01-06,1.5291
2000-01-07,1.5272
2000-01-10,1.5242
2000-01-11,1.5209
2000-01-12,1.5202
2000-01-13,1.4954
2000-01-14,1.5004
2000-01-18,1.506
2000-01-19,1.5074
2000-01-20,1.5002
2000-01-21,1.5103
2000-01-24,1.5281
2000-01-25,1.5286
2000-01-26,1.5373
2000-01-27,1.5267
2000-01-28,1.5962
2000-01-31,1.5669
2000-02-01,1.5835
2000-02-02,1.5723
2000-02-03,1.5657
2000-02-04,1.5835
2000-02-07,1.5775
2000-02-08,1.5741
2000-02-09,1.576
2000-02-10,1.5823
2000-02-11,1.5918
2000-02-14,1.5926
2000-02-15,1.5873
2000-02-16,1.587
2000-02-17,1.5823
2000-02-18,1.5893
2000-02-22,1.5982
2000-02-23,1.6139
2000-02-24,1.6276
2000-02-25,1.6194
2000-02-28,1.6351
2000-02-29,1.6247
2000-03-01,1.6483
2000-03-02,1.6455
2000-03-03,1.6442
2000-03-06,1.6622
2000-03-07,1.657
2000-03-08,1.641
2000-03-09,1.6247
2000-03-10,1.6297
2000-03-13,1.6221
2000-03-14,1.6287
2000-03-15,1.6327
2000-03-16,1.6375
2000-03-17,1.6483
2000-03-20,1.6488
2000-03-21,1.6393
2000-03-22,1.6513
2000-03-23,1.6554
2000-03-24,1.6491
2000-03-27,1.6356
2000-03-28,1.6284
2000-03-29,1.6329
2000-03-30,1.6327
2000-03-31,1.6496
2000-04-03,1.6466
2000-04-04,1.6578
2000-04-05,1.6521
2000-04-06,1.6622
2000-04-07,1.6658
2000-04-10,1.6692
2000-04-11,1.6787
2000-04-12,1.675
2000-04-13,1.677
2000-04-14,1.6745
2000-04-17,1.6912
2000-04-18,1.6818
2000-04-19,1.6787
2000-04-20,1.6861
2000-04-21,1.6878
2000-04-24,1.6821
2000-04-25,1.679
2000-04-26,1.6978
2000-04-27,1.7021
2000-04-28,1.7132
2000-05-01,1.7241
2000-05-02,1.7074
2000-05-03,1.6949
2000-05-04,1.6909
2000-05-05,1.6849
2000-05-08,1.7036
2000-05-09,1.7159
2000-05-10,1.7197
2000-05-11,1.7271
2000-05-12,1.7212
2000-05-15,1.7425
2000-05-16,1.7322
2000-05-17,1.759
2000-05-18,1.7535
2000-05-19,1.7458
2000-05-22,1.7422
2000-05-23,1.74
2000-05-24,1.7504
2000-05-25,1.7544
2000-05-26,1.7495
2000-05-30,1.7337
2000-05-31,1.7519
2000-06-01,1.7479
2000-06-02,1.7271
2000-06-05,1.7206
2000-06-06,1.6987
2000-06-07,1.6949
2000-06-08,1.7013
2000-06-09,1.7053
2000-06-12,1.6915
2000-06-13,1.6742
2000-06-14,1.6647
2000-06-15,1.6625
2000-06-16,1.6439
2000-06-19,1.66
2000-06-20,1.6565
2000-06-21,1.6595
2000-06-22,1.6686
2000-06-23,1.6767
2000-06-26,1.6764
2000-06-27,1.6633
2000-06-28,1.6603
2000-06-29,1.6586
2000-06-30,1.6748
2000-07-03,1.6678
2000-07-05,1.6929
2000-07-06,1.6923
2000-07-07,1.6946
2000-07-10,1.6915
2000-07-11,1.6975
2000-07-12,1.6978
2000-07-13,1.7079
2000-07-14,1.7103
2000-07-17,1.7079
2000-07-18,1.7112
2000-07-19,1.7391
2000-07-20,1.7194
2000-07-21,1.705
2000-07-24,1.7065
2000-07-25,1.7097
2000-07-26,1.6938
2000-07-27,1.6975
2000-07-28,1.703
2000-07-31,1.728
2000-08-01,1.7227
2000-08-02,1.7153
2000-08-03,1.7112
2000-08-04,1.7147
2000-08-07,1.7059
2000-08-08,1.7042
2000-08-09,1.7283
2000-08-10,1.7188
2000-08-11,1.7256
2000-08-14,1.7212
2000-08-15,1.715
2000-08-16,1.6958
2000-08-17,1.6849
2000-08-18,1.6935
2000-08-21,1.6978
2000-08-22,1.7235
2000-08-23,1.7519
2000-08-24,1.7467
2000-08-25,1.7431
2000-08-28,1.7498
2000-08-29,1.7504
2000-08-30,1.7483
2000-08-31,1.7349
2000-09-01,1.7346
2000-09-05,1.7547
2000-09-06,1.7683
2000-09-07,1.7924
2000-09-08,1.7995
2000-09-11,1.7889
2000-09-12,1.7902
2000-09-13,1.8018
2000-09-14,1.8215
2000-09-15,1.8349
2000-09-18,1.846
2000-09-19,1.845
2000-09-20,1.8615
2000-09-21,1.8423
2000-09-22,1.8332
2000-09-25,1.8215
2000-09-26,1.8162
2000-09-27,1.8149
2000-09-28,1.8215
2000-09-29,1.8467
2000-10-02,1.8349
2000-10-03,1.8519
2000-10-04,1.8639
2000-10-05,1.8692
2000-10-06,1.873
2000-10-10,1.873
2000-10-11,1.8657
2000-10-12,1.8797
2000-10-13,1.8879
2000-10-16,1.912
2000-10-17,1.9275
2000-10-18,1.9279
2000-10-19,1.9194
2000-10-20,1.8939
2000-10-23,1.8961
2000-10-24,1.9026
2000-10-25,1.9264
2000-10-26,1.9286
2000-10-27,1.9109
2000-10-30,1.9102
2000-10-31,1.9301
2000-11-01,1.9131
2000-11-02,1.9201
2000-11-03,1.9051
2000-11-06,1.8939
2000-11-07,1.8939
2000-11-08,1.8997
2000-11-09,1.904
2000-11-10,1.9157
2000-11-13,1.9212
2000-11-14,1.9268
2000-11-15,1.922
2000-11-16,1.9294
2000-11-17,1.9268
2000-11-20,1.9478
2000-11-21,1.9562
2000-11-22,1.9253
2000-11-24,1.9175
2000-11-27,1.9008
2000-11-28,1.9146
2000-11-29,1.9128
2000-11-30,1.9004
2000-12-01,1.8615
2000-12-04,1.8413
2000-12-05,1.8501
2000-12-06,1.8355
2000-12-07,1.8282
2000-12-08,1.8365
2000-12-11,1.8519
2000-12-12,1.845
2000-12-13,1.8587
2000-12-14,1.8529
2000-12-15,1.8322
2000-12-18,1.8464
2000-12-19,1.8399
2000-12-20,1.8212
2000-12-21,1.8073
2000-12-22,1.8018
2000-12-26,1.7895
2000-12-27,1.7889
2000-12-28,1.8109
2000-12-29,1.7986
2001-01-02,1.7883
2001-01-03,1.7746
2001-01-04,1.7683
2001-01-05,1.7507
2001-01-08,1.7668
2001-01-09,1.7768
2001-01-10,1.7947
2001-01-11,1.7873
2001-01-12,1.7995
2001-01-16,1.8021
2001-01-17,1.8136
2001-01-18,1.7979
2001-01-19,1.7953
2001-01-22,1.8038
2001-01-23,1.809
2001-01-24,1.8352
2001-01-25,1.8345
2001-01-26,1.8409
2001-01-29,1.8409
2001-01-30,1.8268
2001-01-31,1.8248
2001-02-01,1.8051
2001-02-02,1.8113
2001-02-05,1.8155
2001-02-06,1.8215
2001-02-07,1.8308
2001-02-08,1.8653
2001-02-09,1.8632
2001-02-12,1.8584
2001-02-13,1.8737
2001-02-14,1.8932
2001-02-15,1.9084
2001-02-16,1.885
2001-02-20,1.9142
2001-02-21,1.9106
2001-02-22,1.9062
2001-02-23,1.9164
2001-02-26,1.9183
2001-02-27,1.9099
2001-02-28,1.9055
2001-03-01,1.9004
2001-03-02,1.8896
2001-03-05,1.9164
2001-03-06,1.9342
2001-03-07,1.9646
2001-03-08,1.965
2001-03-09,1.9666
2001-03-12,1.9623
2001-03-13,1.9877
2001-03-14,2.0076
2001-03-15,2.0227
2001-03-16,2.0243
2001-03-19,2.0064
2001-03-20,2.0012
2001-03-21,2.0259
2001-03-22,2.0354
2001-03-23,2.0149
2001-03-26,2.004
2001-03-27,2.0149
2001-03-28,2.0259
2001-03-29,2.0321
2001-03-30,2.0488
2001-04-02,2.0713
2001-04-03,2.0576
2001-04-04,2.0437
2001-04-05,2.0416
2001-04-06,2.0169
2001-04-09,2.021
2001-04-10,2.0222
2001-04-11,1.99
2001-04-12,1.9677
2001-04-13,1.9681
2001-04-16,1.9589
2001-04-17,1.9782
2001-04-18,2.004
2001-04-19,1.9666
2001-04-20,1.9312
2001-04-23,1.9759
2001-04-24,1.9861
2001-04-25,1.9822
2001-04-26,1.9743
2001-04-27,1.96
2001-04-30,1.9623
2001-05-01,1.9316
2001-05-02,1.9183
2001-05-03,1.9279
2001-05-04,1.9272
2001-05-07,1.9283
2001-05-08,1.9298
2001-05-09,1.915
2001-05-10,1.908
2001-05-11,1.9205
2001-05-14,1.9305
2001-05-15,1.9257
2001-05-16,1.9109
2001-05-17,1.8965
2001-05-18,1.9044
2001-05-21,1.8904
2001-05-22,1.9117
2001-05-23,1.9275
2001-05-24,1.9324
2001-05-25,1.9257
2001-05-29,1.9357
2001-05-30,1.9493
2001-05-31,1.9732
2001-06-01,1.967
2001-06-04,1.9755
2001-06-05,1.9635
2001-06-06,1.9451
2001-06-07,1.9264
2001-06-08,1.9073
2001-06-11,1.9146
2001-06-12,1.9095
2001-06-13,1.8954
2001-06-14,1.9008
2001-06-15,1.9022
2001-06-18,1.9091
2001-06-19,1.9194
2001-06-20,1.9298
2001-06-21,1.9312
2001-06-22,1.935
2001-06-25,1.9391
2001-06-26,1.9238
2001-06-27,1.9312
2001-06-28,1.9569
2001-06-29,1.9608
2001-07-02,1.9585
2001-07-03,1.9372
2001-07-05,1.9429
2001-07-06,1.9673
2001-07-09,1.9623
2001-07-10,1.9585
2001-07-11,1.9724
2001-07-12,1.981
2001-07-13,1.9708
2001-07-16,1.9685
2001-07-17,1.9743
2001-07-18,1.9448
2001-07-19,1.9508
2001-07-20,1.9782
2001-07-23,1.9689
2001-07-24,1.9685
2001-07-25,1.9712
2001-07-26,1.9716
2001-07-27,1.9747
2001-07-30,1.9775
2001-07-31,1.9685
2001-08-01,1.9354
2001-08-02,1.9268
2001-08-03,1.932
2001-08-06,1.9357
2001-08-07,1.9399
2001-08-08,1.9286
2001-08-09,1.9596
2001-08-10,1.9493
2001-08-13,1.9327
2001-08-14,1.9246
2001-08-15,1.8983
2001-08-16,1.8961
2001-08-17,1.8678
2001-08-20,1.8786
2001-08-21,1.8879
2001-08-22,1.865
2001-08-23,1.8734
2001-08-24,1.8829
2001-08-27,1.8921
2001-08-28,1.8896
2001-08-29,1.8868
2001-08-30,1.8762
2001-08-31,1.895
2001-09-04,1.9186
2001-09-05,1.9238
2001-09-06,1.912
2001-09-07,1.9234
2001-09-10,1.9474
2001-09-12,1.9376
2001-09-13,1.9387
2001-09-14,1.9395
2001-09-17,1.9916
2001-09-18,2.0186
2001-09-19,2.0288
2001-09-20,2.0325
2001-09-21,2.0657
2001-09-24,2.0408
2001-09-25,2.0247
2001-09-26,2.0446
2001-09-27,2.0551
2001-09-28,2.0218
2001-10-01,2.0313
2001-10-02,2.019
2001-10-03,2.0117
2001-10-04,2.0101
2001-10-05,1.9763
2001-10-09,1.9964
2001-10-10,1.9936
2001-10-11,2.006
2001-10-12,1.994
2001-10-15,1.9474
2001-10-16,1.947
2001-10-17,1.9459
2001-10-18,1.9658
2001-10-19,1.9685
2001-10-22,1.9712
2001-10-23,1.9658
2001-10-24,1.9701
2001-10-25,1.9814
2001-10-26,1.9932
2001-10-29,1.9778
2001-10-30,1.9771
2001-10-31,1.9881
2001-11-01,1.9662
2001-11-02,1.9697
2001-11-05,1.9701
2001-11-06,1.9489
2001-11-07,1.941
2001-11-08,1.9429
2001-11-09,1.9436
2001-11-13,1.9234
2001-11-14,1.9283
2001-11-15,1.9305
2001-11-16,1.922
2001-11-19,1.9212
2001-11-20,1.9275
2001-11-21,1.9372
2001-11-23,1.9342
2001-11-26,1.9268
2001-11-27,1.9168
2001-11-28,1.9183
2001-11-29,1.932
2001-11-30,1.922
2001-12-03,1.9294
2001-12-04,1.9399
2001-12-05,1.9342
2001-12-06,1.9298
2001-12-07,1.9395
2001-12-10,1.9417
2001-12-11,1.9425
2001-12-12,1.9227
2001-12-13,1.9309
2001-12-14,1.9283
2001-12-17,1.932
2001-12-18,1.9391
2001-12-19,1.9486
2001-12-20,1.9814
2001-12-21,1.9704
2001-12-24,1.9662
2001-12-26,1.9685
2001-12-27,1.9704
2001-12-28,1.9562
2001-12-31,1.9543
2002-01-02,1.9436
2002-01-03,1.9433
2002-01-04,1.9253
2002-01-07,1.9294
2002-01-08,1.9091
2002-01-09,1.9095
2002-01-10,1.9124
2002-01-11,1.9194
2002-01-14,1.9305
2002-01-15,1.9272
2002-01-16,1.9399
2002-01-17,1.9474
2002-01-18,1.9417
2002-01-22,1.9283
2002-01-23,1.9238
2002-01-24,1.9249
2002-01-25,1.9354
2002-01-28,1.9357
2002-01-29,1.9455
2002-01-30,1.9763
2002-01-31,1.9716
2002-02-01,1.9685
2002-02-04,1.9589
2002-02-05,1.9658
2002-02-06,1.9631
2002-02-07,1.9724
2002-02-08,1.9592
2002-02-11,1.9512
2002-02-12,1.9658
2002-02-13,1.9658
2002-02-14,1.9354
2002-02-15,1.9354
2002-02-19,1.9316
2002-02-20,1.9339
2002-02-21,1.9346
2002-02-22,1.9482
2002-02-25,1.9486
2002-02-26,1.9433
2002-02-27,1.9387
2002-02-28,1.9354
2002-03-01,1.9316
2002-03-04,1.9223
2002-03-05,1.9205
2002-03-06,1.9172
2002-03-07,1.9037
2002-03-08,1.9102
2002-03-11,1.9186
2002-03-12,1.9209
2002-03-13,1.9231
2002-03-14,1.9124
2002-03-15,1.9022
2002-03-18,1.9066
2002-03-19,1.9102
2002-03-20,1.8839
2002-03-21,1.879
2002-03-22,1.8776
2002-03-25,1.885
2002-03-26,1.8914
2002-03-27,1.8957
2002-03-28,1.8741
2002-03-29,1.8751
2002-04-01,1.8702
2002-04-02,1.8702
2002-04-03,1.8818
2002-04-04,1.885
2002-04-05,1.8847
2002-04-08,1.8975
2002-04-09,1.8961
2002-04-10,1.8857
2002-04-11,1.872
2002-04-12,1.8737
2002-04-15,1.8822
2002-04-16,1.8797
2002-04-17,1.8622
2002-04-18,1.8563
2002-04-19,1.8553
2002-04-22,1.8553
2002-04-23,1.8546
2002-04-24,1.8437
2002-04-25,1.8376
2002-04-26,1.8426
2002-04-29,1.8587
2002-04-30,1.8615
2002-05-01,1.8563
2002-05-02,1.8639
2002-05-03,1.8584
2002-05-06,1.8543
2002-05-07,1.8481
2002-05-08,1.8553
2002-05-09,1.8437
2002-05-10,1.8365
2002-05-13,1.8315
2002-05-14,1.8308
2002-05-15,1.8248
2002-05-16,1.8208
2002-05-17,1.8109
2002-05-20,1.8103
2002-05-21,1.8008
2002-05-22,1.7908
2002-05-23,1.7905
2002-05-24,1.7992
2002-05-28,1.7809
2002-05-29,1.7778
2002-05-30,1.7715
2002-05-31,1.7668
2002-06-03,1.7501
2002-06-04,1.7409
2002-06-05,1.7476
2002-06-06,1.7397
2002-06-07,1.751
2002-06-10,1.7565
2002-06-11,1.7596
2002-06-12,1.7498
2002-06-13,1.7581
2002-06-14,1.7848
2002-06-17,1.7912
2002-06-18,1.78
2002-06-19,1.7683
2002-06-20,1.7516
2002-06-21,1.7413
2002-06-24,1.7431
2002-06-25,1.7596
2002-06-26,1.7813
2002-06-27,1.773
2002-06-28,1.7768
2002-07-01,1.7809
2002-07-02,1.7784
2002-07-03,1.7848
2002-07-05,1.796
2002-07-08,1.7718
2002-07-09,1.7581
2002-07-10,1.763
2002-07-11,1.7879
2002-07-12,1.7873
2002-07-15,1.786
2002-07-16,1.7912
2002-07-17,1.8129
2002-07-18,1.8116
2002-07-19,1.8002
2002-07-22,1.8126
2002-07-23,1.8335
2002-07-24,1.8501
2002-07-25,1.8464
2002-07-26,1.8622
2002-07-29,1.8484
2002-07-30,1.8365
2002-07-31,1.8365
2002-08-01,1.8563
2002-08-02,1.8532
2002-08-05,1.8896
2002-08-06,1.8939
2002-08-07,1.8646
2002-08-08,1.8758
2002-08-09,1.8678
2002-08-12,1.8546
2002-08-13,1.8584
2002-08-14,1.8605
2002-08-15,1.8372
2002-08-16,1.8382
2002-08-19,1.8443
2002-08-20,1.8302
2002-08-21,1.8369
2002-08-22,1.8525
2002-08-23,1.8406
2002-08-26,1.8376
2002-08-27,1.807
2002-08-28,1.8149
2002-08-29,1.8126
2002-08-30,1.8198
2002-09-03,1.8298
2002-09-04,1.8372
2002-09-05,1.8454
2002-09-06,1.8292
2002-09-09,1.8292
2002-09-10,1.8288
2002-09-11,1.8262
2002-09-12,1.8123
2002-09-13,1.8169
2002-09-16,1.8225
2002-09-17,1.8268
2002-09-18,1.8232
2002-09-19,1.8149
2002-09-20,1.8302
2002-09-23,1.8359
2002-09-24,1.8365
2002-09-25,1.8365
2002-09-26,1.8372
2002-09-27,1.8382
2002-09-30,1.842
2002-10-01,1.8443
2002-10-02,1.8376
2002-10-03,1.8298
2002-10-04,1.8312
2002-10-07,1.8192
2002-10-08,1.8282
2002-10-09,1.8232
2002-10-10,1.8272
2002-10-11,1.8232
2002-10-15,1.8292
2002-10-16,1.8225
2002-10-17,1.8182
2002-10-18,1.8188
2002-10-21,1.8083
2002-10-22,1.8093
2002-10-23,1.8096
2002-10-24,1.8018
2002-10-25,1.8034
2002-10-28,1.7905
2002-10-29,1.7982
2002-10-30,1.809
2002-10-31,1.8025
2002-11-01,1.7873
2002-11-04,1.7825
2002-11-05,1.7809
2002-11-06,1.7809
2002-11-07,1.7668
2002-11-08,1.7674
2002-11-12,1.7825
2002-11-13,1.7864
2002-11-14,1.7775
2002-11-15,1.7768
2002-11-18,1.7746
2002-11-19,1.7912
2002-11-20,1.7873
2002-11-21,1.7787
2002-11-22,1.7737
2002-11-25,1.7889
2002-11-26,1.7867
2002-11-27,1.7976
2002-11-29,1.7854
2002-12-02,1.7886
2002-12-03,1.7892
2002-12-04,1.7844
2002-12-05,1.7813
2002-12-06,1.7848
2002-12-09,1.7762
2002-12-10,1.7873
2002-12-11,1.7835
2002-12-12,1.7696
2002-12-13,1.7712
2002-12-16,1.7668
2002-12-17,1.7668
2002-12-18,1.7699
2002-12-19,1.7699
2002-12-20,1.78
2002-12-23,1.7816
2002-12-24,1.7762
2002-12-26,1.7771
2002-12-27,1.7832
2002-12-30,1.7743
2002-12-31,1.7778
2003-01-02,1.7765
2003-01-03,1.7683
2003-01-06,1.7355
2003-01-07,1.7382
2003-01-08,1.7394
2003-01-09,1.7346
2003-01-10,1.7182
2003-01-13,1.7144
2003-01-14,1.7147
2003-01-15,1.71
2003-01-16,1.7036
2003-01-17,1.6923
2003-01-21,1.7044
2003-01-22,1.7059
2003-01-23,1.6926
2003-01-24,1.6886
2003-01-27,1.6961
2003-01-28,1.6987
2003-01-29,1.6926
2003-01-30,1.703
2003-01-31,1.7065
2003-02-03,1.7114
2003-02-04,1.6932
2003-02-05,1.6943
2003-02-06,1.692
2003-02-07,1.6941
2003-02-10,1.6966
2003-02-11,1.6969
2003-02-12,1.6949
2003-02-13,1.6779
2003-02-14,1.6889
2003-02-18,1.6915
2003-02-19,1.6827
2003-02-20,1.6708
2003-02-21,1.6745
2003-02-24,1.651
2003-02-25,1.6521
2003-02-26,1.6461
2003-02-27,1.6518
2003-02-28,1.6461
2003-03-03,1.6297
2003-03-04,1.6295
2003-03-05,1.6231
2003-03-06,1.6281
2003-03-07,1.6295
2003-03-10,1.6242
2003-03-11,1.6556
2003-03-12,1.6781
2003-03-13,1.6832
2003-03-14,1.6762
2003-03-17,1.6886
2003-03-18,1.6872
2003-03-19,1.6912
2003-03-20,1.6849
2003-03-21,1.6935
2003-03-24,1.6815
2003-03-25,1.6756
2003-03-26,1.6745
2003-03-27,1.6667
2003-03-28,1.6658
2003-03-31,1.6543
2003-04-01,1.6543
2003-04-02,1.6675
2003-04-03,1.6678
2003-04-04,1.6639
2003-04-07,1.675
2003-04-08,1.6656
2003-04-09,1.6578
2003-04-10,1.6499
2003-04-11,1.6537
2003-04-14,1.6581
2003-04-15,1.6513
2003-04-16,1.6353
2003-04-17,1.6268
2003-04-18,1.6276
2003-04-21,1.6287
2003-04-22,1.6098
2003-04-23,1.62
2003-04-24,1.6116
2003-04-25,1.6255
2003-04-28,1.615
2003-04-29,1.6129
2003-04-30,1.5969
2003-05-01,1.5828
2003-05-02,1.5878
2003-05-05,1.5765
2003-05-06,1.5667
2003-05-07,1.5718
2003-05-08,1.5567
2003-05-09,1.5509
2003-05-12,1.5427
2003-05-13,1.5485
2003-05-14,1.5446
2003-05-15,1.5564
2003-05-16,1.538
2003-05-19,1.5244
2003-05-20,1.5216
2003-05-21,1.5237
2003-05-22,1.5186
2003-05-23,1.5209
2003-05-27,1.5186
2003-05-28,1.5434
2003-05-29,1.5439
2003-05-30,1.5354
2003-06-02,1.5235
2003-06-03,1.5154
2003-06-04,1.5022
2003-06-05,1.4984
2003-06-06,1.5172
2003-06-09,1.5191
2003-06-10,1.5232
2003-06-11,1.5056
2003-06-12,1.5033
2003-06-13,1.499
2003-06-16,1.4979
2003-06-17,1.4888
2003-06-18,1.4861
2003-06-19,1.4934
2003-06-20,1.4981
2003-06-23,1.5053
2003-06-24,1.5101
2003-06-25,1.4874
2003-06-26,1.5035
2003-06-27,1.5026
2003-06-30,1.4896
2003-07-01,1.4793
2003-07-02,1.4686
2003-07-03,1.4656
2003-07-07,1.4693
2003-07-08,1.5221
2003-07-09,1.5279
2003-07-10,1.5181
2003-07-11,1.5135
2003-07-14,1.5152
2003-07-15,1.5342
2003-07-16,1.5232
2003-07-17,1.5344
2003-07-18,1.5494
2003-07-21,1.5342
2003-07-22,1.5373
2003-07-23,1.5158
2003-07-24,1.5042
2003-07-25,1.5056
2003-07-28,1.5063
2003-07-29,1.5031
2003-07-30,1.5326
2003-07-31,1.5446
2003-08-01,1.5295
2003-08-04,1.5451
2003-08-05,1.5466
2003-08-06,1.5468
2003-08-07,1.5361
2003-08-08,1.5302
2003-08-11,1.5184
2003-08-12,1.5225
2003-08-13,1.5216
2003-08-14,1.5239
2003-08-15,1.5191
2003-08-18,1.5239
2003-08-19,1.5237
2003-08-20,1.5168
2003-08-21,1.5302
2003-08-22,1.537
2003-08-25,1.5354
2003-08-26,1.5492
2003-08-27,1.561
2003-08-28,1.5649
2003-08-29,1.5408
2003-09-02,1.562
2003-09-03,1.5613
2003-09-04,1.5637
2003-09-05,1.5461
2003-09-08,1.538
2003-09-09,1.5198
2003-09-10,1.5209
2003-09-11,1.5163
2003-09-12,1.5065
2003-09-15,1.5004
2003-09-16,1.511
2003-09-17,1.5056
2003-09-18,1.5017
2003-09-19,1.4865
2003-09-22,1.4684
2003-09-23,1.473
2003-09-24,1.4741
2003-09-25,1.4715
2003-09-26,1.4826
2003-09-29,1.4826
2003-09-30,1.4712
2003-10-01,1.4641
2003-10-02,1.4607
2003-10-03,1.4676
2003-10-06,1.4603
2003-10-07,1.4476
2003-10-08,1.4486
2003-10-09,1.4535
2003-10-10,1.4459
2003-10-14,1.4516
2003-10-15,1.4497
2003-10-16,1.4468
2003-10-17,1.4455
2003-10-20,1.442
2003-10-21,1.4294
2003-10-22,1.415
2003-10-23,1.4288
2003-10-24,1.4267
2003-10-27,1.4209
2003-10-28,1.4182
2003-10-29,1.419
2003-10-30,1.4134
2003-10-31,1.413
2003-11-03,1.4314
2003-11-04,1.4251
2003-11-05,1.4085
2003-11-06,1.4134
2003-11-07,1.41
2003-11-10,1.3953
2003-11-12,1.3928
2003-11-13,1.3897
2003-11-14,1.393
2003-11-17,1.4075
2003-11-18,1.3866
2003-11-19,1.3833
2003-11-20,1.3816
2003-11-21,1.3837
2003-11-24,1.3935
2003-11-25,1.3916
2003-11-26,1.3818
2003-11-28,1.382
2003-12-01,1.3765
2003-12-02,1.3665
2003-12-03,1.3591
2003-12-04,1.3631
2003-12-05,1.3591
2003-12-08,1.351
2003-12-09,1.3517
2003-12-10,1.3517
2003-12-11,1.3596
2003-12-12,1.3468
2003-12-15,1.3461
2003-12-16,1.3448
2003-12-17,1.3499
2003-12-18,1.3561
2003-12-19,1.3578
2003-12-22,1.3624
2003-12-23,1.3585
2003-12-24,1.3459
2003-12-26,1.3486
2003-12-29,1.3473
2003-12-30,1.3365
2003-12-31,1.3298
2004-01-02,1.32
2004-01-05,1.3017
2004-01-06,1.2984
2004-01-07,1.3012
2004-01-08,1.2895
2004-01-09,1.2858
2004-01-12,1.284
2004-01-13,1.2867
2004-01-14,1.2855
2004-01-15,1.2984
2004-01-16,1.305
2004-01-20,1.3002
2004-01-21,1.2932
2004-01-22,1.2835
2004-01-23,1.2963
2004-01-26,1.2937
2004-01-27,1.2812
2004-01-28,1.284
2004-01-29,1.3184
2004-01-30,1.3115
2004-02-02,1.3217
2004-02-03,1.307
2004-02-04,1.3116
2004-02-05,1.3063
2004-02-06,1.3023
2004-02-09,1.2887
2004-02-10,1.2798
2004-02-11,1.2723
2004-02-12,1.2679
2004-02-13,1.2698
2004-02-17,1.2533
2004-02-18,1.261
2004-02-19,1.2639
2004-02-20,1.292
2004-02-23,1.2915
2004-02-24,1.2807
2004-02-25,1.295
2004-02-26,1.2982
2004-02-27,1.2958
2004-03-01,1.2945
2004-03-02,1.3141
2004-03-03,1.347
2004-03-04,1.3282
2004-03-05,1.318
2004-03-08,1.324
2004-03-09,1.3098
2004-03-10,1.3358
2004-03-11,1.3585
2004-03-12,1.3652
2004-03-15,1.3607
2004-03-16,1.3493
2004-03-17,1.3528
2004-03-18,1.3294
2004-03-19,1.3378
2004-03-22,1.3249
2004-03-23,1.3287
2004-03-24,1.3355
2004-03-25,1.3501
2004-03-26,1.3463
2004-03-29,1.3362
2004-03-30,1.3278
2004-03-31,1.3123
2004-04-01,1.3036
2004-04-02,1.3186
2004-04-05,1.3278
2004-04-06,1.3132
2004-04-07,1.3031
2004-04-08,1.3141
2004-04-09,1.3118
2004-04-12,1.3026
2004-04-13,1.325
2004-04-14,1.3626
2004-04-15,1.3552
2004-04-16,1.3412
2004-04-19,1.3417
2004-04-20,1.3567
2004-04-21,1.3665
2004-04-22,1.3693
2004-04-23,1.3723
2004-04-26,1.3633
2004-04-27,1.3633
2004-04-28,1.3827
2004-04-29,1.3893
2004-04-30,1.387
2004-05-03,1.3893
2004-05-04,1.3729
2004-05-05,1.363
2004-05-06,1.3816
2004-05-07,1.4223
2004-05-10,1.4472
2004-05-11,1.4382
2004-05-12,1.4364
2004-05-13,1.4531
2004-05-14,1.4503
2004-05-17,1.452
2004-05-18,1.4565
2004-05-19,1.4331
2004-05-20,1.443
2004-05-21,1.4269
2004-05-24,1.4323
2004-05-25,1.4164
2004-05-26,1.4166
2004-05-27,1.393
2004-05-28,1.401
2004-06-01,1.415
2004-06-02,1.4347
2004-06-03,1.4601
2004-06-04,1.4447
2004-06-07,1.4198
2004-06-08,1.4265
2004-06-09,1.4451
2004-06-10,1.432
2004-06-11,1.4468
2004-06-14,1.4529
2004-06-15,1.4368
2004-06-16,1.4556
2004-06-17,1.462
2004-06-18,1.4482
2004-06-21,1.4482
2004-06-22,1.4588
2004-06-23,1.4567
2004-06-24,1.4294
2004-06-25,1.4306
2004-06-28,1.429
2004-06-29,1.4476
2004-06-30,1.4384
2004-07-01,1.4213
2004-07-02,1.4035
2004-07-06,1.399
2004-07-07,1.3827
2004-07-08,1.3848
2004-07-09,1.3839
2004-07-12,1.3736
2004-07-13,1.3858
2004-07-14,1.3841
2004-07-15,1.3822
2004-07-16,1.368
2004-07-19,1.3635
2004-07-20,1.3674
2004-07-21,1.4023
2004-07-22,1.3982
2004-07-23,1.4081
2004-07-26,1.4104
2004-07-27,1.4273
2004-07-28,1.4327
2004-07-29,1.4298
2004-07-30,1.4215
2004-08-02,1.4201
2004-08-03,1.4192
2004-08-04,1.4211
2004-08-05,1.4209
2004-08-06,1.399
2004-08-09,1.3943
2004-08-10,1.3976
2004-08-11,1.4021
2004-08-12,1.4031
2004-08-13,1.3966
2004-08-16,1.3949
2004-08-17,1.399
2004-08-18,1.3996
2004-08-19,1.3803
2004-08-20,1.3816
2004-08-23,1.392
2004-08-24,1.4156
2004-08-25,1.4162
2004-08-26,1.4265
2004-08-27,1.4205
2004-08-30,1.4284
2004-08-31,1.4142
2004-09-01,1.4207
2004-09-02,1.4384
2004-09-03,1.4493
2004-09-07,1.4424
2004-09-08,1.4347
2004-09-09,1.4535
2004-09-10,1.4351
2004-09-13,1.437
2004-09-14,1.4225
2004-09-15,1.4399
2004-09-16,1.431
2004-09-17,1.4345
2004-09-20,1.4273
2004-09-21,1.4263
2004-09-22,1.4134
2004-09-23,1.4008
2004-09-24,1.4008
2004-09-27,1.4019
2004-09-28,1.3966
2004-09-29,1.399
2004-09-30,1.3805
2004-10-01,1.3827
2004-10-04,1.3875
2004-10-05,1.3827
2004-10-06,1.382
2004-10-07,1.3761
2004-10-08,1.3602
2004-10-12,1.3689
2004-10-13,1.3822
2004-10-14,1.3671
2004-10-15,1.3667
2004-10-18,1.3761
2004-10-19,1.3727
2004-10-20,1.3574
2004-10-21,1.3532
2004-10-22,1.3521
2004-10-25,1.3376
2004-10-26,1.3405
2004-10-27,1.3405
2004-10-28,1.3373
2004-10-29,1.339
2004-11-01,1.3405
2004-11-02,1.3428
2004-11-03,1.3264
2004-11-04,1.3184
2004-11-05,1.3123
2004-11-08,1.3196
2004-11-09,1.3127
2004-11-10,1.3172
2004-11-12,1.3012
2004-11-15,1.2955
2004-11-16,1.294
2004-11-17,1.2767
2004-11-18,1.2844
2004-11-19,1.2736
2004-11-22,1.2757
2004-11-23,1.2723
2004-11-24,1.2718
2004-11-26,1.2653
2004-11-29,1.2736
2004-11-30,1.2948
2004-12-01,1.2897
2004-12-02,1.2872
2004-12-03,1.2857
2004-12-06,1.2907
2004-12-07,1.2897
2004-12-08,1.3254
2004-12-09,1.3277
2004-12-10,1.3342
2004-12-13,1.3172
2004-12-14,1.3217
2004-12-15,1.3068
2004-12-16,1.3222
2004-12-17,1.3146
2004-12-20,1.3082
2004-12-21,1.3055
2004-12-22,1.3062
2004-12-23,1.3065
2004-12-24,1.3006
2004-12-27,1.2858
2004-12-28,1.2842
2004-12-29,1.2972
2004-12-30,1.2845
2004-12-31,1.2812
2005-01-03,1.2837
2005-01-04,1.3041
2005-01-05,1.3024
2005-01-06,1.3137
2005-01-07,1.3193
2005-01-10,1.3165
2005-01-11,1.3086
2005-01-12,1.3021
2005-01-13,1.3038
2005-01-14,1.3182
2005-01-18,1.3196
2005-01-19,1.3148
2005-01-20,1.3137
2005-01-21,1.2967
2005-01-24,1.3004
2005-01-25,1.3072
2005-01-26,1.2902
2005-01-27,1.2893
2005-01-28,1.2902
2005-01-31,1.2888
2005-02-01,1.2948
2005-02-02,1.2925
2005-02-03,1.2982
2005-02-04,1.2945
2005-02-07,1.2965
2005-02-08,1.304
2005-02-09,1.3014
2005-02-10,1.2778
2005-02-11,1.2734
2005-02-14,1.2671
2005-02-15,1.2718
2005-02-16,1.2789
2005-02-17,1.2686
2005-02-18,1.2694
2005-02-22,1.2594
2005-02-23,1.2723
2005-02-24,1.2705
2005-02-25,1.2734
2005-02-28,1.2594
2005-03-01,1.2744
2005-03-02,1.2765
2005-03-03,1.2752
2005-03-04,1.2628
2005-03-07,1.2618
2005-03-08,1.2541
2005-03-09,1.261
2005-03-10,1.2657
2005-03-11,1.2601
2005-03-14,1.2713
2005-03-15,1.2668
2005-03-16,1.2585
2005-03-17,1.2602
2005-03-18,1.2599
2005-03-21,1.2713
2005-03-22,1.2629
2005-03-23,1.2908
2005-03-24,1.2968
2005-03-25,1.2955
2005-03-28,1.3012
2005-03-29,1.2962
2005-03-30,1.2958
2005-03-31,1.2938
2005-04-01,1.2992
2005-04-04,1.3038
2005-04-05,1.3031
2005-04-06,1.3058
2005-04-07,1.3014
2005-04-08,1.2943
2005-04-11,1.2895
2005-04-12,1.293
2005-04-13,1.2825
2005-04-14,1.2962
2005-04-15,1.2982
2005-04-18,1.3048
2005-04-19,1.298
2005-04-20,1.2895
2005-04-21,1.2873
2005-04-22,1.2789
2005-04-25,1.2822
2005-04-26,1.2834
2005-04-27,1.288
2005-04-28,1.2829
2005-04-29,1.2765
2005-05-02,1.2827
2005-05-03,1.2925
2005-05-04,1.2858
2005-05-05,1.2804
2005-05-06,1.2882
2005-05-09,1.2935
2005-05-10,1.2892
2005-05-11,1.2912
2005-05-12,1.3023
2005-05-13,1.3139
2005-05-16,1.3219
2005-05-17,1.3201
2005-05-18,1.3161
2005-05-19,1.3184
2005-05-20,1.3245
2005-05-23,1.3187
2005-05-24,1.3118
2005-05-25,1.3113
2005-05-26,1.3151
2005-05-27,1.3118
2005-05-31,1.3173
2005-06-01,1.3337
2005-06-02,1.327
2005-06-03,1.3249
2005-06-06,1.3074
2005-06-07,1.2995
2005-06-08,1.3007
2005-06-09,1.3029
2005-06-10,1.3115
2005-06-13,1.3172
2005-06-14,1.3063
2005-06-15,1.3021
2005-06-16,1.2952
2005-06-17,1.286
2005-06-20,1.2875
2005-06-21,1.2849
2005-06-22,1.2834
2005-06-23,1.293
2005-06-24,1.3014
2005-06-27,1.3011
2005-06-28,1.3082
2005-06-29,1.3115
2005-06-30,1.3127
2005-07-01,1.3305
2005-07-05,1.3481
2005-07-06,1.3493
2005-07-07,1.3508
2005-07-08,1.3495
2005-07-11,1.3373
2005-07-12,1.3229
2005-07-13,1.3373
2005-07-14,1.3301
2005-07-15,1.3355
2005-07-18,1.3261
2005-07-19,1.3348
2005-07-20,1.3263
2005-07-21,1.3106
2005-07-22,1.3053
2005-07-25,1.3101
2005-07-26,1.3184
2005-07-27,1.3235
2005-07-28,1.3208
2005-07-29,1.3168
2005-08-01,1.3127
2005-08-02,1.3074
2005-08-03,1.2957
2005-08-04,1.2922
2005-08-05,1.3036
2005-08-08,1.3068
2005-08-09,1.3156
2005-08-10,1.3089
2005-08-11,1.2925
2005-08-12,1.2948
2005-08-15,1.3016
2005-08-16,1.3007
2005-08-17,1.3118
2005-08-18,1.3268
2005-08-19,1.3324
2005-08-22,1.3249
2005-08-23,1.3243
2005-08-24,1.3242
2005-08-25,1.3158
2005-08-26,1.3186
2005-08-29,1.3294
2005-08-30,1.3389
2005-08-31,1.3308
2005-09-01,1.3142
2005-09-02,1.3074
2005-09-06,1.3041
2005-09-07,1.3014
2005-09-08,1.2967
2005-09-09,1.2935
2005-09-12,1.2955
2005-09-13,1.3026
2005-09-14,1.297
2005-09-15,1.3051
2005-09-16,1.3045
2005-09-19,1.3036
2005-09-20,1.2999
2005-09-21,1.2977
2005-09-22,1.3101
2005-09-23,1.3203
2005-09-26,1.3215
2005-09-27,1.3268
2005-09-28,1.3207
2005-09-29,1.317
2005-09-30,1.3084
2005-10-03,1.311
2005-10-04,1.3106
2005-10-05,1.3215
2005-10-06,1.3207
2005-10-07,1.3214
2005-10-11,1.3273
2005-10-12,1.3252
2005-10-13,1.339
2005-10-14,1.327
2005-10-17,1.3328
2005-10-18,1.338
2005-10-19,1.3362
2005-10-20,1.3266
2005-10-21,1.3382
2005-10-24,1.3319
2005-10-25,1.3231
2005-10-26,1.3257
2005-10-27,1.3193
2005-10-28,1.3332
2005-10-31,1.3369
2005-11-01,1.3421
2005-11-02,1.3488
2005-11-03,1.3514
2005-11-04,1.3665
2005-11-07,1.3657
2005-11-08,1.3591
2005-11-09,1.3639
2005-11-10,1.3682
2005-11-14,1.3761
2005-11-15,1.3654
2005-11-16,1.3686
2005-11-17,1.3628
2005-11-18,1.3684
2005-11-21,1.3576
2005-11-22,1.3598
2005-11-23,1.3545
2005-11-25,1.3604
2005-11-28,1.3554
2005-11-29,1.3532
2005-11-30,1.3524
2005-12-01,1.3495
2005-12-02,1.339
2005-12-05,1.3307
2005-12-06,1.3261
2005-12-07,1.339
2005-12-08,1.3321
2005-12-09,1.3296
2005-12-12,1.3238
2005-12-13,1.3254
2005-12-14,1.3215
2005-12-15,1.3387
2005-12-16,1.3459
2005-12-19,1.347
2005-12-20,1.3646
2005-12-21,1.3659
2005-12-22,1.3672
2005-12-23,1.3738
2005-12-27,1.3772
2005-12-28,1.3697
2005-12-29,1.3661
2005-12-30,1.362
2006-01-03,1.3552
2006-01-04,1.3396
2006-01-05,1.3365
2006-01-06,1.3284
2006-01-09,1.3303
2006-01-10,1.3351
2006-01-11,1.3231
2006-01-12,1.3312
2006-01-13,1.3271
2006-01-17,1.3303
2006-01-18,1.3355
2006-01-19,1.3389
2006-01-20,1.3387
2006-01-23,1.3293
2006-01-24,1.3305
2006-01-25,1.3271
2006-01-26,1.3277
2006-01-27,1.3301
2006-01-30,1.3339
2006-01-31,1.3207
2006-02-01,1.3259
2006-02-02,1.3249
2006-02-03,1.3349
2006-02-06,1.3466
2006-02-07,1.3448
2006-02-08,1.3526
2006-02-09,1.3521
2006-02-10,1.3552
2006-02-13,1.3521
2006-02-14,1.3534
2006-02-15,1.3508
2006-02-16,1.355
2006-02-17,1.3541
2006-02-21,1.3524
2006-02-22,1.3581
2006-02-23,1.3519
2006-02-24,1.3515
2006-02-27,1.3537
2006-02-28,1.3459
2006-03-01,1.3461
2006-03-02,1.3408
2006-03-03,1.3441
2006-03-06,1.3497
2006-03-07,1.3631
2006-03-08,1.3663
2006-03-09,1.3598
2006-03-10,1.368
2006-03-13,1.365
2006-03-14,1.3583
2006-03-15,1.355
2006-03-16,1.3605
2006-03-17,1.3716
2006-03-20,1.3845
2006-03-21,1.3966
2006-03-22,1.3881
2006-03-23,1.3996
2006-03-24,1.4071
2006-03-27,1.4172
2006-03-28,1.4112
2006-03-29,1.4168
2006-03-30,1.4006
2006-03-31,1.3957
2006-04-03,1.3933
2006-04-04,1.3883
2006-04-05,1.3768
2006-04-06,1.3671
2006-04-07,1.3738
2006-04-10,1.3732
2006-04-11,1.3648
2006-04-12,1.3671
2006-04-13,1.3727
2006-04-14,1.3719
2006-04-17,1.3559
2006-04-18,1.3541
2006-04-19,1.3396
2006-04-20,1.3557
2006-04-21,1.3434
2006-04-24,1.3434
2006-04-25,1.3412
2006-04-26,1.3271
2006-04-27,1.3221
2006-04-28,1.317
2006-05-01,1.3146
2006-05-02,1.3104
2006-05-03,1.2968
2006-05-04,1.2943
2006-05-05,1.2975
2006-05-08,1.2992
2006-05-09,1.2947
2006-05-10,1.2882
2006-05-11,1.2852
2006-05-12,1.294
2006-05-15,1.3111
2006-05-16,1.3062
2006-05-17,1.3168
2006-05-18,1.3068
2006-05-19,1.3212
2006-05-22,1.3317
2006-05-23,1.3252
2006-05-24,1.3287
2006-05-25,1.3184
2006-05-26,1.3198
2006-05-30,1.3125
2006-05-31,1.33
2006-06-01,1.3369
2006-06-02,1.3316
2006-06-05,1.3286
2006-06-06,1.3473
2006-06-07,1.3473
2006-06-08,1.3459
2006-06-09,1.3335
2006-06-12,1.3394
2006-06-13,1.3499
2006-06-14,1.3521
2006-06-15,1.3556
2006-06-16,1.3534
2006-06-19,1.3559
2006-06-20,1.3565
2006-06-21,1.3567
2006-06-22,1.3607
2006-06-23,1.3671
2006-06-26,1.3697
2006-06-27,1.3624
2006-06-28,1.3729
2006-06-29,1.3669
2006-06-30,1.3472
2006-07-03,1.3448
2006-07-05,1.3501
2006-07-06,1.3407
2006-07-07,1.3308
2006-07-10,1.3362
2006-07-11,1.3287
2006-07-12,1.327
2006-07-13,1.3264
2006-07-14,1.3261
2006-07-17,1.3346
2006-07-18,1.3398
2006-07-19,1.336
2006-07-20,1.3305
2006-07-21,1.3282
2006-07-24,1.327
2006-07-25,1.3282
2006-07-26,1.3168
2006-07-27,1.3087
2006-07-28,1.305
2006-07-31,1.3048
2006-08-01,1.3103
2006-08-02,1.3091
2006-08-03,1.3158
2006-08-04,1.3058
2006-08-07,1.3094
2006-08-08,1.3142
2006-08-09,1.3043
2006-08-10,1.3036
2006-08-11,1.3033
2006-08-14,1.316
2006-08-15,1.3074
2006-08-16,1.2989
2006-08-17,1.3091
2006-08-18,1.3194
2006-08-21,1.3089
2006-08-22,1.3115
2006-08-23,1.311
2006-08-24,1.3103
2006-08-25,1.3214
2006-08-28,1.3182
2006-08-29,1.3146
2006-08-30,1.308
2006-08-31,1.3106
2006-09-01,1.305
2006-09-05,1.298
2006-09-06,1.3057
2006-09-07,1.3158
2006-09-08,1.3263
2006-09-11,1.3316
2006-09-12,1.3284
2006-09-13,1.3268
2006-09-14,1.3249
2006-09-15,1.3303
2006-09-18,1.3268
2006-09-19,1.3264
2006-09-20,1.3256
2006-09-21,1.3228
2006-09-22,1.331
2006-09-25,1.3303
2006-09-26,1.331
2006-09-27,1.3342
2006-09-28,1.3356
2006-09-29,1.3403
2006-10-02,1.3362
2006-10-03,1.3437
2006-10-04,1.3446
2006-10-05,1.3425
2006-10-06,1.3452
2006-10-10,1.3437
2006-10-11,1.3434
2006-10-12,1.3321
2006-10-13,1.3323
2006-10-16,1.3268
2006-10-17,1.3263
2006-10-18,1.3266
2006-10-19,1.3182
2006-10-20,1.3193
2006-10-23,1.32
2006-10-24,1.3186
2006-10-25,1.3153
2006-10-26,1.3122
2006-10-27,1.3012
2006-10-30,1.3001
2006-10-31,1.2915
2006-11-01,1.29
2006-11-02,1.2918
2006-11-03,1.2989
2006-11-06,1.2975
2006-11-07,1.2887
2006-11-08,1.2975
2006-11-09,1.3007
2006-11-10,1.3033
2006-11-13,1.3108
2006-11-14,1.3062
2006-11-15,1.3084
2006-11-16,1.3016
2006-11-17,1.3011
2006-11-20,1.3017
2006-11-21,1.2999
2006-11-22,1.289
2006-11-24,1.285
2006-11-27,1.2845
2006-11-28,1.278
2006-11-29,1.2762
2006-11-30,1.2665
2006-12-01,1.2636
2006-12-04,1.2668
2006-12-05,1.2718
2006-12-06,1.2697
2006-12-07,1.2644
2006-12-08,1.2721
2006-12-11,1.2753
2006-12-12,1.2745
2006-12-13,1.2711
2006-12-14,1.2755
2006-12-15,1.2778
2006-12-18,1.2829
2006-12-19,1.275
2006-12-20,1.2724
2006-12-21,1.2736
2006-12-22,1.2771
2006-12-26,1.2773
2006-12-27,1.2753
2006-12-28,1.2689
2006-12-29,1.2684
2007-01-02,1.2563
2007-01-03,1.2636
2007-01-04,1.2724
2007-01-05,1.2825
2007-01-08,1.2799
2007-01-09,1.2829
2007-01-10,1.2877
2007-01-11,1.2783
2007-01-12,1.2778
2007-01-16,1.2778
2007-01-17,1.2715
2007-01-18,1.2681
2007-01-19,1.2671
2007-01-22,1.2669
2007-01-23,1.2625
2007-01-24,1.2791
2007-01-25,1.2863
2007-01-26,1.2947
2007-01-29,1.2943
2007-01-30,1.2947
2007-01-31,1.292
2007-02-01,1.291
2007-02-02,1.2908
2007-02-05,1.2872
2007-02-06,1.2872
2007-02-07,1.2844
2007-02-08,1.2801
2007-02-09,1.2878
2007-02-12,1.2943
2007-02-13,1.2863
2007-02-14,1.2767
2007-02-15,1.2744
2007-02-16,1.271
2007-02-20,1.2736
2007-02-21,1.266
2007-02-22,1.2666
2007-02-23,1.2626
2007-02-26,1.2609
2007-02-27,1.2606
2007-02-28,1.2671
2007-03-01,1.2718
2007-03-02,1.2765
2007-03-05,1.294
2007-03-06,1.2925
2007-03-07,1.2878
2007-03-08,1.289
2007-03-09,1.2811
2007-03-12,1.2757
2007-03-13,1.2705
2007-03-14,1.2723
2007-03-15,1.2684
2007-03-16,1.2582
2007-03-19,1.2506
2007-03-20,1.2475
2007-03-21,1.2477
2007-03-22,1.2372
2007-03-23,1.2404
2007-03-26,1.235
2007-03-27,1.2362
2007-03-28,1.2401
2007-03-29,1.2379
2007-03-30,1.234
2007-04-02,1.2246
2007-04-03,1.2299
2007-04-04,1.2225
2007-04-05,1.2206
2007-04-06,1.2229
2007-04-09,1.2244
2007-04-10,1.2121
2007-04-11,1.2108
2007-04-12,1.2083
2007-04-13,1.2011
2007-04-16,1.2009
2007-04-17,1.1952
2007-04-18,1.1972
2007-04-19,1.1967
2007-04-20,1.1957
2007-04-23,1.1992
2007-04-24,1.2071
2007-04-25,1.2
2007-04-26,1.2115
2007-04-27,1.2032
2007-04-30,1.2011
2007-05-01,1.2067
2007-05-02,1.2126
2007-05-03,1.2134
2007-05-04,1.2185
2007-05-07,1.2115
2007-05-08,1.2082
2007-05-09,1.207
2007-05-10,1.2019
2007-05-11,1.2011
2007-05-14,1.2
2007-05-15,1.1979
2007-05-16,1.2124
2007-05-17,1.2167
2007-05-18,1.2121
2007-05-21,1.2195
2007-05-22,1.2176
2007-05-23,1.2127
2007-05-24,1.2185
2007-05-25,1.221
2007-05-29,1.2192
2007-05-30,1.2165
2007-05-31,1.2089
2007-06-01,1.2029
2007-06-04,1.1989
2007-06-05,1.1946
2007-06-06,1.1893
2007-06-07,1.1839
2007-06-08,1.1867
2007-06-11,1.1868
2007-06-12,1.185
2007-06-13,1.1902
2007-06-14,1.1977
2007-06-15,1.1905
2007-06-18,1.1875
2007-06-19,1.182
2007-06-20,1.1823
2007-06-21,1.1809
2007-06-22,1.179
2007-06-25,1.1792
2007-06-26,1.1801
2007-06-27,1.194
2007-06-28,1.1819
2007-06-29,1.1777
2007-07-02,1.1633
2007-07-03,1.1705
2007-07-05,1.1681
2007-07-06,1.167
2007-07-09,1.1621
2007-07-10,1.1598
2007-07-11,1.1609
2007-07-12,1.1577
2007-07-13,1.151
2007-07-16,1.1465
2007-07-17,1.1452
2007-07-18,1.1392
2007-07-19,1.1369
2007-07-20,1.1369
2007-07-23,1.1319
2007-07-24,1.1311
2007-07-25,1.1328
2007-07-26,1.139
2007-07-27,1.1682
2007-07-30,1.1752
2007-07-31,1.1636
2007-08-01,1.1714
2007-08-02,1.1635
2007-08-03,1.1665
2007-08-06,1.1666
2007-08-07,1.1705
2007-08-08,1.1604
2007-08-09,1.1707
2007-08-10,1.1827
2007-08-13,1.1862
2007-08-14,1.1927
2007-08-15,1.2132
2007-08-16,1.2723
2007-08-17,1.2679
2007-08-20,1.2492
2007-08-21,1.25
2007-08-22,1.2433
2007-08-23,1.2294
2007-08-24,1.2133
2007-08-27,1.2066
2007-08-28,1.2185
2007-08-29,1.221
2007-08-30,1.222
2007-08-31,1.2259
2007-09-03,1.2259
2007-09-04,1.2129
2007-09-05,1.2129
2007-09-06,1.2085
2007-09-07,1.2108
2007-09-10,1.2139
2007-09-11,1.2034
2007-09-12,1.1903
2007-09-13,1.1912
2007-09-14,1.1884
2007-09-17,1.2008
2007-09-18,1.1957
2007-09-19,1.1689
2007-09-20,1.1573
2007-09-21,1.1561
2007-09-24,1.1535
2007-09-25,1.1506
2007-09-26,1.143
2007-09-27,1.1395
2007-09-28,1.1293
2007-10-01,1.1197
2007-10-02,1.1305
2007-10-03,1.1259
2007-10-04,1.1257
2007-10-05,1.1114
2007-10-08,1.1114
2007-10-09,1.1142
2007-10-10,1.1121
2007-10-11,1.1058
2007-10-12,1.106
2007-10-15,1.1096
2007-10-16,1.1287
2007-10-17,1.1183
2007-10-18,1.1177
2007-10-19,1.1192
2007-10-22,1.1383
2007-10-23,1.1182
2007-10-24,1.1115
2007-10-25,1.1039
2007-10-26,1.0913
2007-10-29,1.0857
2007-10-30,1.0887
2007-10-31,1.0786
2007-11-01,1.0886
2007-11-02,1.0893
2007-11-05,1.0874
2007-11-06,1.0807
2007-11-07,1.0673
2007-11-08,1.0792
2007-11-09,1.0935
2007-11-13,1.1245
2007-11-14,1.1109
2007-11-15,1.121
2007-11-16,1.1225
2007-11-19,1.1319
2007-11-20,1.1269
2007-11-21,1.1497
2007-11-22,1.1497
2007-11-23,1.1436
2007-11-26,1.1392
2007-11-27,1.1436
2007-11-28,1.1342
2007-11-29,1.1325
2007-11-30,1.1302
2007-12-03,1.1328
2007-12-04,1.146
2007-12-05,1.1482
2007-12-06,1.1453
2007-12-07,1.1355
2007-12-10,1.1326
2007-12-11,1.1278
2007-12-12,1.1291
2007-12-13,1.1435
2007-12-14,1.1601
2007-12-17,1.1669
2007-12-18,1.1686
2007-12-19,1.1673
2007-12-20,1.1659
2007-12-21,1.1551
2007-12-24,1.1488
2007-12-26,1.145
2007-12-27,1.1399
2007-12-28,1.1442
2007-12-31,1.1395
2008-01-02,1.1348
2008-01-03,1.1339
2008-01-04,1.1413
2008-01-07,1.1478
2008-01-08,1.1348
2008-01-09,1.1362
2008-01-10,1.1247
2008-01-11,1.1202
2008-01-14,1.1135
2008-01-15,1.1268
2008-01-16,1.139
2008-01-17,1.1329
2008-01-18,1.1417
2008-01-22,1.1515
2008-01-23,1.1555
2008-01-24,1.1377
2008-01-25,1.1342
2008-01-28,1.1321
2008-01-29,1.1242
2008-01-30,1.1245
2008-01-31,1.1151
2008-02-01,1.1068
2008-02-04,1.1
2008-02-05,1.1115
2008-02-06,1.1132
2008-02-07,1.1183
2008-02-08,1.1179
2008-02-11,1.1078
2008-02-12,1.104
2008-02-13,1.1193
2008-02-14,1.1069
2008-02-15,1.1027
2008-02-19,1.0866
2008-02-20,1.0931
2008-02-21,1.0862
2008-02-22,1.0864
2008-02-25,1.0832
2008-02-26,1.0762
2008-02-27,1.0619
2008-02-28,1.0567
2008-02-29,1.0672
2008-03-03,1.0628
2008-03-04,1.0838
2008-03-05,1.0731
2008-03-06,1.0733
2008-03-07,1.0772
2008-03-10,1.0897
2008-03-11,1.0812
2008-03-12,1.0727
2008-03-13,1.0626
2008-03-14,1.0671
2008-03-17,1.0889
2008-03-18,1.0786
2008-03-19,1.0853
2008-03-20,1.1163
2008-03-21,1.1091
2008-03-24,1.1035
2008-03-25,1.0946
2008-03-26,1.0874
2008-03-27,1.0867
2008-03-28,1.0884
2008-03-31,1.0951
2008-04-01,1.1029
2008-04-02,1.0948
2008-04-03,1.0927
2008-04-04,1.0853
2008-04-07,1.0783
2008-04-08,1.0778
2008-04-09,1.0772
2008-04-10,1.0725
2008-04-11,1.0764
2008-04-14,1.0835
2008-04-15,1.0817
2008-04-16,1.0643
2008-04-17,1.0672
2008-04-18,1.076
2008-04-21,1.0618
2008-04-22,1.0573
2008-04-23,1.054
2008-04-24,1.0644
2008-04-25,1.0718
2008-04-28,1.0644
2008-04-29,1.0699
2008-04-30,1.0617
2008-05-01,1.0709
2008-05-02,1.0677
2008-05-05,1.0578
2008-05-06,1.0547
2008-05-07,1.0609
2008-05-08,1.0604
2008-05-09,1.0619
2008-05-12,1.0563
2008-05-13,1.0616
2008-05-14,1.0697
2008-05-15,1.0621
2008-05-16,1.0482
2008-05-19,1.0491
2008-05-20,1.0418
2008-05-21,1.0369
2008-05-22,1.0469
2008-05-23,1.0408
2008-05-27,1.043
2008-05-28,1.0399
2008-05-29,1.0477
2008-05-30,1.047
2008-06-02,1.0473
2008-06-03,1.0477
2008-06-04,1.0411
2008-06-05,1.0453
2008-06-06,1.0413
2008-06-09,1.0501
2008-06-10,1.0584
2008-06-11,1.0541
2008-06-12,1.0704
2008-06-13,1.065
2008-06-16,1.0634
2008-06-17,1.0607
2008-06-18,1.0592
2008-06-19,1.0527
2008-06-20,1.0482
2008-06-23,1.0519
2008-06-24,1.0446
2008-06-25,1.0482
2008-06-26,1.0446
2008-06-27,1.0406
2008-06-30,1.0458
2008-07-01,1.0488
2008-07-02,1.038
2008-07-03,1.0412
2008-07-07,1.0492
2008-07-08,1.049
2008-07-09,1.0433
2008-07-10,1.0394
2008-07-11,1.0337
2008-07-14,1.0287
2008-07-15,1.0207
2008-07-16,1.0245
2008-07-17,1.0256
2008-07-18,1.028
2008-07-21,1.0257
2008-07-22,1.0293
2008-07-23,1.0378
2008-07-24,1.0449
2008-07-25,1.0458
2008-07-28,1.0448
2008-07-29,1.0517
2008-07-30,1.06
2008-07-31,1.0621
2008-08-01,1.0733
2008-08-04,1.0754
2008-08-05,1.0921
2008-08-06,1.1016
2008-08-07,1.1014
2008-08-08,1.1217
2008-08-11,1.1275
2008-08-12,1.1419
2008-08-13,1.1527
2008-08-14,1.1482
2008-08-15,1.1526
2008-08-18,1.1478
2008-08-19,1.1481
2008-08-20,1.1478
2008-08-21,1.1383
2008-08-22,1.1509
2008-08-25,1.1526
2008-08-26,1.1681
2008-08-27,1.1692
2008-08-28,1.1604
2008-08-29,1.1678
2008-09-02,1.1962
2008-09-03,1.1973
2008-09-04,1.2051
2008-09-05,1.2335
2008-09-08,1.2268
2008-09-09,1.2375
2008-09-10,1.2444
2008-09-11,1.2534
2008-09-12,1.224
2008-09-15,1.2376
2008-09-16,1.2596
2008-09-17,1.277
2008-09-18,1.2517
2008-09-19,1.2066
2008-09-22,1.1847
2008-09-23,1.1926
2008-09-24,1.1953
2008-09-25,1.1962
2008-09-26,1.206
2008-09-29,1.2308
2008-09-30,1.2652
2008-10-01,1.2599
2008-10-02,1.287
2008-10-03,1.2903
2008-10-06,1.4008
2008-10-07,1.3858
2008-10-08,1.4948
2008-10-09,1.4255
2008-10-10,1.5312
2008-10-14,1.4176
2008-10-15,1.4635
2008-10-16,1.4908
2008-10-17,1.4478
2008-10-20,1.4349
2008-10-21,1.4678
2008-10-22,1.493
2008-10-23,1.5022
2008-10-24,1.6221
2008-10-27,1.6466
2008-10-28,1.5995
2008-10-29,1.4963
2008-10-30,1.4937
2008-10-31,1.5211
2008-11-03,1.4656
2008-11-04,1.4276
2008-11-05,1.4343
2008-11-06,1.4728
2008-11-07,1.4868
2008-11-10,1.4804
2008-11-12,1.5506
2008-11-13,1.562
2008-11-14,1.509
2008-11-17,1.5239
2008-11-18,1.5209
2008-11-19,1.5382
2008-11-20,1.6152
2008-11-21,1.599
2008-11-24,1.5382
2008-11-25,1.5413
2008-11-26,1.5456
2008-11-28,1.5277
2008-12-01,1.5511
2008-12-02,1.5521
2008-12-03,1.5427
2008-12-04,1.5321
2008-12-05,1.5765
2008-12-08,1.5051
2008-12-09,1.5152
2008-12-10,1.5117
2008-12-11,1.4751
2008-12-12,1.5198
2008-12-15,1.4896
2008-12-16,1.476
2008-12-17,1.4353
2008-12-18,1.4316
2008-12-19,1.4693
2008-12-22,1.4637
2008-12-23,1.4697
2008-12-24,1.465
2008-12-26,1.4676
2008-12-29,1.4388
2008-12-30,1.448
2008-12-31,1.432
2009-01-02,1.4118
2009-01-05,1.3994
2009-01-06,1.3914
2009-01-07,1.3866
2009-01-08,1.4142
2009-01-09,1.4158
2009-01-12,1.4676
2009-01-13,1.4981
2009-01-14,1.506
2009-01-15,1.5249
2009-01-16,1.5015
2009-01-20,1.5211
2009-01-21,1.5396
2009-01-22,1.5281
2009-01-23,1.5333
2009-01-26,1.5129
2009-01-27,1.5147
2009-01-28,1.4928
2009-01-29,1.5267
2009-01-30,1.5674
2009-02-02,1.5823
2009-02-03,1.5442
2009-02-04,1.5387
2009-02-05,1.5293
2009-02-06,1.4892
2009-02-09,1.4633
2009-02-10,1.5177
2009-02-11,1.527
2009-02-12,1.5368
2009-02-13,1.5163
2009-02-17,1.5659
2009-02-18,1.5662
2009-02-19,1.5504
2009-02-20,1.5579
2009-02-23,1.5489
2009-02-24,1.5555
2009-02-25,1.5442
2009-02-26,1.53
2009-02-27,1.5579
2009-03-02,1.587
2009-03-03,1.5654
2009-03-04,1.5387
2009-03-05,1.5605
2009-03-06,1.5605
2009-03-09,1.5845
2009-03-10,1.5449
2009-03-11,1.5392
2009-03-12,1.5449
2009-03-13,1.5207
2009-03-16,1.5126
2009-03-17,1.5172
2009-03-18,1.5177
2009-03-19,1.4436
2009-03-20,1.451
2009-03-23,1.4298
2009-03-24,1.4251
2009-03-25,1.4267
2009-03-26,1.4241
2009-03-27,1.4397
2009-03-30,1.4732
2009-03-31,1.444
2009-04-01,1.4407
2009-04-02,1.3949
2009-04-03,1.4079
2009-04-06,1.4083
2009-04-07,1.3966
2009-04-08,1.4065
2009-04-09,1.3951
2009-04-10,1.391
2009-04-13,1.3721
2009-04-14,1.3725
2009-04-15,1.3835
2009-04-16,1.3887
2009-04-17,1.3881
2009-04-20,1.4245
2009-04-21,1.4094
2009-04-22,1.4067
2009-04-23,1.4075
2009-04-24,1.385
2009-04-27,1.3972
2009-04-28,1.4198
2009-04-29,1.3759
2009-04-30,1.3667
2009-05-01,1.3717
2009-05-04,1.3535
2009-05-05,1.3448
2009-05-06,1.3392
2009-05-07,1.3194
2009-05-08,1.3142
2009-05-11,1.3134
2009-05-12,1.3098
2009-05-13,1.321
2009-05-14,1.3205
2009-05-15,1.3287
2009-05-18,1.3165
2009-05-19,1.2918
2009-05-20,1.287
2009-05-21,1.2915
2009-05-22,1.2734
2009-05-26,1.2752
2009-05-27,1.27
2009-05-28,1.2721
2009-05-29,1.2511
2009-06-01,1.2344
2009-06-02,1.2204
2009-06-03,1.2341
2009-06-04,1.2516
2009-06-05,1.2481
2009-06-08,1.2737
2009-06-09,1.2531
2009-06-10,1.2433
2009-06-11,1.2203
2009-06-12,1.2297
2009-06-15,1.2626
2009-06-16,1.25
2009-06-17,1.2679
2009-06-18,1.2441
2009-06-19,1.2329
2009-06-22,1.2665
2009-06-23,1.2657
2009-06-24,1.2456
2009-06-25,1.2516
2009-06-26,1.2418
2009-06-29,1.2398
2009-06-30,1.2415
2009-07-01,1.2338
2009-07-02,1.2582
2009-07-03,1.2522
2009-07-06,1.2623
2009-07-07,1.2558
2009-07-08,1.2853
2009-07-09,1.2765
2009-07-10,1.2902
2009-07-13,1.2809
2009-07-14,1.2666
2009-07-15,1.2436
2009-07-16,1.247
2009-07-17,1.248
2009-07-20,1.2299
2009-07-21,1.2311
2009-07-22,1.2253
2009-07-23,1.2186
2009-07-24,1.2252
2009-07-27,1.2177
2009-07-28,1.2067
2009-07-29,1.2249
2009-07-30,1.2089
2009-07-31,1.1992
2009-08-03,1.1865
2009-08-04,1.1874
2009-08-05,1.1927
2009-08-06,1.1909
2009-08-07,1.1946
2009-08-10,1.1937
2009-08-11,1.2054
2009-08-12,1.2
2009-08-13,1.191
2009-08-14,1.2015
2009-08-17,1.2145
2009-08-18,1.2194
2009-08-19,1.2058
2009-08-20,1.2037
2009-08-21,1.1977
2009-08-24,1.1895
2009-08-25,1.1888
2009-08-26,1.2088
2009-08-27,1.1969
2009-08-28,1.1869
2009-08-31,1.185
2009-09-01,1.2039
2009-09-02,1.2015
2009-09-03,1.1896
2009-09-04,1.1786
2009-09-08,1.1579
2009-09-09,1.1575
2009-09-10,1.1633
2009-09-11,1.1562
2009-09-14,1.1623
2009-09-15,1.1624
2009-09-16,1.1463
2009-09-17,1.1453
2009-09-18,1.1537
2009-09-21,1.1579
2009-09-22,1.1447
2009-09-23,1.1465
2009-09-24,1.1513
2009-09-25,1.1554
2009-09-28,1.145
2009-09-29,1.1493
2009-09-30,1.1333
2009-10-01,1.1455
2009-10-02,1.1553
2009-10-05,1.14
2009-10-06,1.1221
2009-10-07,1.1264
2009-10-08,1.1023
2009-10-09,1.1069
2009-10-13,1.102
2009-10-14,1.0949
2009-10-15,1.0865
2009-10-16,1.0919
2009-10-19,1.0792
2009-10-20,1.0859
2009-10-21,1.0782
2009-10-22,1.0842
2009-10-23,1.0805
2009-10-26,1.087
2009-10-27,1.0913
2009-10-28,1.1095
2009-10-29,1.0937
2009-10-30,1.1064
2009-11-02,1.101
2009-11-03,1.113
2009-11-04,1.1005
2009-11-05,1.101
2009-11-06,1.0912
2009-11-09,1.0761
2009-11-10,1.0778
2009-11-12,1.0813
2009-11-13,1.074
2009-11-16,1.0673
2009-11-17,1.0794
2009-11-18,1.075
2009-11-19,1.0886
2009-11-20,1.0923
2009-11-23,1.0814
2009-11-24,1.0906
2009-11-25,1.0774
2009-11-27,1.1002
2009-11-30,1.0937
2009-12-01,1.0812
2009-12-02,1.0797
2009-12-03,1.0793
2009-12-04,1.093
2009-12-07,1.0953
2009-12-08,1.101
2009-12-09,1.1017
2009-12-10,1.0913
2009-12-11,1.0975
2009-12-14,1.0922
2009-12-15,1.103
2009-12-16,1.1094
2009-12-17,1.1293
2009-12-18,1.1279
2009-12-21,1.1321
2009-12-22,1.1393
2009-12-23,1.1349
2009-12-24,1.1328
2009-12-28,1.1268
2009-12-29,1.115
2009-12-30,1.1179
2009-12-31,1.1137
2010-01-04,1.0949
2010-01-05,1.0937
2010-01-06,1.0883
2010-01-07,1.0908
2010-01-08,1.0848
2010-01-11,1.0758
2010-01-12,1.082
2010-01-13,1.084
2010-01-14,1.0746
2010-01-15,1.083
2010-01-19,1.0832
2010-01-20,1.1007
2010-01-21,1.1046
2010-01-22,1.105
2010-01-25,1.1074
2010-01-26,1.1174
2010-01-27,1.1152
2010-01-28,1.1082
2010-01-29,1.127
2010-02-01,1.1265
2010-02-02,1.1308
2010-02-03,1.134
2010-02-04,1.1566
2010-02-05,1.1605
2010-02-08,1.1504
2010-02-09,1.14
2010-02-10,1.1442
2010-02-11,1.1254
2010-02-12,1.1313
2010-02-16,1.1119
2010-02-17,1.1119
2010-02-18,1.1147
2010-02-19,1.1168
2010-02-22,1.1119
2010-02-23,1.1192
2010-02-24,1.1184
2010-02-25,1.1349
2010-02-26,1.1159
2010-03-01,1.111
2010-03-02,1.1058
2010-03-03,1.1017
2010-03-04,1.1115
2010-03-05,1.1031
2010-03-08,1.1008
2010-03-09,1.0943
2010-03-10,1.0905
2010-03-11,1.0929
2010-03-12,1.0927
2010-03-15,1.0969
2010-03-16,1.0931
2010-03-17,1.084
2010-03-18,1.0868
2010-03-19,1.0912
2010-03-22,1.0924
2010-03-23,1.0886
2010-03-24,1.1001
2010-03-25,1.0966
2010-03-26,1.106
2010-03-29,1.0927
2010-03-30,1.089
2010-03-31,1.0906
2010-04-01,1.0855
2010-04-02,1.0885
2010-04-05,1.0858
2010-04-06,1.0806
2010-04-07,1.0768
2010-04-08,1.0772
2010-04-09,1.0723
2010-04-12,1.0756
2010-04-13,1.0783
2010-04-14,1.0685
2010-04-15,1.0727
2010-04-16,1.0808
2010-04-19,1.0887
2010-04-20,1.0739
2010-04-21,1.0778
2010-04-22,1.0815
2010-04-23,1.0835
2010-04-26,1.0784
2010-04-27,1.0905
2010-04-28,1.0846
2010-04-29,1.0779
2010-04-30,1.0746
2010-05-03,1.0805
2010-05-04,1.0959
2010-05-05,1.0995
2010-05-06,1.1187
2010-05-07,1.1249
2010-05-10,1.1091
2010-05-11,1.1123
2010-05-12,1.1203
2010-05-13,1.1114
2010-05-14,1.1254
2010-05-17,1.1448
2010-05-18,1.1459
2010-05-19,1.1933
2010-05-20,1.2121
2010-05-21,1.2045
2010-05-24,1.2013
2010-05-25,1.2237
2010-05-26,1.2061
2010-05-27,1.1811
2010-05-28,1.1777
2010-06-01,1.191
2010-06-02,1.1969
2010-06-03,1.1876
2010-06-04,1.2079
2010-06-07,1.2207
2010-06-08,1.2148
2010-06-09,1.1995
2010-06-10,1.1808
2010-06-11,1.1774
2010-06-14,1.1582
2010-06-15,1.1606
2010-06-16,1.1563
2010-06-17,1.1563
2010-06-18,1.1496
2010-06-21,1.134
2010-06-22,1.1375
2010-06-23,1.1443
2010-06-24,1.1533
2010-06-25,1.1518
2010-06-28,1.1444
2010-06-29,1.173
2010-06-30,1.1792
2010-07-01,1.1933
2010-07-02,1.186
2010-07-06,1.1689
2010-07-07,1.1671
2010-07-08,1.1406
2010-07-09,1.1425
2010-07-12,1.1451
2010-07-13,1.1337
2010-07-14,1.1294
2010-07-15,1.1388
2010-07-16,1.1485
2010-07-19,1.1505
2010-07-20,1.1379
2010-07-21,1.1333
2010-07-22,1.1211
2010-07-23,1.1178
2010-07-26,1.1114
2010-07-27,1.109
2010-07-28,1.1199
2010-07-29,1.1135
2010-07-30,1.1049
2010-08-02,1.0947
2010-08-03,1.0929
2010-08-04,1.0917
2010-08-05,1.0952
2010-08-06,1.0911
2010-08-09,1.0905
2010-08-10,1.1006
2010-08-11,1.1104
2010-08-12,1.1156
2010-08-13,1.1167
2010-08-16,1.1141
2010-08-17,1.1029
2010-08-18,1.1117
2010-08-19,1.1201
2010-08-20,1.126
2010-08-23,1.1198
2010-08-24,1.1284
2010-08-25,1.1355
2010-08-26,1.126
2010-08-27,1.1137
2010-08-30,1.1186
2010-08-31,1.1223
2010-09-01,1.0997
2010-09-02,1.0984
2010-09-03,1.0923
2010-09-07,1.0937
2010-09-08,1.0887
2010-09-09,1.0813
2010-09-10,1.0801
2010-09-13,1.0685
2010-09-14,1.0598
2010-09-15,1.0642
2010-09-16,1.0694
2010-09-17,1.0663
2010-09-20,1.055
2010-09-21,1.0554
2010-09-22,1.0487
2010-09-23,1.0484
2010-09-24,1.0434
2010-09-27,1.0393
2010-09-28,1.0338
2010-09-29,1.0294
2010-09-30,1.0373
2010-10-01,1.0299
2010-10-04,1.0346
2010-10-05,1.031
2010-10-06,1.0224
2010-10-07,1.0188
2010-10-08,1.0136
2010-10-12,1.0154
2010-10-13,1.0079
2010-10-14,1.0057
2010-10-15,1.0118
2010-10-18,1.0084
2010-10-19,1.0248
2010-10-20,1.0154
2010-10-21,1.0165
2010-10-22,1.0221
2010-10-25,1.0067
2010-10-26,1.0139
2010-10-27,1.031
2010-10-28,1.0218
2010-10-29,1.0206
2010-11-01,1.0124
2010-11-02,1.001
2010-11-03,1.0033
2010-11-04,0.9859
2010-11-05,0.9864
2010-11-08,0.9868
2010-11-09,0.9881
2010-11-10,0.9975
2010-11-12,1.0095
2010-11-15,1.0097
2010-11-16,1.0251
2010-11-17,1.0182
2010-11-18,1.0111
2010-11-19,1.0156
2010-11-22,1.0135
2010-11-23,1.0277
2010-11-24,1.0181
2010-11-26,1.0373
2010-11-29,1.0423
2010-11-30,1.0409
2010-12-01,1.0336
2010-12-02,1.0231
2010-12-03,1.0125
2010-12-06,1.0118
2010-12-07,1.0107
2010-12-08,1.0225
2010-12-09,1.018
2010-12-10,1.0146
2010-12-13,1.0058
2010-12-14,1.0002
2010-12-15,1.0084
2010-12-16,1.0136
2010-12-17,1.0148
2010-12-20,1.0067
2010-12-21,1.0028
2010-12-22,0.9997
2010-12-23,0.9949
2010-12-27,0.9974
2010-12-28,0.9889
2010-12-29,0.9849
2010-12-30,0.9879
2011-01-03,0.9804
2011-01-04,0.9956
2011-01-05,0.9997
2011-01-06,1.0041
2011-01-07,1.0046
2011-01-10,1.0064
2011-01-11,1.0129
2011-01-12,1.0066
2011-01-13,0.9997
2011-01-14,1.0115
2011-01-18,1.002
2011-01-19,0.997
2011-01-20,1.0134
2011-01-21,1.0109
2011-01-24,0.9999
2011-01-25,1.0091
2011-01-26,1.0052
2011-01-27,1.0094
2011-01-28,1.0075
2011-01-31,1.0024
2011-02-01,0.9879
2011-02-02,0.9938
2011-02-03,0.9859
2011-02-04,0.9863
2011-02-07,0.9863
2011-02-08,0.9827
2011-02-09,0.9906
2011-02-10,0.9939
2011-02-11,0.9999
2011-02-14,0.9976
2011-02-15,1.0011
2011-02-16,1.0016
2011-02-17,0.9885
2011-02-18,0.9858
2011-02-22,1.0008
2011-02-23,0.9999
2011-02-24,0.9913
2011-02-25,0.9847
2011-02-28,0.9829
2011-03-01,0.9843
2011-03-02,0.9845
2011-03-03,0.9871
2011-03-04,0.989
2011-03-07,0.9891
2011-03-08,0.9888
2011-03-09,0.989
2011-03-10,0.9983
2011-03-11,0.9891
2011-03-14,0.9928
2011-03-15,1.0101
2011-03-16,1.0161
2011-03-17,1.018
2011-03-18,1.0047
2011-03-21,0.9956
2011-03-22,0.9883
2011-03-23,0.9896
2011-03-24,0.9786
2011-03-25,0.9726
2011-03-28,0.9727
2011-03-29,0.9743
2011-03-30,0.9691
2011-03-31,0.9654
2011-04-01,0.9627
2011-04-04,0.966
2011-04-05,0.9666
2011-04-06,0.9592
2011-04-07,0.9564
2011-04-08,0.9496
2011-04-11,0.9493
2011-04-12,0.9551
2011-04-13,0.952
2011-04-14,0.9503
2011-04-15,0.9471
2011-04-18,0.9533
2011-04-19,0.9517
2011-04-20,0.9366
2011-04-21,0.9305
2011-04-22,0.9315
2011-04-25,0.9331
2011-04-26,0.9283
2011-04-27,0.9268
2011-04-28,0.918
2011-04-29,0.9143
2011-05-02,0.9116
2011-05-03,0.9157
2011-05-04,0.9289
2011-05-05,0.9397
2011-05-06,0.9291
2011-05-09,0.9299
2011-05-10,0.9257
2011-05-11,0.9297
2011-05-12,0.9388
2011-05-13,0.9465
2011-05-16,0.9416
2011-05-17,0.9489
2011-05-18,0.9419
2011-05-19,0.9422
2011-05-20,0.9395
2011-05-23,0.9527
2011-05-24,0.9474
2011-05-25,0.949
2011-05-26,0.9443
2011-05-27,0.9336
2011-05-31,0.9381
2011-06-01,0.9332
2011-06-02,0.9419
2011-06-03,0.9334
2011-06-06,0.9314
2011-06-07,0.9334
2011-06-08,0.9403
2011-06-09,0.9397
2011-06-10,0.9463
2011-06-13,0.9468
2011-06-14,0.9354
2011-06-15,0.9415
2011-06-16,0.9487
2011-06-17,0.9416
2011-06-20,0.9446
2011-06-21,0.9436
2011-06-22,0.9405
2011-06-23,0.9538
2011-06-24,0.9503
2011-06-27,0.9579
2011-06-28,0.9505
2011-06-29,0.9369
2011-06-30,0.9318
2011-07-01,0.9299
2011-07-05,0.9348
2011-07-06,0.9349
2011-07-07,0.929
2011-07-08,0.9322
2011-07-11,0.9379
2011-07-12,0.9411
2011-07-13,0.9291
2011-07-14,0.931
2011-07-15,0.9384
2011-07-18,0.9465
2011-07-19,0.9347
2011-07-20,0.9322
2011-07-21,0.9228
2011-07-22,0.9216
2011-07-25,0.9214
2011-07-26,0.9139
2011-07-27,0.9069
2011-07-28,0.907
2011-07-29,0.909
2011-08-01,0.9149
2011-08-02,0.9225
2011-08-03,0.9327
2011-08-04,0.9509
2011-08-05,0.9634
2011-08-08,0.9661
2011-08-09,0.9812
2011-08-10,0.9794
2011-08-11,0.9738
2011-08-12,0.966
2011-08-15,0.9544
2011-08-16,0.9532
2011-08-17,0.9485
2011-08-18,0.9622
2011-08-19,0.9575
2011-08-22,0.96
2011-08-23,0.9515
2011-08-24,0.955
2011-08-25,0.9563
2011-08-26,0.9458
2011-08-29,0.9417
2011-08-30,0.9367
2011-08-31,0.9344
2011-09-01,0.9302
2011-09-02,0.9366
2011-09-06,0.9515
2011-09-07,0.9422
2011-09-08,0.9407
2011-09-09,0.9573
2011-09-12,0.9697
2011-09-13,0.969
2011-09-14,0.9771
2011-09-15,0.9696
2011-09-16,0.9634
2011-09-19,0.9788
2011-09-20,0.9715
2011-09-21,0.9795
2011-09-22,1.0242
2011-09-23,1.0221
2011-09-26,1.0255
2011-09-27,1.0038
2011-09-28,1.0106
2011-09-29,1.0185
2011-09-30,1.0263
2011-10-03,1.0366
2011-10-04,1.0579
2011-10-05,1.0391
2011-10-06,1.031
2011-10-07,1.016
2011-10-11,1.0022
2011-10-12,0.9837
2011-10-13,0.9855
2011-10-14,0.9713
2011-10-17,0.9765
2011-10-18,0.9785
2011-10-19,0.9735
2011-10-20,0.9816
2011-10-21,0.9681
2011-10-24,0.9566
2011-10-25,0.9572
2011-10-26,0.9664
2011-10-27,0.9358
2011-10-28,0.934
2011-10-31,0.9425
2011-11-01,0.9707
2011-11-02,0.9647
2011-11-03,0.966
2011-11-04,0.9654
2011-11-07,0.9672
2011-11-08,0.9679
2011-11-09,0.9805
2011-11-10,0.9865
2011-11-14,0.9811
2011-11-15,0.9858
2011-11-16,0.9865
2011-11-17,0.9944
2011-11-18,0.9964
2011-11-21,1.0161
2011-11-22,1.0172
2011-11-23,1.0324
2011-11-25,1.027
2011-11-28,1.0077
2011-11-29,0.9982
2011-11-30,0.9762
2011-12-01,0.9778
2011-12-02,0.9784
2011-12-05,0.9711
2011-12-06,0.9778
2011-12-07,0.9739
2011-12-08,0.9816
2011-12-09,0.9814
2011-12-12,0.9941
2011-12-13,0.9904
2011-12-14,1.0097
2011-12-15,1.0064
2011-12-16,1.0038
2011-12-19,1.0086
2011-12-20,0.9931
2011-12-21,0.993
2011-12-22,0.9862
2011-12-23,0.9854
2011-12-27,0.9843
2011-12-28,0.9909
2011-12-29,0.9868
2011-12-30,0.9755
2012-01-03,0.9634
2012-01-04,0.9664
2012-01-05,0.9753
2012-01-06,0.977
2012-01-09,0.979
2012-01-10,0.9687
2012-01-11,0.9713
2012-01-12,0.9698
2012-01-13,0.9716
2012-01-17,0.962
2012-01-18,0.962
2012-01-19,0.96
2012-01-20,0.955
2012-01-23,0.9493
2012-01-24,0.9551
2012-01-25,0.9541
2012-01-26,0.9389
2012-01-27,0.9394
2012-01-30,0.9443
2012-01-31,0.9436
2012-02-01,0.9346
2012-02-02,0.933
2012-02-03,0.9292
2012-02-06,0.9308
2012-02-07,0.9261
2012-02-08,0.9272
2012-02-09,0.9254
2012-02-10,0.9367
2012-02-13,0.931
2012-02-14,0.9354
2012-02-15,0.9309
2012-02-16,0.9295
2012-02-17,0.935
2012-02-21,0.9353
2012-02-22,0.9408
2012-02-23,0.9356
2012-02-24,0.934
2012-02-27,0.929
2012-02-28,0.9289
2012-02-29,0.9279
2012-03-01,0.9257
2012-03-02,0.9305
2012-03-05,0.9374
2012-03-06,0.9478
2012-03-07,0.9449
2012-03-08,0.9418
2012-03-09,0.9443
2012-03-12,0.9533
2012-03-13,0.9488
2012-03-14,0.9573
2012-03-15,0.9498
2012-03-16,0.9448
2012-03-19,0.9427
2012-03-20,0.9537
2012-03-21,0.9579
2012-03-22,0.9643
2012-03-23,0.9564
2012-03-26,0.9514
2012-03-27,0.9533
2012-03-28,0.9644
2012-03-29,0.9684
2012-03-30,0.9646
2012-04-02,0.9591
2012-04-03,0.9641
2012-04-04,0.9751
2012-04-05,0.9706
2012-04-06,0.9698
2012-04-09,0.9691
2012-04-10,0.9745
2012-04-11,0.9713
2012-04-12,0.9578
2012-04-13,0.9641
2012-04-16,0.9671
2012-04-17,0.9611
2012-04-18,0.9646
2012-04-19,0.9674
2012-04-20,0.9639
2012-04-23,0.971
2012-04-24,0.971
2012-04-25,0.9678
2012-04-26,0.9631
2012-04-27,0.9572
2012-04-30,0.9606
2012-05-01,0.9667
2012-05-02,0.9705
2012-05-03,0.9747
2012-05-04,0.9814
2012-05-07,0.9803
2012-05-08,0.9884
2012-05-09,0.9934
2012-05-10,0.9888
2012-05-11,0.9935
2012-05-14,1.0002
2012-05-15,1.0023
2012-05-16,1.0067
2012-05-17,1.0076
2012-05-18,1.0184
2012-05-21,1.0149
2012-05-22,1.0128
2012-05-23,1.03
2012-05-24,1.0231
2012-05-25,1.0227
2012-05-29,1.0178
2012-05-30,1.0274
2012-05-31,1.0298
2012-06-01,1.0322
2012-06-04,1.0289
2012-06-05,1.0286
2012-06-06,1.0096
2012-06-07,1.0064
2012-06-08,1.0133
2012-06-11,1.0076
2012-06-12,1.0076
2012-06-13,1.0027
2012-06-14,1.0011
2012-06-15,0.9943
2012-06-18,0.9913
2012-06-19,0.9808
2012-06-20,0.981
2012-06-21,0.9906
2012-06-22,0.9941
2012-06-25,1.0019
2012-06-26,0.9954
2012-06-27,0.993
2012-06-28,0.9975
2012-06-29,0.9769
2012-07-02,0.9767
2012-07-03,0.9714
2012-07-05,0.9717
2012-07-06,0.9816
2012-07-09,0.9827
2012-07-10,0.9787
2012-07-11,0.9754
2012-07-12,0.9871
2012-07-13,0.9792
2012-07-16,0.9769
2012-07-17,0.9727
2012-07-18,0.9665
2012-07-19,0.9594
2012-07-20,0.9631
2012-07-23,0.9737
2012-07-24,0.9753
2012-07-25,0.9732
2012-07-26,0.9625
2012-07-27,0.9578
2012-07-30,0.9534
2012-07-31,0.9504
2012-08-01,0.9508
2012-08-02,0.9568
2012-08-03,0.9464
2012-08-06,0.9442
2012-08-07,0.946
2012-08-08,0.9458
2012-08-09,0.9463
2012-08-10,0.9462
2012-08-13,0.9517
2012-08-14,0.9518
2012-08-15,0.9516
2012-08-16,0.9519
2012-08-17,0.959
2012-08-20,0.9563
2012-08-21,0.953
2012-08-22,0.9573
2012-08-23,0.9543
2012-08-24,0.9605
2012-08-27,0.9627
2012-08-28,0.9631
2012-08-29,0.9647
2012-08-30,0.9708
2012-08-31,0.9677
2012-09-04,0.9775
2012-09-05,0.9809
2012-09-06,0.972
2012-09-07,0.9625
2012-09-10,0.965
2012-09-11,0.9577
2012-09-12,0.9567
2012-09-13,0.957
2012-09-14,0.9469
2012-09-17,0.9533
2012-09-18,0.9573
2012-09-19,0.9542
2012-09-20,0.9606
2012-09-21,0.9552
2012-09-24,0.96
2012-09-25,0.9574
2012-09-26,0.9655
2012-09-27,0.9579
2012-09-28,0.9626
2012-10-01,0.9639
2012-10-02,0.9716
2012-10-03,0.9787
2012-10-04,0.9776
2012-10-05,0.9787
2012-10-09,0.9815
2012-10-10,0.9764
2012-10-11,0.9746
2012-10-12,0.9777
2012-10-15,0.9761
2012-10-16,0.9737
2012-10-17,0.9634
2012-10-18,0.9618
2012-10-19,0.9682
2012-10-22,0.9692
2012-10-23,0.9757
2012-10-24,0.9676
2012-10-25,0.9663
2012-10-26,0.9654
2012-10-29,0.9681
2012-10-30,0.9643
2012-10-31,0.9643
2012-11-01,0.9614
2012-11-02,0.9646
2012-11-05,0.9643
2012-11-06,0.958
2012-11-07,0.9608
2012-11-08,0.9589
2012-11-09,0.962
2012-11-13,0.9584
2012-11-14,0.9618
2012-11-15,0.9695
2012-11-16,0.9692
2012-11-19,0.961
2012-11-20,0.9631
2012-11-21,0.9667
2012-11-23,0.9568
2012-11-26,0.9569
2012-11-27,0.9559
2012-11-28,0.9551
2012-11-29,0.9594
2012-11-30,0.9589
2012-12-03,0.9585
2012-12-04,0.9545
2012-12-05,0.956
2012-12-06,0.9532
2012-12-07,0.9537
2012-12-10,0.9531
2012-12-11,0.9508
2012-12-12,0.9489
2012-12-13,0.9498
2012-12-14,0.9474
2012-12-17,0.948
2012-12-18,0.9499
2012-12-19,0.9527
2012-12-20,0.9544
2012-12-21,0.9597
2012-12-24,0.9643
2012-12-26,0.9662
2012-12-27,0.9653
2012-12-28,0.963
2012-12-31,0.9622
2013-01-02,0.9531
2013-01-03,0.951
2013-01-04,0.9566
2013-01-07,0.9543
2013-01-08,0.9537
2013-01-09,0.9508
2013-01-10,0.9453
2013-01-11,0.9489
2013-01-14,0.9469
2013-01-15,0.9471
2013-01-16,0.9467
2013-01-17,0.9488
2013-01-18,0.9528
2013-01-22,0.9472
2013-01-23,0.9474
2013-01-24,0.9554
2013-01-25,0.9596
2013-01-28,0.9614
2013-01-29,0.9555
2013-01-30,0.9595
2013-01-31,0.9585
2013-02-01,0.9604
2013-02-04,0.9595
2013-02-05,0.9626
2013-02-06,0.9688
2013-02-07,0.9723
2013-02-08,0.9691
2013-02-11,0.9722
2013-02-12,0.9701
2013-02-13,0.9667
2013-02-14,0.9663
2013-02-15,0.9705
2013-02-19,0.9662
2013-02-20,0.9722
2013-02-21,0.9755
2013-02-22,0.9692
2013-02-25,0.9724
2013-02-26,0.9796
2013-02-27,0.9802
2013-02-28,0.9765
2013-03-01,0.9794
2013-03-04,0.9839
2013-03-05,0.9768
2013-03-06,0.9758
2013-03-07,0.9744
2013-03-08,0.9778
2013-03-11,0.9743
2013-03-12,0.9693
2013-03-13,0.9714
2013-03-14,0.9627
2013-03-15,0.9617
2013-03-18,0.9622
2013-03-19,0.965
2013-03-20,0.9626
2013-03-21,0.9579
2013-03-22,0.9572
2013-03-25,0.9568
2013-03-26,0.9538
2013-03-27,0.9583
2013-03-28,0.959
2013-03-29,0.9607
2013-04-01,0.9596
2013-04-02,0.9563
2013-04-03,0.9541
2013-04-04,0.9618
2013-04-05,0.9629
2013-04-08,0.9626
2013-04-09,0.9533
2013-04-10,0.9489
2013-04-11,0.9466
2013-04-12,0.9521
2013-04-15,0.9622
2013-04-16,0.9647
2013-04-17,0.9703
2013-04-18,0.9708
2013-04-19,0.9712
2013-04-22,0.9751
2013-04-23,0.9745
2013-04-24,0.975
2013-04-25,0.9701
2013-04-26,0.9732
2013-04-29,0.9664
2013-04-30,0.9641
2013-05-01,0.9723
2013-05-02,0.9747
2013-05-03,0.9696
2013-05-06,0.9758
2013-05-07,0.9841
2013-05-08,0.982
2013-05-09,0.9812
2013-05-10,1.0013
2013-05-13,1.0035
2013-05-14,1.0098
2013-05-15,1.0117
2013-05-16,1.0156
2013-05-17,1.027
2013-05-20,1.0217
2013-05-21,1.0204
2013-05-22,1.0324
2013-05-23,1.0247
2013-05-24,1.0336
2013-05-28,1.0371
2013-05-29,1.0382
2013-05-30,1.035
2013-05-31,1.0408
2013-06-03,1.0235
2013-06-04,1.0373
2013-06-05,1.049
2013-06-06,1.0425
2013-06-07,1.0533
2013-06-10,1.0561
2013-06-11,1.0615
2013-06-12,1.0512
2013-06-13,1.0416
2013-06-14,1.0431
2013-06-17,1.0481
2013-06-18,1.0534
2013-06-19,1.0487
2013-06-20,1.0884
2013-06-21,1.088
2013-06-24,1.0827
2013-06-25,1.0813
2013-06-26,1.0763
2013-06-27,1.0774
2013-06-28,1.0911
2013-07-01,1.0814
2013-07-02,1.0919
2013-07-03,1.1005
2013-07-05,1.1025
2013-07-08,1.0972
2013-07-09,1.0916
2013-07-10,1.0935
2013-07-11,1.093
2013-07-12,1.1051
2013-07-15,1.1006
2013-07-16,1.0839
2013-07-17,1.0859
2013-07-18,1.0927
2013-07-19,1.087
2013-07-22,1.0808
2013-07-23,1.08
2013-07-24,1.0886
2013-07-25,1.0879
2013-07-26,1.082
2013-07-29,1.0858
2013-07-30,1.1038
2013-07-31,1.1164
2013-08-01,1.1212
2013-08-02,1.1235
2013-08-05,1.1218
2013-08-06,1.1146
2013-08-07,1.1094
2013-08-08,1.0976
2013-08-09,1.0885
2013-08-12,1.0897
2013-08-13,1.0997
2013-08-14,1.0941
2013-08-15,1.0983
2013-08-16,1.0878
2013-08-19,1.0951
2013-08-20,1.0996
2013-08-21,1.1095
2013-08-22,1.1079
2013-08-23,1.1064
2013-08-26,1.1063
2013-08-27,1.1156
2013-08-28,1.1174
2013-08-29,1.1206
2013-08-30,1.1235
2013-09-03,1.1044
2013-09-04,1.0885
2013-09-05,1.0951
2013-09-06,1.0864
2013-09-09,1.0831
2013-09-10,1.0765
2013-09-11,1.0739
2013-09-12,1.0786
2013-09-13,1.0819
2013-09-16,1.0717
2013-09-17,1.0679
2013-09-18,1.0702
2013-09-19,1.0589
2013-09-20,1.0642
2013-09-23,1.0589
2013-09-24,1.0634
2013-09-25,1.0654
2013-09-26,1.0691
2013-09-27,1.0725
2013-09-30,1.0704
2013-10-01,1.0653
2013-10-02,1.0677
2013-10-03,1.0659
2013-10-04,1.059
2013-10-07,1.0598
2013-10-08,1.0583
2013-10-09,1.06
2013-10-10,1.0564
2013-10-11,1.0556
2013-10-15,1.0501
2013-10-16,1.0494
2013-10-17,1.0371
2013-10-18,1.034
2013-10-21,1.035
2013-10-22,1.0304
2013-10-23,1.0382
2013-10-24,1.0416
2013-10-25,1.0441
2013-10-28,1.045
2013-10-29,1.0529
2013-10-30,1.0536
2013-10-31,1.0559
2013-11-01,1.0595
2013-11-04,1.0515
2013-11-05,1.0541
2013-11-06,1.0506
2013-11-07,1.0561
2013-11-08,1.066
2013-11-12,1.0764
2013-11-13,1.0725
2013-11-14,1.0728
2013-11-15,1.0678
2013-11-18,1.0638
2013-11-19,1.0625
2013-11-20,1.0673
2013-11-21,1.0812
2013-11-22,1.0913
2013-11-25,1.0931
2013-11-26,1.0965
2013-11-27,1.1023
2013-11-29,1.0959
2013-12-02,1.0991
2013-12-03,1.0961
2013-12-04,1.11
2013-12-05,1.1027
2013-12-06,1.1
2013-12-09,1.1008
2013-12-10,1.0929
2013-12-11,1.103
2013-12-12,1.1204
2013-12-13,1.1159
2013-12-16,1.115
2013-12-17,1.1232
2013-12-18,1.1256
2013-12-19,1.1289
2013-12-20,1.1213
2013-12-23,1.1186
2013-12-24,1.1211
2013-12-26,1.1255
2013-12-27,1.1254
2013-12-30,1.1208
2013-12-31,1.1199
2014-01-02,1.1206
2014-01-03,1.1141
2014-01-06,1.1159
2014-01-07,1.1207
2014-01-08,1.1225
2014-01-09,1.1254
2014-01-10,1.113
2014-01-13,1.1046
2014-01-14,1.1136
2014-01-15,1.1204
2014-01-16,1.1361
2014-01-17,1.1392
2014-01-21,1.1362
2014-01-22,1.1313
2014-01-23,1.1397
2014-01-24,1.1474
2014-01-27,1.1448
2014-01-28,1.1403
2014-01-29,1.1412
2014-01-30,1.1401
2014-01-31,1.1438
2014-02-03,1.1393
2014-02-04,1.1192
2014-02-05,1.1222
2014-02-06,1.1152
2014-02-07,1.1162
2014-02-10,1.1181
2014-02-11,1.1056
2014-02-12,1.1077
2014-02-13,1.1137
2014-02-14,1.1083
2014-02-18,1.1063
2014-02-19,1.1078
2014-02-20,1.1135
2014-02-21,1.1159
2014-02-24,1.106
2014-02-25,1.108
2014-02-26,1.1158
2014-02-27,1.1161
2014-02-28,1.1194
2014-03-03,1.1199
2014-03-04,1.1186
2014-03-05,1.1131
2014-03-06,1.0989
2014-03-07,1.1024
2014-03-10,1.1085
2014-03-11,1.1086
2014-03-12,1.1146
2014-03-13,1.104
2014-03-14,1.1062
2014-03-17,1.0999
2014-03-18,1.0948
2014-03-19,1.0985
2014-03-20,1.106
2014-03-21,1.1001
2014-03-24,1.0958
2014-03-25,1.0933
2014-03-26,1.084
2014-03-27,1.0797
2014-03-28,1.0824
2014-03-31,1.0782
2014-04-01,1.0808
2014-04-02,1.0827
2014-04-03,1.0847
2014-04-04,1.0762
2014-04-07,1.0793
2014-04-08,1.0688
2014-04-09,1.0675
2014-04-10,1.0611
2014-04-11,1.0637
2014-04-14,1.0628
2014-04-15,1.0704
2014-04-16,1.0661
2014-04-17,1.0708
2014-04-18,1.0718
2014-04-21,1.071
2014-04-22,1.0678
2014-04-23,1.0772
2014-04-24,1.0803
2014-04-25,1.0785
2014-04-28,1.0806
2014-04-29,1.0792
2014-04-30,1.0774
2014-05-01,1.0782
2014-05-02,1.0803
2014-05-05,1.0781
2014-05-06,1.0684
2014-05-07,1.0711
2014-05-08,1.0659
2014-05-09,1.0686
2014-05-12,1.0679
2014-05-13,1.0673
2014-05-14,1.0662
2014-05-15,1.07
2014-05-16,1.0676
2014-05-19,1.0703
2014-05-20,1.08
2014-05-21,1.0852
2014-05-22,1.0844
2014-05-23,1.0828
2014-05-27,1.0823
2014-05-28,1.0838
2014-05-29,1.0765
2014-05-30,1.0755
2014-06-02,1.0811
2014-06-03,1.0805
2014-06-04,1.0789
2014-06-05,1.0728
2014-06-06,1.072
2014-06-09,1.0699
2014-06-10,1.0678
2014-06-11,1.0648
2014-06-12,1.0604
2014-06-13,1.0643
2014-06-16,1.0638
2014-06-17,1.0707
2014-06-18,1.0707
2014-06-19,1.0632
2014-06-20,1.0653
2014-06-23,1.0619
2014-06-24,1.0661
2014-06-25,1.0641
2014-06-26,1.0633
2014-06-27,1.0624
2014-06-30,1.0608
2014-07-01,1.054
2014-07-02,1.0589
2014-07-03,1.0686
2014-07-07,1.0671
2014-07-08,1.0638
2014-07-09,1.0643
2014-07-10,1.0653
2014-07-11,1.0658
2014-07-14,1.0647
2014-07-15,1.0677
2014-07-16,1.0681
2014-07-17,1.067
2014-07-18,1.0654
2014-07-21,1.0664
2014-07-22,1.0652
2014-07-23,1.0582
2014-07-24,1.0617
2014-07-25,1.0634
2014-07-28,1.0627
2014-07-29,1.0663
2014-07-30,1.0735
2014-07-31,1.0752
2014-08-01,1.0748
2014-08-04,1.072
2014-08-05,1.0752
2014-08-06,1.0722
2014-08-07,1.0772
2014-08-08,1.0779
2014-08-11,1.0796
2014-08-12,1.0787
2014-08-13,1.075
2014-08-14,1.0727
2014-08-15,1.0746
2014-08-18,1.0718
2014-08-19,1.074
2014-08-20,1.0746
2014-08-21,1.075
2014-08-22,1.0742
2014-08-25,1.0757
2014-08-26,1.073
2014-08-27,1.0712
2014-08-28,1.0693
2014-08-29,1.0702
2014-09-02,1.0781
2014-09-03,1.0705
2014-09-04,1.0683
2014-09-05,1.0666
2014-09-08,1.0753
2014-09-09,1.0861
2014-09-10,1.0925
2014-09-11,1.0971
2014-09-12,1.1053
2014-09-15,1.1078
2014-09-16,1.0994
2014-09-17,1.1077
2014-09-18,1.1131
2014-09-19,1.1192
2014-09-22,1.1266
2014-09-23,1.1296
2014-09-24,1.1274
2014-09-25,1.1369
2014-09-26,1.1414
2014-09-29,1.1444
2014-09-30,1.1446
2014-10-01,1.145
2014-10-02,1.1373
2014-10-03,1.1527
2014-10-06,1.1432
2014-10-07,1.1353
2014-10-08,1.1427
2014-10-09,1.1392
2014-10-10,1.1469
2014-10-14,1.1459
2014-10-15,1.1371
2014-10-16,1.1408
2014-10-17,1.1414
2014-10-20,1.1382
2014-10-21,1.1368
2014-10-22,1.1373
2014-10-23,1.1399
2014-10-24,1.1348
2014-10-27,1.1365
2014-10-28,1.1302
2014-10-29,1.1231
2014-10-30,1.1331
2014-10-31,1.1375
2014-11-03,1.1493
2014-11-04,1.1456
2014-11-05,1.1639
2014-11-06,1.1655
2014-11-07,1.1601
2014-11-10,1.1594
2014-11-12,1.1448
2014-11-13,1.1455
2014-11-14,1.1446
2014-11-17,1.1471
2014-11-18,1.146
2014-11-19,1.1597
2014-11-20,1.1614
2014-11-21,1.1529
2014-11-24,1.1608
2014-11-25,1.1737
2014-11-26,1.1718
2014-11-28,1.1732
2014-12-01,1.1736
2014-12-02,1.1825
2014-12-03,1.1881
2014-12-04,1.1898
2014-12-05,1.2005
2014-12-08,1.2054
2014-12-09,1.1989
2014-12-10,1.2041
2014-12-11,1.2099
2014-12-12,1.2095
2014-12-15,1.2148
2014-12-16,1.2165
2014-12-17,1.2235
2014-12-18,1.2243
2014-12-19,1.2303
2014-12-22,1.2284
2014-12-23,1.235
2014-12-24,1.2332
2014-12-29,1.2276
2014-12-30,1.2197
2014-12-31,1.2235
2015-01-02,1.2318
2015-01-05,1.2353
2015-01-06,1.2318
2015-01-07,1.2424
2015-01-08,1.2306
2015-01-09,1.2209
2015-01-12,1.2247
2015-01-13,1.2249
2015-01-14,1.225
2015-01-15,1.2177
2015-01-16,1.2204
2015-01-20,1.2229
2015-01-21,1.2344
2015-01-22,1.2347
2015-01-23,1.2602
2015-01-26,1.2604
2015-01-27,1.2596
2015-01-28,1.2542
2015-01-29,1.289
2015-01-30,1.2883
2015-02-02,1.2791
2015-02-03,1.2925
2015-02-04,1.2885
2015-02-05,1.2816
2015-02-06,1.2809
2015-02-09,1.2799
2015-02-10,1.2852
2015-02-11,1.2965
2015-02-12,1.2882
2015-02-13,1.2867
2015-02-17,1.2794
2015-02-18,1.2857
2015-02-19,1.2804
2015-02-20,1.2767
2015-02-23,1.2809
2015-02-24,1.2807
2015-02-25,1.2661
2015-02-26,1.2794
2015-02-27,1.2804
2015-03-02,1.2853
2015-03-03,1.2755
2015-03-04,1.2786
2015-03-05,1.2882
2015-03-06,1.2967
2015-03-09,1.296
2015-03-10,1.3094
2015-03-11,1.3189
2015-03-12,1.2979
2015-03-13,1.3104
2015-03-16,1.3062
2015-03-17,1.3132
2015-03-18,1.3067
2015-03-19,1.3127
2015-03-20,1.2888
2015-03-23,1.2742
2015-03-24,1.2708
2015-03-25,1.2729
2015-03-26,1.2762
2015-03-27,1.2897
2015-03-30,1.308
2015-03-31,1.3115
2015-04-01,1.3132
2015-04-02,1.3217
2015-04-03,1.308
2015-04-06,1.306
2015-04-07,1.3079
2015-04-08,1.2962
2015-04-09,1.2977
2015-04-10,1.3031
2015-04-13,1.3194
2015-04-14,1.3092
2015-04-15,1.3141
2015-04-16,1.2827
2015-04-17,1.286
2015-04-20,1.2942
2015-04-21,1.2918
2015-04-22,1.2868
2015-04-23,1.285
2015-04-24,1.278
2015-04-27,1.2724
2015-04-28,1.2473
2015-04-29,1.2399
2015-04-30,1.2711
2015-05-01,1.2799
2015-05-04,1.2757
2015-05-05,1.2593
2015-05-06,1.2492
2015-05-07,1.2636
2015-05-08,1.2636
2015-05-11,1.266
2015-05-12,1.2517
2015-05-13,1.2318
2015-05-14,1.2373
2015-05-15,1.2418
2015-05-18,1.2498
2015-05-19,1.2629
2015-05-20,1.2695
2015-05-21,1.2677
2015-05-22,1.2775
2015-05-26,1.2923
2015-05-27,1.2967
2015-05-28,1.3104
2015-05-29,1.3057
2015-06-01,1.3135
2015-06-02,1.2907
2015-06-03,1.2816
2015-06-04,1.3033
2015-06-05,1.312
2015-06-08,1.3072
2015-06-09,1.3012
2015-06-10,1.2905
2015-06-11,1.2943
2015-06-12,1.2917
2015-06-15,1.2875
2015-06-16,1.2898
2015-06-17,1.3043
2015-06-18,1.277
2015-06-19,1.289
2015-06-22,1.2912
2015-06-23,1.2922
2015-06-24,1.3006
2015-06-25,1.2918
2015-06-26,1.3072
2015-06-29,1.3026
2015-06-30,1.298
2015-07-01,1.3048
2015-07-02,1.3106
2015-07-06,1.3296
2015-07-07,1.345
2015-07-08,1.3432
2015-07-09,1.3444
2015-07-10,1.3464
2015-07-13,1.3501
2015-07-14,1.3423
2015-07-15,1.3576
2015-07-16,1.3459
2015-07-17,1.3567
2015-07-20,1.355
2015-07-21,1.3461
2015-07-22,1.3572
2015-07-23,1.3559
2015-07-24,1.3738
2015-07-27,1.3691
2015-07-28,1.3652
2015-07-29,1.3686
2015-07-30,1.374
2015-07-31,1.3639
2015-08-03,1.3742
2015-08-04,1.3479
2015-08-05,1.3613
2015-08-06,1.3618
2015-08-07,1.3526
2015-08-10,1.3506
2015-08-11,1.3721
2015-08-12,1.3559
2015-08-13,1.3585
2015-08-14,1.3557
2015-08-17,1.3539
2015-08-18,1.3635
2015-08-19,1.3669
2015-08-20,1.3592
2015-08-21,1.3618
2015-08-24,1.3885
2015-08-25,1.3922
2015-08-26,1.411
2015-08-27,1.393
2015-08-28,1.4027
2015-08-31,1.4085
2015-09-01,1.4213
2015-09-02,1.4263
2015-09-03,1.4235
2015-09-04,1.4457
2015-09-08,1.4239
2015-09-09,1.4237
2015-09-10,1.4112
2015-09-11,1.4136
2015-09-14,1.4011
2015-09-15,1.41
2015-09-16,1.3916
2015-09-17,1.3992
2015-09-18,1.3847
2015-09-21,1.4035
2015-09-22,1.4128
2015-09-23,1.4278
2015-09-24,1.429
2015-09-25,1.4257
2015-09-28,1.4276
2015-09-29,1.4271
2015-09-30,1.4245
2015-10-01,1.4196
2015-10-02,1.4235
2015-10-05,1.4108
2015-10-06,1.4
2015-10-07,1.3864
2015-10-08,1.3841
2015-10-09,1.3646
2015-10-13,1.3731
2015-10-14,1.3782
2015-10-15,1.3669
2015-10-16,1.3772
2015-10-19,1.3785
2015-10-20,1.3782
2015-10-21,1.3839
2015-10-22,1.385
2015-10-23,1.386
2015-10-26,1.377
2015-10-27,1.3826
2015-10-28,1.4
2015-10-29,1.4122
2015-10-30,1.4019
2015-11-02,1.4004
2015-11-03,1.3941
2015-11-04,1.399
2015-11-05,1.399
2015-11-06,1.4217
2015-11-09,1.4192
2015-11-10,1.4225
2015-11-12,1.4053
2015-11-13,1.4049
2015-11-16,1.4114
2015-11-17,1.4055
2015-11-18,1.4128
2015-11-19,1.3873
2015-11-20,1.3826
2015-11-23,1.3912
2015-11-24,1.381
2015-11-25,1.3801
2015-11-27,1.3904
2015-11-30,1.3822
2015-12-01,1.3661
2015-12-02,1.3682
2015-12-03,1.368
2015-12-04,1.3613
2015-12-07,1.3759
2015-12-08,1.3868
2015-12-09,1.3881
2015-12-10,1.3701
2015-12-11,1.3862
2015-12-14,1.3778
2015-12-15,1.3935
2015-12-16,1.3875
2015-12-17,1.4085
2015-12-18,1.3895
2015-12-21,1.3943
2015-12-22,1.3829
2015-12-23,1.3848
2015-12-24,1.3757
2015-12-28,1.377
2015-12-29,1.3712
2015-12-30,1.3729
2015-12-31,1.3725
2016-01-04,1.3955
2016-01-05,1.3984
2016-01-06,1.4144
2016-01-07,1.4235
2016-01-08,1.4335
2016-01-11,1.4302
2016-01-12,1.4337
2016-01-13,1.4294
2016-01-14,1.4327
2016-01-15,1.4569
2016-01-19,1.4432
2016-01-20,1.4588
2016-01-21,1.428
2016-01-22,1.4257
2016-01-25,1.4347
2016-01-26,1.4276
2016-01-27,1.4136
2016-01-28,1.4114
2016-01-29,1.4142
2016-02-01,1.4116
2016-02-02,1.4168
2016-02-03,1.4017
2016-02-04,1.3858
2016-02-05,1.4116
2016-02-08,1.4079
2016-02-09,1.4154
2016-02-10,1.4106
2016-02-11,1.4092
2016-02-12,1.4088
2016-02-16,1.4079
2016-02-17,1.3951
2016-02-18,1.3986
2016-02-19,1.4035
2016-02-22,1.3816
2016-02-23,1.3872
2016-02-24,1.3933
2016-02-25,1.3873
2016-02-26,1.4025
2016-02-29,1.3982
2016-03-01,1.3943
2016-03-02,1.3759
2016-03-03,1.3587
2016-03-04,1.3468
2016-03-07,1.3392
2016-03-08,1.3421
2016-03-09,1.3284
2016-03-10,1.3434
2016-03-11,1.3207
2016-03-14,1.3307
2016-03-15,1.3396
2016-03-16,1.345
2016-03-17,1.3094
2016-03-18,1.3127
2016-03-21,1.3168
2016-03-22,1.3115
2016-03-23,1.3275
2016-03-24,1.3305
2016-03-25,1.3301
2016-03-28,1.3247
2016-03-29,1.3215
2016-03-30,1.3043
2016-03-31,1.3026
2016-04-01,1.3034
2016-04-04,1.3134
2016-04-05,1.33
2016-04-06,1.3135
2016-04-07,1.3326
2016-04-08,1.3238
2016-04-11,1.316
2016-04-12,1.3057
2016-04-13,1.3074
2016-04-14,1.2979
2016-04-15,1.2958
2016-04-18,1.291
2016-04-19,1.2811
2016-04-20,1.2793
2016-04-21,1.289
2016-04-22,1.2965
2016-04-25,1.2958
2016-04-26,1.2918
2016-04-27,1.3168
2016-04-28,1.3098
2016-04-29,1.3137
2016-05-02,1.3087
2016-05-03,1.3348
2016-05-04,1.3416
2016-05-05,1.3396
2016-05-06,1.3591
2016-05-09,1.3656
2016-05-10,1.3604
2016-05-11,1.3517
2016-05-12,1.3672
2016-05-13,1.3749
2016-05-16,1.3699
2016-05-17,1.3602
2016-05-18,1.3727
2016-05-19,1.3864
2016-05-20,1.386
2016-05-23,1.3883
2016-05-24,1.392
2016-05-25,1.3916
2016-05-26,1.3837
2016-05-27,1.3879
2016-05-31,1.3808
2016-06-01,1.3808
2016-06-02,1.3841
2016-06-03,1.3626
2016-06-06,1.3583
2016-06-07,1.3419
2016-06-08,1.3371
2016-06-09,1.3457
2016-06-10,1.3523
2016-06-13,1.3524
2016-06-14,1.3587
2016-06-15,1.3506
2016-06-16,1.3676
2016-06-17,1.3541
2016-06-20,1.3408
2016-06-21,1.3403
2016-06-22,1.3349
2016-06-23,1.3161
2016-06-24,1.3421
2016-06-27,1.3592
2016-06-28,1.36
2016-06-29,1.3434
2016-06-30,1.3455
2016-07-01,1.336
2016-07-05,1.3412
2016-07-06,1.3314
2016-07-07,1.3355
2016-07-08,1.3229
2016-07-11,1.3273
2016-07-12,1.3104
2016-07-13,1.3116
2016-07-14,1.3103
2016-07-15,1.318
2016-07-18,1.3163
2016-07-19,1.334
2016-07-20,1.3358
2016-07-21,1.3339
2016-07-22,1.3417
2016-07-25,1.3408
2016-07-26,1.3305
2016-07-27,1.3405
2016-07-28,1.3314
2016-07-29,1.316
2016-08-01,1.3215
2016-08-02,1.3139
2016-08-03,1.3172
2016-08-04,1.3094
2016-08-05,1.3132
2016-08-08,1.3062
2016-08-09,1.3026
2016-08-10,1.2958
2016-08-11,1.297
2016-08-12,1.304
2016-08-15,1.3009
2016-08-16,1.2992
2016-08-17,1.3125
2016-08-18,1.3014
2016-08-19,1.3123
2016-08-22,1.3108
2016-08-23,1.3103
2016-08-24,1.3149
2016-08-25,1.3139
2016-08-26,1.3134
2016-08-29,1.32
2016-08-30,1.3305
2016-08-31,1.33
2016-09-01,1.3259
2016-09-02,1.3233
2016-09-06,1.3031
2016-09-07,1.3029
2016-09-08,1.3045
2016-09-09,1.3247
2016-09-12,1.3287
2016-09-13,1.3387
2016-09-14,1.336
2016-09-15,1.3312
2016-09-16,1.3353
2016-09-19,1.3228
2016-09-20,1.3242
2016-09-21,1.3177
2016-09-22,1.3082
2016-09-23,1.3122
2016-09-26,1.3086
2016-09-27,1.3058
2016-09-28,1.3057
2016-09-29,1.3028
2016-09-30,1.3043
2016-10-03,1.3048
2016-10-04,1.3082
2016-10-05,1.3127
2016-10-06,1.3193
2016-10-07,1.3235
2016-10-11,1.3254
2016-10-12,1.324
2016-10-13,1.3231
2016-10-14,1.3141
2016-10-17,1.3113
2016-10-18,1.3023
2016-10-19,1.2962
2016-10-20,1.3089
2016-10-21,1.3163
2016-10-24,1.3153
2016-10-25,1.3068
2016-10-26,1.306
2016-10-27,1.3148
2016-10-28,1.3196
2016-10-31,1.3139
2016-11-01,1.3057
2016-11-02,1.3043
2016-11-03,1.3019
2016-11-04,1.304
2016-11-07,1.2987
2016-11-08,1.2932
2016-11-09,1.3031
2016-11-10,1.3175
2016-11-14,1.3277
2016-11-15,1.3263
2016-11-16,1.3348
2016-11-17,1.3414
2016-11-18,1.3615
2016-11-21,1.3592
2016-11-22,1.3535
2016-11-23,1.353
2016-11-25,1.3468
2016-11-28,1.3373
2016-11-29,1.3389
2016-11-30,1.3537
2016-12-01,1.3493
2016-12-02,1.3432
2016-12-05,1.3376
2016-12-06,1.3416
2016-12-07,1.3371
2016-12-08,1.3426
2016-12-09,1.3437
2016-12-12,1.3358
2016-12-13,1.3344
2016-12-14,1.3312
2016-12-15,1.3618
2016-12-16,1.3702
2016-12-19,1.3767
2016-12-20,1.3789
2016-12-21,1.3805
2016-12-22,1.3858
2016-12-23,1.3939
2016-12-27,1.391
2016-12-28,1.3918
2016-12-29,1.385
2016-12-30,1.3831
2017-01-03,1.3829
2017-01-04,1.3755
2017-01-05,1.3635
2017-01-06,1.3689
2017-01-09,1.358
2017-01-10,1.3569
2017-01-11,1.3514
2017-01-12,1.3319
2017-01-13,1.3367
2017-01-17,1.3263
2017-01-18,1.324
2017-01-19,1.3254
2017-01-23,1.3221
2017-01-24,1.3186
2017-01-25,1.3219
2017-01-26,1.3278
2017-01-27,1.3247
2017-01-30,1.3235
2017-01-31,1.3189
2017-02-01,1.3221
2017-02-02,1.3033
2017-02-03,1.3011
2017-02-06,1.3087
2017-02-07,1.3096
2017-02-08,1.3075
2017-02-09,1.3118
2017-02-10,1.3011
2017-02-13,1.3082
2017-02-14,1.3092
2017-02-15,1.299
2017-02-16,1.2997
2017-02-17,1.306
2017-02-21,1.3034
2017-02-22,1.3016
2017-02-23,1.296
2017-02-24,1.3019
2017-02-27,1.2999
2017-02-28,1.3011
2017-03-01,1.3048
2017-03-02,1.3196
2017-03-03,1.3229
2017-03-06,1.3187
2017-03-07,1.3153
2017-03-08,1.3256
2017-03-09,1.3303
2017-03-10,1.3278
2017-03-13,1.3191
2017-03-14,1.3201
2017-03-15,1.317
2017-03-16,1.3033
2017-03-17,1.3004
2017-03-20,1.2932
2017-03-21,1.2958
2017-03-22,1.3031
2017-03-23,1.3082
2017-03-24,1.3125
2017-03-27,1.3118
2017-03-28,1.307
2017-03-29,1.3055
2017-03-30,1.3045
2017-03-31,1.3092
2017-04-03,1.3156
2017-04-04,1.3215
2017-04-05,1.3201
2017-04-06,1.3247
2017-04-07,1.3305
2017-04-10,1.3333
2017-04-11,1.3339
2017-04-12,1.336
2017-04-13,1.3184
2017-04-14,1.3201
2017-04-17,1.3151
2017-04-18,1.324
2017-04-19,1.3333
2017-04-20,1.3263
2017-04-21,1.3264
2017-04-24,1.3231
2017-04-25,1.3266
2017-04-26,1.3401
2017-04-27,1.3419
2017-04-28,1.3378
2017-05-01,1.3273
2017-05-02,1.3293
2017-05-03,1.3421
2017-05-04,1.3508
2017-05-05,1.3488
2017-05-08,1.3539
2017-05-09,1.3602
2017-05-10,1.3545
2017-05-11,1.3561
2017-05-12,1.3519
2017-05-15,1.3468
2017-05-16,1.3461
2017-05-17,1.3466
2017-05-18,1.3455
2017-05-19,1.3425
2017-05-22,1.3376
2017-05-23,1.336
2017-05-24,1.3399
2017-05-25,1.3394
2017-05-26,1.3441
2017-05-30,1.3396
2017-05-31,1.3446
2017-06-01,1.3537
2017-06-02,1.3439
2017-06-05,1.3371
2017-06-06,1.3308
2017-06-07,1.3245
2017-06-08,1.3257
2017-06-09,1.3277
2017-06-12,1.3264
2017-06-13,1.3263
2017-06-14,1.3125
2017-06-15,1.3189
2017-06-16,1.312
2017-06-19,1.3149
2017-06-20,1.3201
2017-06-21,1.3247
2017-06-22,1.3259
2017-06-23,1.3196
2017-06-26,1.3175
2017-06-27,1.3179
2017-06-28,1.3092
2017-06-29,1.3021
2017-06-30,1.3028
2017-07-03,1.3068
2017-07-05,1.3179
2017-07-06,1.3186
2017-07-07,1.316
2017-07-10,1.316
2017-07-11,1.3134
2017-07-12,1.3033
2017-07-13,1.294
2017-07-14,1.2799
2017-07-17,1.2802
2017-07-18,1.2621
2017-07-19,1.2585
2017-07-20,1.2566
2017-07-21,1.2641
2017-07-24,1.2617
2017-07-25,1.258
2017-07-26,1.2623
2017-07-27,1.256
2017-07-28,1.2514
2017-07-31,1.2519
2017-08-01,1.2541
2017-08-02,1.2527
2017-08-03,1.2587
2017-08-04,1.262
2017-08-07,1.265
2017-08-08,1.265
2017-08-09,1.2703
2017-08-10,1.2677
2017-08-11,1.269
2017-08-14,1.2716
2017-08-15,1.2784
2017-08-16,1.2687
2017-08-17,1.2629
2017-08-18,1.2606
2017-08-21,1.2601
2017-08-22,1.2637
2017-08-23,1.2669
2017-08-24,1.265
2017-08-25,1.2612
2017-08-28,1.2569
2017-08-29,1.2542
2017-08-30,1.265
2017-08-31,1.2607
2017-09-01,1.2531
2017-09-05,1.2484
2017-09-06,1.2475
2017-09-07,1.2441
2017-09-08,1.239
2017-09-11,1.2463
2017-09-12,1.2435
2017-09-13,1.252
2017-09-14,1.2531
2017-09-15,1.2489
2017-09-18,1.2553
2017-09-19,1.2478
2017-09-20,1.2392
2017-09-21,1.2594
2017-09-22,1.2539
2017-09-25,1.2599
2017-09-26,1.269
2017-09-27,1.2713
2017-09-28,1.277
2017-09-29,1.2755
2017-10-02,1.278
2017-10-03,1.2775
2017-10-04,1.2729
2017-10-05,1.2821
2017-10-06,1.2878
2017-10-10,1.284
2017-10-11,1.2852
2017-10-12,1.2776
2017-10-13,1.2682
2017-10-16,1.2724
2017-10-17,1.2767
2017-10-18,1.2758
2017-10-19,1.2694
2017-10-20,1.2801
2017-10-23,1.2809
2017-10-24,1.2853
2017-10-25,1.2997
2017-10-26,1.3007
2017-10-27,1.3055
2017-10-30,1.3024
2017-10-31,1.3041
2017-11-01,1.3028
2017-11-02,1.295
2017-11-03,1.3072
2017-11-06,1.3033
2017-11-07,1.3094
2017-11-08,1.3026
2017-11-09,1.3041
2017-11-13,1.312
2017-11-14,1.311
2017-11-15,1.32
2017-11-16,1.3175
2017-11-17,1.3222
2017-11-20,1.3243
2017-11-21,1.3189
2017-11-22,1.3173
2017-11-24,1.3125
2017-11-27,1.3149
2017-11-28,1.3129
2017-11-29,1.3207
2017-11-30,1.3207
2017-12-01,1.3116
2017-12-04,1.3161
2017-12-05,1.3148
2017-12-06,1.3219
2017-12-07,1.3287
2017-12-08,1.3321
2017-12-11,1.3263
2017-12-12,1.3245
2017-12-13,1.3149
2017-12-14,1.3034
2017-12-15,1.3079
2017-12-18,1.3029
2017-12-19,1.3068
2017-12-20,1.3033
2017-12-21,1.2982
2017-12-22,1.2965
2017-12-26,1.294
2017-12-27,1.2867
2017-12-28,1.2832
2017-12-29,1.2796
2018-01-02,1.2781
2018-01-03,1.2755
2018-01-04,1.2729
2018-01-05,1.2724
2018-01-08,1.2758
2018-01-09,1.2784
2018-01-10,1.2753
2018-01-11,1.2682
2018-01-12,1.2681
2018-01-16,1.2566
2018-01-17,1.2528
2018-01-18,1.2511
2018-01-19,1.2498
2018-01-22,1.2494
2018-01-23,1.2525
2018-01-24,1.2398
2018-01-25,1.2362
2018-01-26,1.2338
2018-01-29,1.2362
2018-01-30,1.2382
2018-01-31,1.2393
2018-02-01,1.2456
2018-02-02,1.2612
2018-02-05,1.2617
2018-02-06,1.2695
2018-02-07,1.2752
2018-02-08,1.2839
2018-02-09,1.2806
2018-02-12,1.2762
2018-02-13,1.2728
2018-02-14,1.2702
2018-02-15,1.2639
2018-02-16,1.2618
2018-02-20,1.2653
2018-02-21,1.2767
2018-02-22,1.2739
2018-02-23,1.2776
2018-02-26,1.275
2018-02-27,1.2814
2018-02-28,1.2819
2018-03-01,1.2883
2018-03-02,1.2897
2018-03-05,1.2888
2018-03-06,1.2784
2018-03-07,1.2827
2018-03-08,1.2842
2018-03-09,1.274
2018-03-12,1.2716
2018-03-13,1.2689
2018-03-14,1.2695
2018-03-15,1.2794
2018-03-16,1.2932
2018-03-19,1.2979
2018-03-20,1.3002
2018-03-21,1.2974
2018-03-22,1.2994
2018-03-23,1.2952
2018-03-26,1.2942
2018-03-27,1.2958
2018-03-28,1.3019
2018-03-29,1.3034
2018-03-30,1.3004
2018-04-02,1.3058
2018-04-03,1.3031
2018-04-04,1.2985
2018-04-05,1.3007
2018-04-06,1.3014
2018-04-09,1.2974
2018-04-10,1.2883
2018-04-11,1.2878
2018-04-12,1.2892
2018-04-13,1.2873
2018-04-16,1.2858
2018-04-17,1.2873
2018-04-18,1.2847
2018-04-19,1.2902
2018-04-20,1.3036
2018-04-23,1.3134
2018-04-24,1.3161
2018-04-25,1.3229
2018-04-26,1.3228
2018-04-27,1.3217
2018-04-30,1.3257
2018-05-01,1.3355
2018-05-02,1.3332
2018-05-03,1.331
2018-05-04,1.3273
2018-05-07,1.3287
2018-05-08,1.3432
2018-05-09,1.3412
2018-05-10,1.3307
2018-05-11,1.3256
2018-05-14,1.3238
2018-05-15,1.3374
2018-05-16,1.3326
2018-05-17,1.3319
2018-05-18,1.3314
2018-05-21,1.3219
2018-05-22,1.3167
2018-05-23,1.3273
2018-05-24,1.3215
2018-05-25,1.3231
2018-05-29,1.3308
2018-05-30,1.3203
2018-05-31,1.321
2018-06-01,1.3217
2018-06-04,1.3075
2018-06-05,1.3148
2018-06-06,1.3026
2018-06-07,1.3106
2018-06-08,1.3156
2018-06-11,1.313
2018-06-12,1.3146
2018-06-13,1.3151
2018-06-14,1.3308
2018-06-15,1.3414
2018-06-18,1.3479
2018-06-19,1.3539
2018-06-20,1.3537
2018-06-21,1.3561
2018-06-22,1.347
2018-06-25,1.3503
2018-06-26,1.351
2018-06-27,1.3563
2018-06-28,1.3596
2018-06-29,1.3515
2018-07-02,1.3657
2018-07-03,1.3541
2018-07-05,1.3535
2018-07-06,1.3475
2018-07-09,1.3394
2018-07-10,1.3398
2018-07-11,1.3514
2018-07-12,1.3481
2018-07-13,1.3495
2018-07-16,1.3484
2018-07-17,1.3528
2018-07-18,1.3528
2018-07-19,1.3639
2018-07-20,1.3495
2018-07-23,1.3545
2018-07-24,1.3484
2018-07-25,1.3492
2018-07-26,1.3543
2018-07-27,1.3495
2018-07-30,1.3499
2018-07-31,1.3444
2018-08-01,1.351
2018-08-02,1.3552
2018-08-03,1.3503
2018-08-06,1.3526
2018-08-07,1.3463
2018-08-08,1.3477
2018-08-09,1.3524
2018-08-10,1.3702
2018-08-13,1.3755
2018-08-14,1.3812
2018-08-15,1.3826
2018-08-16,1.3744
2018-08-17,1.3732
2018-08-20,1.3684
2018-08-21,1.3602
2018-08-22,1.3602
2018-08-23,1.3767
2018-08-24,1.3639
2018-08-27,1.3613
2018-08-28,1.3602
2018-08-29,1.3714
2018-08-30,1.377
2018-08-31,1.3904
2018-09-04,1.3939
2018-09-05,1.391
2018-09-06,1.3893
2018-09-07,1.4015
2018-09-10,1.4049
2018-09-11,1.4071
2018-09-12,1.3965
2018-09-13,1.3904
2018-09-14,1.3931
2018-09-17,1.3916
2018-09-18,1.385
2018-09-19,1.3749
2018-09-20,1.3744
2018-09-21,1.374
2018-09-24,1.3768
2018-09-25,1.3791
2018-09-26,1.3774
2018-09-27,1.3854
2018-09-28,1.3816
2018-10-01,1.3845
2018-10-02,1.3891
2018-10-03,1.401
2018-10-04,1.4128
2018-10-05,1.4188
2018-10-09,1.41
2018-10-10,1.4085
2018-10-11,1.4061
2018-10-12,1.4053
2018-10-15,1.4002
2018-10-16,1.4006
2018-10-17,1.4025
2018-10-18,1.4049
2018-10-19,1.4021
2018-10-22,1.4112
2018-10-23,1.4136
2018-10-24,1.414
2018-10-25,1.4116
2018-10-26,1.4108
2018-10-29,1.4136
2018-10-30,1.4061
2018-10-31,1.4104
2018-11-01,1.391
2018-11-02,1.3891
2018-11-05,1.3893
2018-11-06,1.3848
2018-11-07,1.3732
2018-11-08,1.3725
2018-11-09,1.3839
2018-11-13,1.385
2018-11-14,1.3852
2018-11-15,1.3757
2018-11-16,1.3676
2018-11-19,1.3716
2018-11-20,1.3801
2018-11-21,1.3761
2018-11-23,1.3841
2018-11-26,1.3831
2018-11-27,1.3877
2018-11-28,1.3826
2018-11-29,1.3672
2018-11-30,1.3678
2018-12-03,1.3587
2018-12-04,1.36
2018-12-06,1.3858
2018-12-07,1.387
2018-12-10,1.3908
2018-12-11,1.3881
2018-12-12,1.3845
2018-12-13,1.3835
2018-12-14,1.3935
2018-12-17,1.3924
2018-12-18,1.3943
2018-12-19,1.3943
2018-12-20,1.4077
2018-12-21,1.414
2018-12-26,1.4144
2018-12-27,1.4245
2018-12-28,1.4196
2018-12-31,1.4192
2019-01-02,1.4286
2019-01-03,1.4257
2019-01-04,1.4069
2019-01-07,1.4
2019-01-08,1.4017
2019-01-09,1.3943
2019-01-10,1.3908
2019-01-11,1.3881
2019-01-15,1.3904
2019-01-16,1.392
2019-01-17,1.3945
2019-01-18,1.3943
2019-01-22,1.4019
2019-01-23,1.4019
2019-01-24,1.4092
2019-01-25,1.3943
2019-01-28,1.3955
2019-01-29,1.3988
2019-01-30,1.3897
2019-01-31,1.3732
2019-02-01,1.3774
2019-02-04,1.3854
2019-02-05,1.3824
2019-02-06,1.4029
2019-02-07,1.4098
2019-02-08,1.4104
2019-02-11,1.4154
2019-02-12,1.4096
2019-02-13,1.4059
2019-02-14,1.4102
2019-02-15,1.4041
2019-02-19,1.3994
2019-02-21,1.4124
2019-02-22,1.401
2019-02-25,1.3949
2019-02-26,1.3924
2019-02-27,1.4017
2019-02-28,1.4086
2019-03-01,1.4124
2019-03-04,1.4116
2019-03-05,1.4138
2019-03-06,1.4239
2019-03-07,1.4221
2019-03-08,1.4188
2019-03-11,1.4172
2019-03-12,1.412
2019-03-13,1.411
2019-03-14,1.4162
2019-03-15,1.4106
2019-03-18,1.4085
2019-03-19,1.4081
2019-03-20,1.4108
2019-03-21,1.4065
2019-03-22,1.4102
2019-03-25,1.4057
2019-03-26,1.4006
2019-03-27,1.4144
2019-03-28,1.4126
2019-03-29,1.4077
2019-04-01,1.4051
2019-04-02,1.4168
2019-04-03,1.4037
2019-04-04,1.4061
2019-04-05,1.4086
2019-04-08,1.4037
2019-04-09,1.4027
2019-04-10,1.397
2019-04-11,1.4029
2019-04-12,1.3935
2019-04-15,1.3931
2019-04-16,1.3939
2019-04-17,1.3951
2019-04-18,1.3986
2019-04-19,1.3986
2019-04-22,1.4017
2019-04-23,1.4092
2019-04-24,1.4233
2019-04-25,1.4265
2019-04-26,1.4196
2019-04-29,1.4176
2019-04-30,1.4205
2019-05-01,1.4209
2019-05-02,1.4282
2019-05-03,1.4249
2019-05-06,1.4296
2019-05-07,1.4278
2019-05-08,1.4278
2019-05-09,1.4335
2019-05-10,1.429
2019-05-13,1.4393
2019-05-14,1.4397
2019-05-15,1.443
2019-05-16,1.4482
2019-05-17,1.4548
2019-05-20,1.4465
2019-05-21,1.4543
2019-05-22,1.4535
2019-05-23,1.4501
2019-05-24,1.4463
2019-05-28,1.443
2019-05-29,1.4468
2019-05-30,1.4472
2019-05-31,1.443
2019-06-03,1.4378
2019-06-04,1.4312
2019-06-05,1.4339
2019-06-06,1.4318
2019-06-07,1.4282
2019-06-10,1.436
2019-06-11,1.4376
2019-06-12,1.4405
2019-06-13,1.4472
2019-06-14,1.4552
2019-06-17,1.4577
2019-06-18,1.4552
2019-06-19,1.4556
2019-06-20,1.4457
2019-06-21,1.4451
2019-06-24,1.436
2019-06-25,1.4337
2019-06-26,1.4306
2019-06-27,1.429
2019-06-28,1.4267
2019-07-01,1.4362
2019-07-02,1.4302
2019-07-03,1.4219
2019-07-05,1.4351
2019-07-08,1.4351
2019-07-09,1.4436
2019-07-10,1.436
2019-07-11,1.4323
2019-07-12,1.4271
2019-07-15,1.4213
2019-07-16,1.4245
2019-07-17,1.4243
2019-07-18,1.4198
2019-07-19,1.4201
2019-07-22,1.4201
2019-07-23,1.4288
2019-07-24,1.4331
2019-07-25,1.438
2019-07-26,1.4476
2019-07-29,1.4476
2019-07-30,1.4552
2019-07-31,1.4518
2019-08-01,1.4582
2019-08-02,1.4693
2019-08-05,1.4749
2019-08-06,1.4771
2019-08-07,1.4806
2019-08-08,1.468
2019-08-09,1.4715
2019-08-12,1.4802
2019-08-13,1.471
2019-08-14,1.4832
2019-08-15,1.4741
2019-08-16,1.4745
2019-08-19,1.4767
2019-08-20,1.4756
2019-08-21,1.4723
2019-08-22,1.4784
2019-08-23,1.4817
2019-08-26,1.4745
2019-08-27,1.4797
2019-08-28,1.4824
2019-08-29,1.485
2019-08-30,1.4859
2019-09-03,1.4797
2019-09-04,1.4715
2019-09-05,1.4663
2019-09-06,1.4586
2019-09-09,1.4548
2019-09-10,1.456
2019-09-11,1.4582
2019-09-12,1.4554
2019-09-13,1.4522
2019-09-16,1.4567
2019-09-17,1.4582
2019-09-18,1.4611
2019-09-19,1.4717
2019-09-20,1.4771
2019-09-23,1.4767
2019-09-24,1.4721
2019-09-25,1.4815
2019-09-26,1.4806
2019-09-27,1.4784
2019-09-30,1.4824
2019-10-01,1.4919
2019-10-02,1.493
2019-10-03,1.4813
2019-10-04,1.4784
2019-10-07,1.4832
2019-10-08,1.4865
2019-10-09,1.4859
2019-10-10,1.4771
2019-10-11,1.4697
2019-10-15,1.4799
2019-10-16,1.4804
2019-10-17,1.465
2019-10-18,1.4607
2019-10-21,1.4562
2019-10-22,1.4571
2019-10-23,1.4605
2019-10-24,1.4669
2019-10-25,1.4643
2019-10-28,1.4622
2019-10-29,1.4573
2019-10-30,1.4552
2019-10-31,1.4518
2019-11-01,1.4463
2019-11-04,1.4497
2019-11-05,1.451
2019-11-06,1.4533
2019-11-07,1.4503
2019-11-08,1.459
2019-11-12,1.4607
2019-11-13,1.4639
2019-11-14,1.4749
2019-11-15,1.4684
2019-11-18,1.4663
2019-11-19,1.465
2019-11-20,1.4712
2019-11-21,1.4721
2019-11-22,1.4741
2019-11-25,1.4771
2019-11-26,1.4734
2019-11-27,1.4749
2019-11-29,1.4789
2019-12-02,1.4665
2019-12-03,1.4618
2019-12-04,1.4596
2019-12-05,1.4633
2019-12-06,1.4628
2019-12-09,1.4637
2019-12-10,1.4676
2019-12-11,1.4569
2019-12-12,1.4501
2019-12-13,1.4554
2019-12-16,1.452
2019-12-17,1.4605
2019-12-18,1.459
2019-12-19,1.452
2019-12-20,1.4489
2019-12-23,1.4457
2019-12-24,1.4445
2019-12-26,1.4411
2019-12-27,1.4331
2019-12-30,1.4278
2019-12-31,1.4225
2020-01-02,1.4323
2020-01-03,1.4362
2020-01-06,1.4426
2020-01-07,1.4575
2020-01-08,1.4556
2020-01-09,1.4586
2020-01-10,1.4486
2020-01-13,1.447
2020-01-14,1.4482
2020-01-15,1.447
2020-01-16,1.4503
2020-01-17,1.4541
2020-01-21,1.4592
2020-01-22,1.4628
2020-01-23,1.4633
2020-01-24,1.4654
2020-01-27,1.4799
2020-01-28,1.4808
2020-01-29,1.4828
2020-01-30,1.4892
2020-01-31,1.4928
2020-02-03,1.4952
2020-02-04,1.4854
2020-02-05,1.4819
2020-02-06,1.4841
2020-02-07,1.4972
2020-02-10,1.4984
2020-02-11,1.4899
2020-02-12,1.4824
2020-02-13,1.4861
2020-02-14,1.4883
2020-02-18,1.4941
2020-02-19,1.4986
2020-02-20,1.511
2020-02-21,1.5078
2020-02-24,1.5124
2020-02-25,1.5158
2020-02-26,1.5253
2020-02-27,1.5193
2020-02-28,1.5396
2020-03-02,1.5328
2020-03-03,1.5113
2020-03-04,1.5131
2020-03-05,1.5152
2020-03-06,1.5074
2020-03-09,1.5029
2020-03-10,1.5456
2020-03-11,1.5356
2020-03-12,1.5924
2020-03-13,1.6231
2020-03-16,1.6308
2020-03-17,1.6734
2020-03-18,1.7182
2020-03-19,1.7068
2020-03-20,1.712
2020-03-23,1.7376
2020-03-24,1.6872
2020-03-25,1.6787
2020-03-26,1.6518
2020-03-27,1.6324
2020-03-30,1.6273
2020-03-31,1.6289
2020-04-01,1.6375
2020-04-02,1.6537
2020-04-03,1.6664
2020-04-06,1.6404
2020-04-07,1.6163
2020-04-08,1.6069
2020-04-09,1.585
2020-04-10,1.5751
2020-04-13,1.5674
2020-04-14,1.5579
2020-04-15,1.5803
2020-04-16,1.587
2020-04-17,1.5731
2020-04-20,1.5657
2020-04-21,1.5926
2020-04-22,1.5823
2020-04-23,1.5654
2020-04-24,1.5681
2020-04-27,1.548
2020-04-28,1.5387
2020-04-29,1.53
2020-04-30,1.533
2020-05-01,1.5567
2020-05-04,1.5596
2020-05-05,1.5485
2020-05-06,1.5591
2020-05-07,1.5385
2020-05-08,1.5284
2020-05-11,1.5451
2020-05-12,1.5363
2020-05-13,1.5473
2020-05-14,1.5571
2020-05-15,1.5601
2020-05-18,1.5354
2020-05-19,1.5228
2020-05-20,1.5149
2020-05-21,1.5239
2020-05-22,1.5319
2020-05-26,1.5051
2020-05-27,1.5175
2020-05-28,1.5006
2020-05-29,1.5056
2020-06-01,1.4738
2020-06-02,1.4552
2020-06-03,1.4393
2020-06-04,1.4401
2020-06-05,1.432
2020-06-08,1.4296
2020-06-09,1.436
2020-06-10,1.4278
2020-06-11,1.4516
2020-06-12,1.459
2020-06-15,1.4596
2020-06-16,1.4522
2020-06-17,1.4499
2020-06-18,1.4605
2020-06-19,1.4586
2020-06-22,1.4484
2020-06-23,1.4378
2020-06-24,1.4545
2020-06-25,1.456
2020-06-26,1.4575
2020-06-29,1.4596
2020-06-30,1.4507
2020-07-01,1.4457
2020-07-02,1.4449
2020-07-06,1.4341
2020-07-07,1.4343
2020-07-08,1.4353
2020-07-09,1.4372
2020-07-10,1.437
2020-07-13,1.432
2020-07-14,1.4347
2020-07-15,1.428
2020-07-16,1.4269
2020-07-17,1.4298
2020-07-20,1.4267
2020-07-21,1.4063
2020-07-22,1.3992
2020-07-23,1.4013
2020-07-24,1.4096
2020-07-27,1.4017
2020-07-28,1.3965
2020-07-29,1.3951
2020-07-30,1.4008
2020-07-31,1.3968
2020-08-03,1.4071
2020-08-04,1.3986
2020-08-05,1.3858
2020-08-06,1.3835
2020-08-07,1.3961
2020-08-10,1.3963
2020-08-11,1.3976
2020-08-12,1.3953
2020-08-13,1.3966
2020-08-14,1.3951
2020-08-17,1.3868
2020-08-18,1.3822
2020-08-19,1.3824
2020-08-20,1.3931
2020-08-21,1.3974
2020-08-24,1.3939
2020-08-25,1.3928
2020-08-26,1.3847
2020-08-27,1.3774
2020-08-28,1.3602
2020-08-31,1.3535
2020-09-01,1.3559
2020-09-02,1.3663
2020-09-03,1.3751
2020-09-04,1.3767
2020-09-08,1.3831
2020-09-09,1.3746
2020-09-10,1.3723
2020-09-11,1.3742
2020-09-14,1.3701
2020-09-15,1.3706
2020-09-16,1.3631
2020-09-17,1.3719
2020-09-18,1.3678
2020-09-21,1.3866
2020-09-22,1.3941
2020-09-23,1.4098
2020-09-24,1.4192
2020-09-25,1.4261
2020-09-28,1.415
2020-09-29,1.4067
2020-09-30,1.3966
2020-10-01,1.391
2020-10-02,1.3992
2020-10-05,1.3926
2020-10-06,1.3988
2020-10-07,1.4006
2020-10-08,1.397
2020-10-09,1.3818
2020-10-13,1.3957
2020-10-14,1.3949
2020-10-15,1.4126
2020-10-16,1.4118
2020-10-19,1.4104
2020-10-20,1.417
2020-10-21,1.4045
2020-10-22,1.4067
2020-10-23,1.4049
2020-10-26,1.4045
2020-10-27,1.4
2020-10-28,1.415
2020-10-29,1.4273
2020-10-30,1.4239
2020-11-02,1.4194
2020-11-03,1.3968
2020-11-04,1.3904
2020-11-05,1.3765
2020-11-06,1.3759
2020-11-09,1.3746
2020-11-10,1.3749
2020-11-12,1.3761
2020-11-13,1.3782
2020-11-16,1.3656
2020-11-17,1.3702
2020-11-18,1.3652
2020-11-19,1.3765
2020-11-20,1.3671
2020-11-23,1.3738
2020-11-24,1.3604
2020-11-25,1.3587
2020-11-30,1.3604
2020-12-01,1.3596
2020-12-02,1.3523
2020-12-03,1.3434
2020-12-04,1.3444
2020-12-07,1.3425
2020-12-08,1.3488
2020-12-09,1.3421
2020-12-10,1.3298
2020-12-11,1.3277
2020-12-14,1.3268
2020-12-15,1.3236
2020-12-16,1.3219
2020-12-17,1.3123
2020-12-18,1.3132
2020-12-21,1.3201
2020-12-22,1.3278
2020-12-23,1.318
2020-12-28,1.3214
2020-12-29,1.3118
2020-12-30,1.3017
2020-12-31,1.2972
2021-01-04,1.306
2021-01-05,1.29
2021-01-06,1.2842
2021-01-07,1.2895
2021-01-08,1.2857
2021-01-11,1.2963
2021-01-12,1.2933
2021-01-13,1.292
2021-01-14,1.2837
2021-01-15,1.2948
2021-01-19,1.2982
2021-01-21,1.2897
2021-01-22,1.294
2021-01-25,1.2982
2021-01-26,1.2925
2021-01-27,1.3021
2021-01-28,1.3031
2021-01-29,1.3053
2021-02-01,1.3115
2021-02-02,1.3182
2021-02-03,1.312
2021-02-04,1.316
2021-02-05,1.3062
2021-02-08,1.2984
2021-02-09,1.2947
2021-02-10,1.2928
2021-02-11,1.2893
2021-02-12,1.2883
2021-02-16,1.2888
2021-02-17,1.292
2021-02-18,1.2903
2021-02-19,1.2702
2021-02-22,1.2633
2021-02-23,1.2655
2021-02-24,1.2602
2021-02-25,1.2574
2021-02-26,1.2953
2021-03-01,1.286
2021-03-02,1.2784
2021-03-03,1.2807
2021-03-04,1.2809
2021-03-05,1.3046
2021-03-08,1.3067
2021-03-09,1.2989
2021-03-10,1.2952
2021-03-11,1.2865
2021-03-12,1.2867
2021-03-15,1.2938
2021-03-16,1.2907
2021-03-17,1.2972
2021-03-18,1.2829
2021-03-19,1.291
2021-03-22,1.2903
2021-03-23,1.3017
2021-03-24,1.312
2021-03-25,1.321
2021-03-26,1.3108
2021-03-29,1.3084
2021-03-30,1.3146
2021-03-31,1.3135
2021-04-01,1.3151
2021-04-02,1.3146
2021-04-05,1.306
2021-04-06,1.3055
2021-04-07,1.3111
2021-04-08,1.3089
2021-04-09,1.3104
2021-04-12,1.3123
2021-04-13,1.3108
2021-04-14,1.2935
2021-04-15,1.291
2021-04-16,1.293
2021-04-19,1.2888
2021-04-20,1.2917
2021-04-21,1.2895
2021-04-22,1.2945
2021-04-23,1.2922
2021-04-26,1.2817
2021-04-27,1.2862
2021-04-28,1.2873
2021-04-29,1.2888
2021-04-30,1.296
2021-05-03,1.289
2021-05-04,1.3007
2021-05-05,1.2903
2021-05-06,1.2873
2021-05-07,1.2721
2021-05-10,1.2697
2021-05-11,1.275
2021-05-12,1.293
2021-05-13,1.2948
2021-05-14,1.286
2021-05-17,1.2878
2021-05-18,1.285
2021-05-19,1.2898
2021-05-20,1.2853
2021-05-21,1.2935
2021-05-24,1.2918
2021-05-25,1.2918
2021-05-26,1.2915
2021-05-27,1.2927
2021-05-28,1.2977
2021-06-01,1.2878
2021-06-02,1.29
2021-06-03,1.3068
2021-06-04,1.2917
2021-06-07,1.2878
2021-06-08,1.2918
2021-06-09,1.2935
2021-06-10,1.29
2021-06-11,1.2994
2021-06-14,1.2957
2021-06-15,1.3028
2021-06-16,1.2967
2021-06-17,1.3236
2021-06-18,1.3335
2021-06-21,1.3284
2021-06-22,1.3284
2021-06-23,1.3177
2021-06-24,1.3205
2021-06-25,1.3167
2021-06-28,1.3203
2021-06-29,1.3303
2021-06-30,1.334
2021-07-01,1.3383
2021-07-02,1.3335
2021-07-06,1.334
2021-07-07,1.336
2021-07-08,1.3446
2021-07-09,1.3369
2021-07-12,1.3351
2021-07-13,1.3385
2021-07-14,1.3389
2021-07-15,1.3448
2021-07-16,1.3497
2021-07-19,1.3618
2021-07-20,1.3652
2021-07-21,1.3592
2021-07-22,1.3578
2021-07-23,1.358
2021-07-26,1.3539
2021-07-27,1.3572
2021-07-28,1.3607
2021-07-29,1.3514
2021-07-30,1.3604
2021-08-02,1.358
2021-08-03,1.3541
2021-08-04,1.3554
2021-08-05,1.3497
2021-08-06,1.3592
2021-08-09,1.3624
2021-08-10,1.3613
2021-08-11,1.3561
2021-08-12,1.3615
2021-08-13,1.3556
2021-08-16,1.3626
2021-08-17,1.3785
2021-08-18,1.382
2021-08-19,1.3947
2021-08-20,1.4019
2021-08-23,1.3873
2021-08-24,1.3785
2021-08-25,1.3763
2021-08-26,1.3797
2021-08-27,1.3682
2021-08-30,1.3708
2021-08-31,1.3686
2021-09-01,1.357
2021-09-02,1.3512
2021-09-03,1.3437
2021-09-07,1.3524
2021-09-08,1.3572
2021-09-09,1.355
2021-09-10,1.3576
2021-09-13,1.3569
2021-09-14,1.3633
2021-09-15,1.3654
2021-09-16,1.3721
2021-09-17,1.3744
2021-09-20,1.3797
2021-09-21,1.3812
2021-09-22,1.3767
2021-09-23,1.3704
2021-09-24,1.3778
2021-09-27,1.3729
2021-09-28,1.3818
2021-09-29,1.3908
2021-09-30,1.3835
2021-10-01,1.3753
2021-10-04,1.3729
2021-10-05,1.3708
2021-10-06,1.3778
2021-10-07,1.3659
2021-10-08,1.3684
2021-10-12,1.3576
2021-10-13,1.3567
2021-10-14,1.3479
2021-10-15,1.3484
2021-10-18,1.3483
2021-10-19,1.3367
2021-10-20,1.3312
2021-10-21,1.3348
2021-10-22,1.3399
2021-10-25,1.3344
2021-10-26,1.3339
2021-10-27,1.3307
2021-10-28,1.325
2021-10-29,1.3316
2021-11-01,1.3273
2021-11-02,1.3461
2021-11-03,1.3459
2021-11-04,1.351
2021-11-05,1.3499
2021-11-08,1.3461
2021-11-09,1.357
2021-11-10,1.3587
2021-11-12,1.3657
2021-11-15,1.3585
2021-11-16,1.3682
2021-11-17,1.3749
2021-11-18,1.3755
2021-11-19,1.378
2021-11-22,1.3822
2021-11-23,1.3847
2021-11-24,1.3895
2021-11-26,1.4037
2021-11-29,1.4047
2021-11-30,1.4108
2021-12-01,1.4021
2021-12-02,1.409
2021-12-03,1.4263
2021-12-06,1.4196
2021-12-07,1.4059
2021-12-08,1.3953
2021-12-09,1.3994
2021-12-10,1.3933
2021-12-13,1.4039
2021-12-14,1.4079
2021-12-15,1.4035
2021-12-16,1.3906
2021-12-17,1.399
2021-12-20,1.4051
2021-12-21,1.4006
2021-12-22,1.386
2021-12-23,1.3812
2021-12-27,1.3816
2021-12-28,1.3826
2021-12-29,1.381
2021-12-30,1.3774
2022-01-03,1.3899
2022-01-04,1.381
2022-01-05,1.3774
2022-01-06,1.3951
2022-01-07,1.3916
2022-01-10,1.3947
2022-01-11,1.3893
2022-01-12,1.3742
2022-01-13,1.3701
2022-01-14,1.3847
2022-01-18,1.3912
2022-01-19,1.3839
2022-01-20,1.3763
2022-01-21,1.3891
2022-01-24,1.4083
2022-01-25,1.401
2022-01-26,1.3953
2022-01-27,1.4196
2022-01-28,1.429
2022-01-31,1.4156
2022-02-01,1.4065
2022-02-02,1.4035
2022-02-03,1.4
2022-02-04,1.415
2022-02-07,1.4063
2022-02-08,1.4019
2022-02-09,1.3922
2022-02-10,1.3803
2022-02-11,1.3933
2022-02-14,1.4031
2022-02-15,1.3982
2022-02-16,1.3922
2022-02-17,1.3899
2022-02-18,1.3939
2022-02-22,1.3839
2022-02-23,1.3803
2022-02-24,1.4019
2022-02-25,1.3854
2022-02-28,1.3772
2022-03-01,1.3797
2022-03-02,1.3732
2022-03-03,1.3671
2022-03-04,1.3583
2022-03-07,1.3659
2022-03-08,1.377
2022-03-09,1.3656
2022-03-10,1.3585
2022-03-11,1.3684
2022-03-14,1.3835
2022-03-15,1.3897
2022-03-16,1.3791
2022-03-17,1.3535
2022-03-18,1.351
2022-03-21,1.3479
2022-03-22,1.3444
2022-03-23,1.3337
2022-03-24,1.3324
2022-03-25,1.3332
2022-03-28,1.3364
2022-03-29,1.333
2022-03-30,1.3319
2022-03-31,1.3335
2022-04-01,1.3346
2022-04-04,1.3247
2022-04-05,1.3161
2022-04-06,1.3259
2022-04-07,1.3383
2022-04-08,1.3403
2022-04-11,1.3477
2022-04-12,1.3369
2022-04-13,1.3459
2022-04-14,1.3506
2022-04-15,1.3512
2022-04-18,1.36
2022-04-19,1.3569
2022-04-20,1.3419
2022-04-21,1.3557
2022-04-22,1.378
2022-04-25,1.3992
2022-04-26,1.3996
2022-04-27,1.4037
2022-04-28,1.413
2022-04-29,1.4083
2022-05-02,1.4168
2022-05-03,1.4086
2022-05-04,1.3996
2022-05-05,1.4106
2022-05-06,1.4102
2022-05-09,1.4308
2022-05-10,1.444
2022-05-11,1.4298
2022-05-12,1.4594
2022-05-13,1.4455
2022-05-16,1.4403
2022-05-17,1.4259
2022-05-18,1.429
2022-05-19,1.417
2022-05-20,1.4221
2022-05-23,1.4086
2022-05-24,1.4122
2022-05-25,1.4152
2022-05-26,1.4128
2022-05-27,1.3976
2022-05-31,1.3912
2022-06-01,1.3959
2022-06-02,1.3791
2022-06-03,1.3872
2022-06-06,1.3875
2022-06-07,1.3866
2022-06-08,1.3854
2022-06-09,1.4045
2022-06-10,1.4176
2022-06-13,1.4397
2022-06-14,1.4524
2022-06-15,1.4397
2022-06-16,1.429
2022-06-17,1.4445
2022-06-21,1.4337
2022-06-22,1.4422
2022-06-23,1.4507
2022-06-24,1.4397
2022-06-27,1.4405
2022-06-28,1.4459
2022-06-29,1.452
2022-06-30,1.4482
2022-07-01,1.473
2022-07-05,1.4762
2022-07-06,1.4762
2022-07-07,1.4648
2022-07-08,1.4582
2022-07-11,1.4815
2022-07-12,1.4767
2022-07-13,1.4736
2022-07-14,1.4828
2022-07-15,1.4721
2022-07-18,1.4624
2022-07-19,1.4484
2022-07-20,1.4499
2022-07-21,1.4501
2022-07-22,1.4393
2022-07-25,1.438
2022-07-26,1.4411
2022-07-27,1.4449
2022-07-28,1.4345
2022-07-29,1.4316
2022-08-01,1.4215
2022-08-02,1.4384
2022-08-03,1.443
2022-08-04,1.4355
2022-08-05,1.4491
2022-08-08,1.4304
2022-08-09,1.4341
2022-08-10,1.4086
2022-08-11,1.4047
2022-08-12,1.4073
2022-08-15,1.4192
2022-08-16,1.4263
2022-08-17,1.4463
2022-08-18,1.443
2022-08-19,1.4556
2022-08-22,1.4554
2022-08-23,1.4403
2022-08-24,1.4465
2022-08-25,1.4366
2022-08-26,1.4449
2022-08-29,1.4474
2022-08-30,1.4545
2022-08-31,1.4565
2022-09-01,1.4749
2022-09-02,1.4609
2022-09-06,1.4815
2022-09-07,1.4857
2022-09-08,1.4837
2022-09-09,1.4607
2022-09-12,1.452
2022-09-13,1.4786
2022-09-14,1.481
2022-09-15,1.4908
2022-09-16,1.4919
2022-09-19,1.4939
2022-09-20,1.4916
2022-09-21,1.5013
2022-09-22,1.5069
2022-09-23,1.5284
2022-09-26,1.5466
2022-09-27,1.5516
2022-09-28,1.5356
2022-09-29,1.5408
2022-09-30,1.5535
2022-10-03,1.5382
2022-10-04,1.5401
2022-10-05,1.5466
2022-10-06,1.5598
2022-10-07,1.5642
2022-10-11,1.58
2022-10-12,1.5941
2022-10-13,1.5911
2022-10-14,1.608
2022-10-17,1.585
2022-10-18,1.5921
2022-10-19,1.5946
2022-10-20,1.5783
2022-10-21,1.5704
2022-10-24,1.5848
2022-10-25,1.5637
2022-10-26,1.5387
2022-10-27,1.5439
2022-10-28,1.5635
2022-10-31,1.564
2022-11-01,1.5645
2022-11-02,1.5596
2022-11-03,1.5888
2022-11-04,1.554
2022-11-07,1.5473
2022-11-08,1.5279
2022-11-09,1.5509
2022-11-10,1.5175
2022-11-14,1.4937
2022-11-15,1.4751
2022-11-16,1.4852
2022-11-17,1.5002
2022-11-18,1.4968
2022-11-21,1.5175
2022-11-22,1.5072
2022-11-23,1.491
2022-11-25,1.4815
2022-11-28,1.4939
2022-11-29,1.4945
2022-11-30,1.4888
2022-12-01,1.4697
2022-12-02,1.4704
2022-12-05,1.4896
2022-12-06,1.493
2022-12-07,1.4877
2022-12-08,1.4773
2022-12-09,1.4686
2022-12-12,1.4835
2022-12-13,1.4558
2022-12-14,1.4575
2022-12-15,1.4925
2022-12-16,1.4945
2022-12-19,1.4901
2022-12-20,1.5004
2022-12-21,1.4934
2022-12-22,1.499
2022-12-23,1.4903
2022-12-27,1.4832
2022-12-28,1.481
2022-12-29,1.4751
2022-12-30,1.4695
2023-01-03,1.4859
2023-01-04,1.4577
2023-01-05,1.4828
2023-01-06,1.4569
2023-01-09,1.4393
2023-01-10,1.4529
2023-01-11,1.4495
2023-01-12,1.4397
2023-01-13,1.4388
2023-01-17,1.4314
2023-01-18,1.431
2023-01-19,1.452
2023-01-20,1.4382
2023-01-23,1.4237
2023-01-24,1.4201
2023-01-25,1.4118
2023-01-26,1.4096
2023-01-27,1.4081
2023-01-30,1.4132
2023-01-31,1.4184
2023-02-01,1.415
2023-02-02,1.4116
2023-02-03,1.4397
2023-02-06,1.4558
2023-02-07,1.444
2023-02-08,1.4407
2023-02-09,1.436
2023-02-10,1.4453
2023-02-13,1.436
2023-02-14,1.4364
2023-02-15,1.4507
2023-02-16,1.4516
2023-02-17,1.4567
2023-02-21,1.4567
2023-02-22,1.4665
2023-02-23,1.4734
2023-02-24,1.4848
2023-02-27,1.4859
2023-02-28,1.4828
2023-03-01,1.4775
2023-03-02,1.4881
2023-03-03,1.4795
2023-03-06,1.4841
2023-03-07,1.5152
2023-03-08,1.5147
2023-03-09,1.5126
2023-03-10,1.5129
2023-03-13,1.4957
2023-03-14,1.5011
2023-03-15,1.5126
2023-03-16,1.5033
2023-03-17,1.4963
2023-03-20,1.4901
2023-03-21,1.5033
2023-03-22,1.4957
2023-03-23,1.4883
2023-03-24,1.5053
2023-03-27,1.5056
2023-03-28,1.4905
2023-03-29,1.497
2023-03-30,1.4923
2023-03-31,1.4916
2023-04-03,1.4741
2023-04-04,1.4832
2023-04-05,1.4863
2023-04-06,1.4984
2023-04-07,1.4997
2023-04-10,1.5094
2023-04-11,1.504
2023-04-12,1.4952
2023-04-13,1.4751
2023-04-14,1.4921
2023-04-17,1.4943
2023-04-18,1.4883
2023-04-19,1.4888
2023-04-20,1.4806
2023-04-21,1.4945
2023-04-24,1.4968
2023-04-25,1.5088
2023-04-26,1.5115
2023-04-27,1.5119
2023-04-28,1.5113
2023-05-01,1.5069
2023-05-02,1.4993
2023-05-03,1.4981
2023-05-04,1.4979
2023-05-05,1.4821
2023-05-08,1.4723
2023-05-09,1.481
2023-05-10,1.4784
2023-05-11,1.4939
2023-05-12,1.504
2023-05-15,1.493
2023-05-16,1.5008
2023-05-17,1.5035
2023-05-18,1.511
2023-05-19,1.5013
2023-05-22,1.5051
2023-05-23,1.5101
2023-05-24,1.5288
2023-05-25,1.537
2023-05-26,1.5359
2023-05-30,1.5354
2023-05-31,1.5449
2023-06-01,1.5205
2023-06-02,1.5115
2023-06-05,1.5092
2023-06-06,1.4984
2023-06-07,1.5013
2023-06-08,1.491
2023-06-09,1.4837
2023-06-12,1.4821
2023-06-13,1.4758
2023-06-14,1.4637
2023-06-15,1.4554
2023-06-16,1.4567
2023-06-20,1.4771
2023-06-21,1.4747
2023-06-22,1.4808
2023-06-23,1.4954
2023-06-26,1.4963
2023-06-27,1.4963
2023-06-28,1.5106
2023-06-29,1.5076
2023-06-30,1.5008
2023-07-03,1.4975
2023-07-05,1.5008
2023-07-06,1.5108
2023-07-07,1.4957
2023-07-10,1.4995
2023-07-11,1.5006
2023-07-12,1.4745
2023-07-13,1.455
2023-07-14,1.4613
2023-07-17,1.4661
2023-07-18,1.4669
2023-07-19,1.4786
2023-07-20,1.4754
2023-07-21,1.4843
2023-07-24,1.4815
2023-07-25,1.4725
2023-07-26,1.4802
2023-07-27,1.4837
2023-07-28,1.4993
2023-07-31,1.4859
2023-08-01,1.5126
2023-08-02,1.5286
2023-08-03,1.5258
2023-08-04,1.514
2023-08-07,1.5235
2023-08-08,1.5352
2023-08-09,1.5326
2023-08-10,1.5251
2023-08-11,1.5401
2023-08-14,1.5394
2023-08-15,1.5423
2023-08-16,1.5528
2023-08-17,1.5584
2023-08-18,1.5593
2023-08-21,1.5642
2023-08-22,1.5564
2023-08-23,1.5458
2023-08-24,1.5562
2023-08-25,1.5623
2023-08-28,1.5562
2023-08-29,1.5482
2023-08-30,1.5396
2023-08-31,1.5461
2023-09-01,1.5506
2023-09-05,1.5669
2023-09-06,1.5669
2023-09-07,1.5674
2023-09-08,1.5659
2023-09-11,1.554
2023-09-12,1.5569
2023-09-13,1.5564
2023-09-14,1.5516
2023-09-15,1.5523
2023-09-18,1.5523
2023-09-19,1.5485
2023-09-20,1.5387
2023-09-21,1.5571
2023-09-22,1.5497
2023-09-25,1.5576
2023-09-26,1.5613
2023-09-27,1.5704
2023-09-28,1.5559
2023-09-29,1.5501
2023-10-02,1.5686
2023-10-03,1.5891
2023-10-04,1.578
2023-10-05,1.5748
2023-10-06,1.564
2023-10-10,1.5552
2023-10-11,1.5608
2023-10-12,1.5788
2023-10-13,1.5898
2023-10-16,1.5775
2023-10-17,1.5681
2023-10-18,1.5783
2023-10-19,1.581
2023-10-20,1.5825
2023-10-23,1.578
2023-10-24,1.5751
2023-10-25,1.5788
2023-10-26,1.5843
2023-10-27,1.5743
2023-10-30,1.5689
2023-10-31,1.5793
2023-11-01,1.5716
2023-11-02,1.5571
2023-11-03,1.5368
2023-11-06,1.5378
2023-11-07,1.5567
2023-11-08,1.5574
2023-11-09,1.5576
2023-11-13,1.5657
2023-11-14,1.5406
2023-11-15,1.5342
2023-11-16,1.547
2023-11-17,1.5399
2023-11-20,1.5251
2023-11-21,1.5225
2023-11-22,1.5302
2023-11-24,1.5188
2023-11-27,1.5158
2023-11-28,1.5002
2023-11-29,1.511
2023-11-30,1.5119
2023-12-01,1.5015
2023-12-04,1.5106
2023-12-05,1.5265
2023-12-06,1.5223
2023-12-07,1.5149
2023-12-08,1.5223
2023-12-11,1.5237
2023-12-12,1.5242
2023-12-13,1.5191
2023-12-14,1.4896
2023-12-15,1.4892
2023-12-18,1.4932
2023-12-19,1.4782
2023-12-20,1.4784
2023-12-21,1.4728
2023-12-22,1.4699
2023-12-26,1.4671
2023-12-27,1.4611
2023-12-28,1.4611
2023-12-29,1.4646
2024-01-02,1.4769
2024-01-03,1.4881
2024-01-04,1.4903
2024-01-05,1.4877
2024-01-08,1.4883
2024-01-09,1.4943
2024-01-10,1.4943
2024-01-11,1.5031
2024-01-12,1.4943
2024-01-16,1.5158
2024-01-17,1.5293
2024-01-18,1.5235
2024-01-19,1.5195
2024-01-22,1.5184
2024-01-23,1.523
2024-01-24,1.5149
2024-01-25,1.5195
2024-01-26,1.5177
2024-01-29,1.5165
2024-01-30,1.5163
2024-01-31,1.5152
2024-02-01,1.523
2024-02-02,1.5361
2024-02-05,1.5437
2024-02-06,1.5344
2024-02-07,1.533
2024-02-08,1.5408
2024-02-09,1.5347
2024-02-12,1.5295
2024-02-13,1.548
2024-02-14,1.5411
2024-02-15,1.5366
2024-02-16,1.5312
2024-02-20,1.5244
2024-02-21,1.5277
2024-02-22,1.5274
2024-02-23,1.523
2024-02-26,1.5293
2024-02-27,1.5274
2024-02-28,1.5394
2024-02-29,1.5378
2024-03-01,1.5316
2024-03-04,1.5335
2024-03-05,1.5368
2024-03-06,1.5205
2024-03-07,1.511
2024-03-08,1.509
2024-03-11,1.5133
2024-03-12,1.5149
2024-03-13,1.5099
2024-03-14,1.5186
2024-03-15,1.5223
2024-03-18,1.5239
2024-03-19,1.5319
2024-03-20,1.5309
2024-03-21,1.5221
2024-03-22,1.5337
2024-03-25,1.5293
2024-03-26,1.5295
2024-03-27,1.5326
2024-03-28,1.5326
2024-03-29,1.5328
2024-04-01,1.5423
2024-04-02,1.5354
2024-04-03,1.5249
2024-04-04,1.5117
2024-04-05,1.5188
2024-04-08,1.5147
2024-04-09,1.5101
2024-04-10,1.5363
2024-04-11,1.5326
2024-04-12,1.5437
2024-04-15,1.5458
2024-04-16,1.5596
2024-04-17,1.5579
2024-04-18,1.5535
2024-04-19,1.5569
2024-04-22,1.553
2024-04-23,1.5434
2024-04-24,1.5418
2024-04-25,1.537
2024-04-26,1.5319
2024-04-29,1.5232
2024-04-30,1.5408
2024-05-01,1.5394
2024-05-02,1.5274
2024-05-03,1.5115
2024-05-06,1.5099
2024-05-07,1.5133
2024-05-08,1.5186
2024-05-09,1.5138
2024-05-10,1.5135
2024-05-13,1.5126
2024-05-14,1.5099
2024-05-15,1.4984
2024-05-16,1.4963
2024-05-17,1.4957
2024-05-20,1.4981
2024-05-21,1.5002
2024-05-22,1.5069
2024-05-23,1.5085
2024-05-24,1.5085
2024-05-28,1.5002
2024-05-29,1.5108
2024-05-30,1.5056
2024-05-31,1.506
2024-06-03,1.4963
2024-06-04,1.5053
2024-06-05,1.5053
2024-06-06,1.5011
2024-06-07,1.5177
2024-06-10,1.5126
2024-06-11,1.5156
2024-06-12,1.4923
2024-06-13,1.5058
2024-06-14,1.5113
2024-06-17,1.5154
2024-06-18,1.5033
2024-06-20,1.5024
2024-06-21,1.506
2024-06-24,1.5026
2024-06-25,1.5056
2024-06-26,1.504
2024-06-27,1.5042
2024-06-28,1.4977
2024-07-01,1.5024
2024-07-02,1.5017
2024-07-03,1.4883
2024-07-05,1.483
2024-07-08,1.4835
2024-07-09,1.4843
2024-07-10,1.4821
2024-07-11,1.4758
2024-07-12,1.4732
2024-07-15,1.4754
2024-07-16,1.4868
2024-07-17,1.4863
2024-07-18,1.4868
2024-07-19,1.4939
2024-07-22,1.5063
2024-07-23,1.5108
2024-07-24,1.5152
2024-07-25,1.5263
2024-07-26,1.5251
2024-07-29,1.5291
2024-07-30,1.5298
2024-07-31,1.5302
2024-08-01,1.5333
2024-08-02,1.5319
2024-08-05,1.5413
2024-08-06,1.534
2024-08-07,1.5263
2024-08-08,1.5195
2024-08-09,1.5205
2024-08-12,1.5163
2024-08-13,1.5122
2024-08-14,1.5113
2024-08-15,1.5085
2024-08-16,1.504
2024-08-19,1.4892
2024-08-20,1.483
2024-08-21,1.4808
2024-08-22,1.4908
2024-08-23,1.4756
2024-08-26,1.4767
2024-08-27,1.4751
2024-08-28,1.4747
2024-08-29,1.4691
2024-08-30,1.4782
2024-09-03,1.4879
2024-09-04,1.4872
2024-09-05,1.4865
2024-09-06,1.4975
2024-09-09,1.5006
2024-09-10,1.5033
2024-09-11,1.5038
2024-09-12,1.4934
2024-09-13,1.4899
2024-09-16,1.4839
2024-09-17,1.4806
2024-09-18,1.4791
2024-09-19,1.4669
2024-09-20,1.4693
2024-09-23,1.4603
2024-09-24,1.455
2024-09-25,1.4626
2024-09-26,1.4489
2024-09-27,1.447
2024-09-30,1.4422
2024-10-01,1.4518
2024-10-02,1.4503
2024-10-03,1.4613
2024-10-04,1.4712
2024-10-07,1.4791
2024-10-08,1.4841
2024-10-09,1.487
2024-10-10,1.4852
2024-10-11,1.4802
2024-10-15,1.4905
2024-10-16,1.5011
2024-10-17,1.4921
2024-10-18,1.4925
2024-10-21,1.5013
2024-10-22,1.4972
2024-10-23,1.5078
2024-10-24,1.5085
2024-10-25,1.5103
2024-10-28,1.5181
2024-10-29,1.5251
2024-10-30,1.5188
2024-10-31,1.5267
2024-11-01,1.5193
2024-11-04,1.5188
2024-11-05,1.5076
2024-11-06,1.5214
2024-11-07,1.499
2024-11-08,1.5214
2024-11-12,1.5333
2024-11-13,1.5418
2024-11-14,1.5449
2024-11-15,1.5477
2024-11-18,1.5389
2024-11-19,1.5328
2024-11-20,1.5399
2024-11-21,1.5378
2024-11-22,1.5396
2024-11-25,1.5406
2024-11-26,1.5477
2024-11-27,1.5404
2024-11-29,1.5354
2024-12-02,1.5482
2024-12-03,1.5425
2024-12-04,1.5538
2024-12-05,1.553
2024-12-06,1.5669
2024-12-09,1.5475
2024-12-10,1.5681
2024-12-11,1.5679
2024-12-12,1.5654
2024-12-13,1.5726
2024-12-16,1.5694
2024-12-17,1.5775
2024-12-18,1.5868
2024-12-19,1.5995
2024-12-20,1.5959
2024-12-23,1.6018
2024-12-24,1.6051
2024-12-26,1.6059
2024-12-27,1.6108
2024-12-30,1.608
2024-12-31,1.6168
2025-01-02,1.6108
2025-01-03,1.6106
2025-01-06,1.5997
2025-01-07,1.6013
2025-01-08,1.6085
2025-01-09,1.6139
2025-01-10,1.6268
2025-01-13,1.6247
2025-01-14,1.6171
2025-01-15,1.6082
2025-01-16,1.6075
2025-01-17,1.6103
2025-01-21,1.5944
2025-01-22,1.5934
2025-01-23,1.5906
2025-01-24,1.5818
2025-01-27,1.5924
2025-01-28,1.6008
2025-01-29,1.6057
2025-01-30,1.6044
2025-01-31,1.6021
2025-02-03,1.6189
2025-02-04,1.5982
2025-02-05,1.5883
2025-02-06,1.5926
2025-02-07,1.5964
2025-02-10,1.5926
2025-02-11,1.5888
2025-02-12,1.5911
2025-02-13,1.5893
2025-02-14,1.5726
2025-02-18,1.5741
2025-02-19,1.577
2025-02-20,1.5642
2025-02-21,1.5684
2025-02-24,1.5721
2025-02-25,1.5793
2025-02-26,1.5815
2025-02-27,1.5985
2025-02-28,1.61
2025-03-03,1.6003
2025-03-04,1.6098
2025-03-05,1.5843
2025-03-06,1.5753
2025-03-07,1.5873
2025-03-10,1.5853
2025-03-11,1.5911
2025-03-12,1.5858
2025-03-13,1.5901
2025-03-14,1.5828
2025-03-17,1.5686
2025-03-18,1.5733
2025-03-19,1.5795
2025-03-20,1.587
2025-03-21,1.5959
2025-03-24,1.5921
2025-03-25,1.585
2025-03-26,1.5855
2025-03-27,1.5853
2025-03-28,1.5873
2025-03-31,1.6036
2025-04-01,1.5929
2025-04-02,1.5873
2025-04-03,1.5743
2025-04-04,1.6548
2025-04-07,1.6722
2025-04-08,1.6625
2025-04-09,1.6658
2025-04-10,1.615
2025-04-11,1.6013
2025-04-14,1.5843
2025-04-15,1.5728
2025-04-16,1.5652
2025-04-17,1.5669
2025-04-18,1.5686
2025-04-21,1.5596
2025-04-22,1.5647
2025-04-23,1.5684
2025-04-24,1.5635
2025-04-25,1.5635
2025-04-28,1.5593
2025-04-29,1.5662
2025-04-30,1.5627
2025-05-01,1.5691
2025-05-02,1.5511
2025-05-05,1.5451
2025-05-06,1.5411
2025-05-07,1.5475
2025-05-08,1.5586
2025-05-09,1.5564
2025-05-12,1.5701
2025-05-13,1.5451
2025-05-14,1.5509
2025-05-15,1.5618
2025-05-16,1.5637
2025-05-19,1.5485
2025-05-20,1.5613
2025-05-21,1.5461
2025-05-22,1.5584
2025-05-23,1.5437
2025-05-27,1.5535
2025-05-28,1.5584
2025-05-29,1.5521
2025-05-30,1.5542
2025-06-02,1.5401
2025-06-03,1.5475
2025-06-04,1.5387
2025-06-05,1.5344
2025-06-06,1.5394
2025-06-09,1.5323
2025-06-10,1.533
2025-06-11,1.5335
2025-06-12,1.5326
2025-06-13,1.5354
2025-06-16,1.53
2025-06-17,1.5349
2025-06-18,1.5337
2025-06-20,1.5492
2025-06-23,1.5569
2025-06-24,1.5387
2025-06-25,1.5401
2025-06-26,1.5256
2025-06-27,1.5302
2025-06-30,1.5214
2025-07-01,1.5216
2025-07-02,1.5218
2025-07-03,1.5207
2025-07-07,1.5354
2025-07-08,1.5328
2025-07-09,1.5309
2025-07-10,1.5216
2025-07-11,1.5205
2025-07-14,1.5267
2025-07-15,1.5337
2025-07-16,1.5333
2025-07-17,1.542
2025-07-18,1.5321
2025-07-21,1.5312
2025-07-22,1.5253
2025-07-23,1.5175
2025-07-24,1.5149
2025-07-25,1.5253
2025-07-28,1.534
2025-07-29,1.5363
2025-07-30,1.5499
2025-07-31,1.5552
2025-08-01,1.5461
2025-08-04,1.5463
2025-08-05,1.5451
2025-08-06,1.5375
2025-08-07,1.538
2025-08-08,1.5319
2025-08-11,1.5356
2025-08-12,1.5309
2025-08-13,1.5277
2025-08-14,1.5408
2025-08-15,1.5349
2025-08-18,1.5399
2025-08-19,1.5482
2025-08-20,1.5557
2025-08-21,1.5574
2025-08-22,1.542
2025-08-25,1.5385
2025-08-26,1.5385
2025-08-27,1.5394
2025-08-28,1.5309
2025-08-29,1.5279
2025-09-02,1.5347
2025-09-03,1.5267
2025-09-04,1.5352
2025-09-05,1.5221
2025-09-08,1.517
2025-09-09,1.5168
2025-09-10,1.5092
2025-09-11,1.502
2025-09-12,1.5069
2025-09-15,1.499
2025-09-16,1.4975
2025-09-17,1.4997
2025-09-18,1.5122
2025-09-19,1.5158
2025-09-22,1.5172
2025-09-23,1.5149
2025-09-24,1.5181
2025-09-25,1.5267
2025-09-26,1.5277
2025-09-29,1.5202
2025-09-30,1.5119
2025-10-01,1.514
2025-10-02,1.5179
2025-10-03,1.5117
2025-10-06,1.5106
2025-10-07,1.5181
2025-10-08,1.5193
2025-10-09,1.5253
2025-10-10,1.5396
2025-10-14,1.5404
2025-10-15,1.5352
2025-10-16,1.5404
2025-10-17,1.5418
2025-10-20,1.5344
2025-10-21,1.5387
2025-10-22,1.538
2025-10-23,1.5347
2025-10-24,1.5359
2025-10-27,1.5258
2025-10-28,1.5186
2025-10-29,1.5122
2025-10-30,1.5256
2025-10-31,1.5277
2025-11-03,1.5298
2025-11-04,1.538
2025-11-05,1.5356
2025-11-06,1.5461
2025-11-07,1.5442
2025-11-10,1.5333
2025-11-12,1.5288
2025-11-13,1.526
2025-11-14,1.527
2025-11-17,1.5347
2025-11-18,1.5373
2025-11-19,1.5461
2025-11-20,1.5509
2025-11-21,1.5487
2025-11-24,1.5489
2025-11-25,1.5497
2025-11-26,1.5347
2025-11-28,1.5263
2025-12-01,1.5258
2025-12-02,1.5253
2025-12-03,1.517
2025-12-04,1.5108
2025-12-05,1.5072
2025-12-08,1.5101
2025-12-09,1.5031
2025-12-10,1.5056
2025-12-11,1.499
2025-12-12,1.506
2025-12-15,1.5053
2025-12-16,1.5067
2025-12-17,1.5133
2025-12-18,1.5108
2025-12-19,1.5113
2025-12-22,1.5022
2025-12-23,1.4939
2025-12-24,1.491
2025-12-26,1.4903
2025-12-29,1.4948
2025-12-30,1.4919
2025-12-31,1.4995
2026-01-02,1.4961
2026-01-05,1.4885
2026-01-06,1.4854
2026-01-07,1.4863
2026-01-08,1.4939
2026-01-09,1.4961
2026-01-12,1.489
2026-01-13,1.4961
2026-01-14,1.4972
2026-01-15,1.4914
2026-01-16,1.4966
2026-01-20,1.483
2026-01-21,1.4782
2026-01-22,1.4633
2026-01-23,1.4539
2026-01-26,1.4424
2026-01-27,1.4331
2026-01-28,1.43
2026-01-29,1.4265
2026-01-30,1.4296
2026-02-02,1.4368
2026-02-03,1.4247
2026-02-04,1.4294
2026-02-05,1.4339
2026-02-06,1.4257
2026-02-09,1.411
2026-02-10,1.414
2026-02-11,1.4027
2026-02-12,1.409
2026-02-13,1.4148
2026-02-17,1.4156
2026-02-18,1.4154
2026-02-19,1.4184
2026-02-20,1.412
2026-02-23,1.4162
2026-02-24,1.415
2026-02-25,1.4053
2026-02-26,1.41
2026-02-27,1.4043
2026-03-02,1.415
2026-03-03,1.4233
2026-03-04,1.414
2026-03-05,1.4276
2026-03-06,1.4241
2026-03-09,1.4192
2026-03-10,1.3986
2026-03-11,1.3986
2026-03-12,1.4106
2026-03-13,1.4278
2026-03-16,1.4174
2026-03-17,1.4085
2026-03-18,1.4128
2026-03-19,1.4213
2026-03-20,1.4219
2026-03-23,1.4296
2026-03-24,1.4358
2026-03-25,1.4364
2026-03-26,1.4465
2026-03-27,1.4514
2026-03-30,1.4582
2026-03-31,1.4588
2026-04-01,1.4401
2026-04-02,1.447
2026-04-03,1.4505
2026-04-06,1.4453
2026-04-07,1.4401
2026-04-08,1.416
2026-04-09,1.4112
2026-04-10,1.4128
2026-04-13,1.4158
2026-04-14,1.4023
2026-04-15,1.3965
2026-04-16,1.3947
2026-04-17,1.3904
2026-04-20,1.3937
2026-04-21,1.3959
2026-04-22,1.3963
2026-04-23,1.3974
2026-04-24,1.3978
2026-04-27,1.3902
2026-04-28,1.3926
2026-04-29,1.4025
2026-04-30,1.392
2026-05-01,1.3852
2026-05-04,1.3953
2026-05-05,1.3897
2026-05-06,1.3822
2026-05-07,1.381
2026-05-08,1.3808
2026-05-11,1.3776
2026-05-12,1.3843
2026-05-13,1.3768
2026-05-14,1.3841
2026-05-15,1.3984
2026-05-18,1.3966
2026-05-19,1.4083
2026-05-20,1.3982
2026-05-21,1.4017
2026-05-22,1.4021
2026-05-26,1.3963
2026-05-27,1.4011
2026-05-28,1.3968
2026-05-29,1.3906
2026-06-01,1.398
2026-06-02,1.3916
2026-06-03,1.4008
2026-06-04,1.4
2026-06-05,1.4164
2026-06-08,1.4174
2026-06-09,1.4229
2026-06-10,1.4241
2026-06-11,1.4296
2026-06-12,1.419
2026-06-15,1.4122
2026-06-16,1.413
2026-06-17,1.4138
2026-06-18,1.4247
2026-06-22,1.4286
2026-06-23,1.4438
2026-06-24,1.4503
2026-06-25,1.4447
2026-06-26,1.4478
2026-06-29,1.4524
2026-06-30,1.4461
2026-07-01,1.4486
2026-07-02,1.4428
2026-07-06,1.4401
2026-07-07,1.442
2026-07-08,1.447
2026-07-09,1.4401
2026-07-10,1.437
2026-07-13,1.442
2026-07-14,1.4339
2026-07-15,1.4288
2026-07-16,1.4278
2026-07-17,1.4316
2026-07-20,1.4278
2026-07-21,1.4269
2026-07-22,1.4286
2026-07-23,1.4337
2026-07-24,1.4294
2026-07-27,1.43
2026-07-28,1.4318
2026-07-29,1.443
2026-07-30,1.4241
2026-07-31,1.4233
2026-08-03,1.4284
2026-08-04,1.4209
2026-08-05,1.4182
2026-08-06,1.4229
2026-08-07,1.4156
2026-08-10,1.4152
2026-08-11,1.416
2026-08-12,1.4144
2026-08-13,1.4168
2026-08-14,1.4102
2026-08-17,1.4059
2026-08-18,1.409
2026-08-19,1.4039
2026-08-20,1.4045
2026-08-21,1.3931
2026-08-24,1.3984
2026-08-25,1.3966
2026-08-26,1.3949
2026-08-27,1.3893
2026-08-28,1.3955
2026-08-31,1.3955
2026-09-01,1.3965
2026-09-02,1.3949
2026-09-03,1.3891
2026-09-04,1.3872
2026-09-08,1.3854
2026-09-09,1.3852
2026-09-10,1.3945
2026-09-11,1.3939
2026-09-14,1.4004
2026-09-15,1.4029
2026-09-16,1.4021
2026-09-17,1.4057
2026-09-18,1.4063
