Date,Close
1971-01-04,0.4177
1971-01-05,0.4176
1971-01-06,0.4172
1971-01-07,0.4173
1971-01-08,0.4172
1971-01-11,0.4168
1971-01-12,0.4166
1971-01-13,0.4163
1971-01-14,0.4154
1971-01-15,0.4157
1971-01-18,0.4158
1971-01-19,0.4153
1971-01-20,0.4153
1971-01-21,0.4151
1971-01-22,0.4149
1971-01-25,0.4141
1971-01-26,0.4139
1971-01-27,0.4139
1971-01-28,0.4138
1971-01-29,0.4137
1971-02-01,0.4135
1971-02-02,0.4135
1971-02-03,0.4135
1971-02-04,0.4138
1971-02-05,0.4141
1971-02-08,0.4135
1971-02-09,0.4141
1971-02-10,0.4139
1971-02-11,0.4139
1971-02-16,0.4133
1971-02-17,0.4133
1971-02-18,0.4134
1971-02-19,0.4134
1971-02-22,0.4134
1971-02-23,0.4133
1971-02-24,0.4133
1971-02-25,0.4136
1971-02-26,0.4139
1971-03-01,0.4139
1971-03-02,0.4135
1971-03-03,0.4133
1971-03-04,0.4136
1971-03-05,0.4135
1971-03-08,0.4134
1971-03-09,0.4134
1971-03-10,0.4134
1971-03-11,0.4134
1971-03-12,0.4133
1971-03-15,0.4133
1971-03-16,0.4135
1971-03-17,0.4133
1971-03-18,0.4134
1971-03-19,0.4134
1971-03-22,0.4133
1971-03-23,0.4133
1971-03-24,0.4133
1971-03-25,0.4135
1971-03-26,0.4134
1971-03-29,0.4133
1971-03-30,0.4135
1971-03-31,0.4138
1971-04-01,0.4141
1971-04-02,0.4145
1971-04-05,0.4139
1971-04-06,0.4134
1971-04-07,0.4137
1971-04-08,0.4138
1971-04-09,0.4138
1971-04-12,0.4138
1971-04-13,0.4138
1971-04-14,0.4136
1971-04-15,0.4134
1971-04-16,0.4135
1971-04-19,0.4133
1971-04-20,0.4133
1971-04-21,0.4133
1971-04-22,0.4134
1971-04-23,0.4134
1971-04-26,0.4134
1971-04-27,0.4134
1971-04-28,0.4133
1971-04-29,0.4134
1971-04-30,0.4133
1971-05-03,0.4134
1971-05-04,0.4135
1971-05-05,0.4133
1971-05-06,0.4135
1971-05-07,0.4134
1971-05-10,0.4137
1971-05-11,0.4137
1971-05-12,0.4135
1971-05-13,0.4135
1971-05-14,0.4135
1971-05-17,0.4133
1971-05-18,0.4134
1971-05-19,0.4133
1971-05-20,0.4133
1971-05-21,0.4133
1971-05-24,0.4133
1971-05-25,0.4134
1971-05-26,0.4133
1971-05-27,0.4134
1971-05-28,0.4136
1971-06-01,0.4139
1971-06-02,0.4137
1971-06-03,0.4134
1971-06-04,0.4134
1971-06-07,0.4134
1971-06-08,0.4134
1971-06-09,0.4133
1971-06-10,0.4133
1971-06-11,0.4133
1971-06-14,0.4135
1971-06-15,0.4134
1971-06-16,0.4133
1971-06-17,0.4134
1971-06-18,0.4134
1971-06-21,0.4134
1971-06-22,0.4134
1971-06-23,0.4133
1971-06-24,0.4134
1971-06-25,0.4134
1971-06-28,0.4135
1971-06-29,0.4134
1971-06-30,0.4133
1971-07-01,0.4134
1971-07-02,0.4134
1971-07-06,0.4135
1971-07-07,0.4134
1971-07-08,0.4135
1971-07-09,0.4135
1971-07-12,0.4135
1971-07-13,0.4136
1971-07-14,0.4134
1971-07-15,0.4134
1971-07-16,0.4134
1971-07-19,0.4135
1971-07-20,0.4135
1971-07-21,0.4134
1971-07-22,0.4134
1971-07-23,0.4134
1971-07-26,0.4136
1971-07-27,0.4136
1971-07-28,0.4135
1971-07-29,0.4135
1971-07-30,0.4135
1971-08-02,0.4137
1971-08-03,0.4137
1971-08-04,0.4133
1971-08-05,0.4135
1971-08-06,0.4135
1971-08-09,0.4134
1971-08-10,0.4134
1971-08-11,0.4133
1971-08-12,0.4133
1971-08-13,0.4133
1971-08-23,0.4107
1971-08-24,0.409
1971-08-25,0.4067
1971-08-26,0.4045
1971-08-27,0.405
1971-08-30,0.4052
1971-08-31,0.4076
1971-09-01,0.4075
1971-09-02,0.4069
1971-09-03,0.4067
1971-09-07,0.4068
1971-09-08,0.4068
1971-09-09,0.4067
1971-09-10,0.4066
1971-09-13,0.4065
1971-09-14,0.4054
1971-09-15,0.4047
1971-09-16,0.4047
1971-09-17,0.4045
1971-09-20,0.4042
1971-09-21,0.4043
1971-09-22,0.4042
1971-09-23,0.4031
1971-09-24,0.4028
1971-09-27,0.4032
1971-09-28,0.4035
1971-09-29,0.4026
1971-09-30,0.4025
1971-10-01,0.4017
1971-10-04,0.4018
1971-10-05,0.4017
1971-10-06,0.4019
1971-10-07,0.4017
1971-10-08,0.4032
1971-10-12,0.4017
1971-10-13,0.4018
1971-10-14,0.4031
1971-10-15,0.4018
1971-10-18,0.4017
1971-10-19,0.4017
1971-10-20,0.4014
1971-10-21,0.4013
1971-10-22,0.4012
1971-10-26,0.401
1971-10-27,0.4009
1971-10-28,0.401
1971-10-29,0.4014
1971-11-01,0.4012
1971-11-03,0.4011
1971-11-04,0.4012
1971-11-05,0.401
1971-11-08,0.4011
1971-11-09,0.4012
1971-11-10,0.4012
1971-11-11,0.4011
1971-11-12,0.401
1971-11-15,0.4011
1971-11-16,0.4011
1971-11-17,0.401
1971-11-18,0.401
1971-11-19,0.401
1971-11-22,0.401
1971-11-23,0.401
1971-11-24,0.401
1971-11-26,0.401
1971-11-29,0.401
1971-11-30,0.401
1971-12-01,0.401
1971-12-02,0.4011
1971-12-03,0.4002
1971-12-06,0.4004
1971-12-07,0.3998
1971-12-08,0.3987
1971-12-09,0.3972
1971-12-10,0.3971
1971-12-13,0.397
1971-12-14,0.397
1971-12-15,0.397
1971-12-16,0.3969
1971-12-17,0.3954
1971-12-21,0.3916
1971-12-22,0.3916
1971-12-23,0.3924
1971-12-24,0.3925
1971-12-27,0.3924
1971-12-28,0.3926
1971-12-29,0.3926
1971-12-30,0.3916
1971-12-31,0.3918
1972-01-03,0.3918
1972-01-04,0.3921
1972-01-05,0.392
1972-01-06,0.3921
1972-01-07,0.3921
1972-01-10,0.3922
1972-01-11,0.3923
1972-01-12,0.3921
1972-01-13,0.3915
1972-01-14,0.3888
1972-01-17,0.3868
1972-01-18,0.3876
1972-01-19,0.3876
1972-01-20,0.3874
1972-01-21,0.3872
1972-01-24,0.3865
1972-01-25,0.3861
1972-01-26,0.3862
1972-01-27,0.3861
1972-01-28,0.3859
1972-01-31,0.3855
1972-02-01,0.3846
1972-02-02,0.3836
1972-02-03,0.3839
1972-02-04,0.3846
1972-02-07,0.3842
1972-02-08,0.3841
1972-02-09,0.3839
1972-02-10,0.3837
1972-02-11,0.3838
1972-02-14,0.3853
1972-02-15,0.3855
1972-02-16,0.384
1972-02-17,0.3839
1972-02-18,0.3838
1972-02-22,0.3839
1972-02-23,0.3837
1972-02-24,0.3836
1972-02-25,0.3838
1972-02-28,0.3838
1972-02-29,0.3837
1972-03-01,0.3838
1972-03-02,0.3838
1972-03-03,0.3835
1972-03-06,0.383
1972-03-07,0.3815
1972-03-08,0.3809
1972-03-09,0.3782
1972-03-10,0.3787
1972-03-13,0.379
1972-03-14,0.3804
1972-03-15,0.3815
1972-03-16,0.3817
1972-03-17,0.3831
1972-03-20,0.3831
1972-03-21,0.382
1972-03-22,0.3821
1972-03-23,0.3832
1972-03-24,0.3837
1972-03-27,0.383
1972-03-28,0.3824
1972-03-29,0.3823
1972-03-30,0.3824
1972-03-31,0.3822
1972-04-03,0.3823
1972-04-04,0.3827
1972-04-05,0.3828
1972-04-06,0.3832
1972-04-07,0.3833
1972-04-10,0.3834
1972-04-11,0.3829
1972-04-12,0.3828
1972-04-13,0.3831
1972-04-14,0.3833
1972-04-17,0.3834
1972-04-18,0.3836
1972-04-19,0.3836
1972-04-20,0.3832
1972-04-21,0.3834
1972-04-24,0.3832
1972-04-25,0.383
1972-04-26,0.383
1972-04-27,0.3829
1972-04-28,0.383
1972-05-01,0.383
1972-05-02,0.383
1972-05-03,0.3829
1972-05-04,0.383
1972-05-05,0.3831
1972-05-08,0.383
1972-05-09,0.3826
1972-05-10,0.3824
1972-05-11,0.3827
1972-05-12,0.3827
1972-05-15,0.3828
1972-05-16,0.383
1972-05-17,0.3826
1972-05-18,0.3826
1972-05-19,0.3827
1972-05-22,0.3827
1972-05-23,0.3827
1972-05-24,0.3827
1972-05-25,0.3829
1972-05-26,0.3828
1972-05-30,0.3828
1972-05-31,0.3827
1972-06-01,0.3828
1972-06-02,0.3829
1972-06-05,0.3829
1972-06-06,0.383
1972-06-07,0.3829
1972-06-08,0.383
1972-06-09,0.383
1972-06-12,0.3836
1972-06-13,0.3835
1972-06-14,0.3834
1972-06-15,0.3845
1972-06-16,0.3859
1972-06-19,0.386
1972-06-20,0.3868
1972-06-21,0.3882
1972-06-22,0.3888
1972-06-23,0.4
1972-06-26,0.3969
1972-06-27,0.4012
1972-06-28,0.4024
1972-06-29,0.4059
1972-06-30,0.4097
1972-07-03,0.4131
1972-07-05,0.4088
1972-07-06,0.4106
1972-07-07,0.4101
1972-07-10,0.4095
1972-07-11,0.4097
1972-07-12,0.4089
1972-07-13,0.4075
1972-07-14,0.4087
1972-07-17,0.4091
1972-07-18,0.4091
1972-07-19,0.4089
1972-07-20,0.4087
1972-07-21,0.4081
1972-07-24,0.4089
1972-07-25,0.4085
1972-07-26,0.4084
1972-07-27,0.4081
1972-07-28,0.4083
1972-07-31,0.4082
1972-08-01,0.4084
1972-08-02,0.4081
1972-08-03,0.4082
1972-08-04,0.4081
1972-08-07,0.4081
1972-08-08,0.4077
1972-08-09,0.4075
1972-08-10,0.4077
1972-08-11,0.4078
1972-08-14,0.4078
1972-08-15,0.4076
1972-08-16,0.4075
1972-08-17,0.4078
1972-08-18,0.408
1972-08-21,0.4082
1972-08-22,0.4088
1972-08-23,0.4086
1972-08-24,0.4088
1972-08-25,0.4087
1972-08-28,0.4088
1972-08-29,0.4082
1972-08-30,0.408
1972-08-31,0.4084
1972-09-01,0.4083
1972-09-05,0.4084
1972-09-06,0.4082
1972-09-07,0.4084
1972-09-08,0.4087
1972-09-11,0.4088
1972-09-12,0.4088
1972-09-13,0.4086
1972-09-14,0.4086
1972-09-15,0.4087
1972-09-18,0.4087
1972-09-19,0.4093
1972-09-20,0.4092
1972-09-21,0.4093
1972-09-22,0.4108
1972-09-25,0.411
1972-09-26,0.4114
1972-09-27,0.4118
1972-09-28,0.4128
1972-09-29,0.4133
1972-10-02,0.4125
1972-10-03,0.4127
1972-10-04,0.4125
1972-10-05,0.4127
1972-10-06,0.4129
1972-10-10,0.4134
1972-10-11,0.4132
1972-10-12,0.4135
1972-10-13,0.4136
1972-10-16,0.4157
1972-10-17,0.4154
1972-10-18,0.4153
1972-10-19,0.418
1972-10-20,0.418
1972-10-24,0.421
1972-10-25,0.4235
1972-10-26,0.4266
1972-10-27,0.4263
1972-10-30,0.4292
1972-10-31,0.4273
1972-11-01,0.4244
1972-11-02,0.425
1972-11-03,0.4264
1972-11-06,0.4244
1972-11-08,0.4254
1972-11-09,0.4265
1972-11-10,0.4259
1972-11-13,0.4257
1972-11-14,0.4255
1972-11-15,0.4246
1972-11-16,0.4238
1972-11-17,0.4255
1972-11-20,0.4254
1972-11-21,0.4252
1972-11-22,0.4254
1972-11-24,0.4256
1972-11-27,0.4254
1972-11-28,0.4252
1972-11-29,0.425
1972-11-30,0.4251
1972-12-01,0.426
1972-12-04,0.4259
1972-12-05,0.4265
1972-12-06,0.4266
1972-12-07,0.4273
1972-12-08,0.4268
1972-12-11,0.4277
1972-12-12,0.4277
1972-12-13,0.4274
1972-12-14,0.4271
1972-12-15,0.4261
1972-12-18,0.4259
1972-12-19,0.4267
1972-12-20,0.4262
1972-12-21,0.4265
1972-12-22,0.426
1972-12-26,0.4258
1972-12-27,0.4255
1972-12-28,0.426
1972-12-29,0.4259
1973-01-02,0.426
1973-01-03,0.4258
1973-01-04,0.4255
1973-01-05,0.4252
1973-01-08,0.4254
1973-01-09,0.4253
1973-01-10,0.4251
1973-01-11,0.4253
1973-01-12,0.4252
1973-01-15,0.4254
1973-01-16,0.4254
1973-01-17,0.425
1973-01-18,0.425
1973-01-19,0.4251
1973-01-22,0.4249
1973-01-23,0.4246
1973-01-24,0.4238
1973-01-25,0.4236
1973-01-26,0.4235
1973-01-29,0.4218
1973-01-30,0.4203
1973-01-31,0.4199
1973-02-01,0.4189
1973-02-02,0.423
1973-02-05,0.42
1973-02-06,0.4203
1973-02-07,0.4196
1973-02-08,0.4197
1973-02-09,0.4199
1973-02-13,0.4098
1973-02-14,0.4049
1973-02-15,0.4082
1973-02-16,0.411
1973-02-20,0.4101
1973-02-21,0.4095
1973-02-22,0.4063
1973-02-23,0.4042
1973-02-26,0.4057
1973-02-27,0.4052
1973-02-28,0.4016
1973-03-01,0.4
1973-03-02,0.4
1973-03-05,0.4087
1973-03-06,0.4062
1973-03-07,0.4045
1973-03-08,0.4044
1973-03-09,0.4048
1973-03-12,0.4049
1973-03-13,0.4051
1973-03-14,0.4058
1973-03-15,0.4058
1973-03-16,0.407
1973-03-19,0.4065
1973-03-20,0.4054
1973-03-21,0.4043
1973-03-22,0.4042
1973-03-23,0.4043
1973-03-26,0.4038
1973-03-27,0.403
1973-03-28,0.403
1973-03-29,0.4029
1973-03-30,0.404
1973-04-02,0.4036
1973-04-03,0.4038
1973-04-04,0.403
1973-04-05,0.4028
1973-04-06,0.4027
1973-04-09,0.4026
1973-04-10,0.4021
1973-04-11,0.402
1973-04-12,0.4027
1973-04-13,0.4031
1973-04-16,0.4029
1973-04-17,0.4025
1973-04-18,0.4029
1973-04-19,0.4026
1973-04-20,0.4024
1973-04-23,0.4025
1973-04-24,0.4026
1973-04-25,0.4019
1973-04-26,0.4022
1973-04-27,0.4021
1973-04-30,0.4018
1973-05-01,0.4019
1973-05-02,0.401
1973-05-03,0.4017
1973-05-04,0.4017
1973-05-07,0.4014
1973-05-08,0.4003
1973-05-09,0.3993
1973-05-10,0.3991
1973-05-11,0.3982
1973-05-14,0.3939
1973-05-15,0.39
1973-05-16,0.3932
1973-05-17,0.3926
1973-05-18,0.3921
1973-05-21,0.3892
1973-05-22,0.3905
1973-05-23,0.3913
1973-05-24,0.3928
1973-05-25,0.3938
1973-05-29,0.3912
1973-05-30,0.3899
1973-05-31,0.3897
1973-06-01,0.3887
1973-06-04,0.3871
1973-06-05,0.3876
1973-06-06,0.3891
1973-06-07,0.3887
1973-06-08,0.3885
1973-06-11,0.3887
1973-06-12,0.3885
1973-06-13,0.3887
1973-06-14,0.388
1973-06-15,0.3876
1973-06-18,0.3874
1973-06-19,0.389
1973-06-20,0.3885
1973-06-21,0.3887
1973-06-22,0.3885
1973-06-25,0.3883
1973-06-26,0.388
1973-06-27,0.3875
1973-06-28,0.3871
1973-06-29,0.3874
1973-07-02,0.3876
1973-07-03,0.3877
1973-07-05,0.3886
1973-07-06,0.391
1973-07-09,0.3909
1973-07-10,0.3926
1973-07-11,0.3926
1973-07-12,0.393
1973-07-13,0.3934
1973-07-16,0.3927
1973-07-17,0.3931
1973-07-18,0.393
1973-07-19,0.3947
1973-07-20,0.3938
1973-07-23,0.3945
1973-07-24,0.3967
1973-07-25,0.3994
1973-07-26,0.4024
1973-07-27,0.3994
1973-07-30,0.3994
1973-07-31,0.4002
1973-08-01,0.3973
1973-08-02,0.3976
1973-08-03,0.3986
1973-08-06,0.4012
1973-08-07,0.4005
1973-08-08,0.4
1973-08-09,0.4031
1973-08-10,0.404
1973-08-13,0.404
1973-08-14,0.4049
1973-08-15,0.4062
1973-08-16,0.4067
1973-08-17,0.4059
1973-08-20,0.4037
1973-08-21,0.405
1973-08-22,0.4056
1973-08-23,0.407
1973-08-24,0.4068
1973-08-27,0.4063
1973-08-28,0.4069
1973-08-29,0.4057
1973-08-30,0.407
1973-08-31,0.4068
1973-09-04,0.4097
1973-09-05,0.4129
1973-09-06,0.4129
1973-09-07,0.4135
1973-09-10,0.4145
1973-09-11,0.4152
1973-09-12,0.4155
1973-09-13,0.4143
1973-09-14,0.4147
1973-09-17,0.4148
1973-09-18,0.4138
1973-09-19,0.4136
1973-09-20,0.4131
1973-09-21,0.4125
1973-09-24,0.4128
1973-09-25,0.4128
1973-09-26,0.4127
1973-09-27,0.4133
1973-09-28,0.4143
1973-10-01,0.4143
1973-10-02,0.4147
1973-10-03,0.4143
1973-10-04,0.4145
1973-10-05,0.4144
1973-10-09,0.4146
1973-10-10,0.4131
1973-10-11,0.4123
1973-10-12,0.4122
1973-10-15,0.4111
1973-10-16,0.4102
1973-10-17,0.4077
1973-10-18,0.4091
1973-10-19,0.4103
1973-10-23,0.4089
1973-10-24,0.4094
1973-10-25,0.4095
1973-10-26,0.4106
1973-10-29,0.4126
1973-10-30,0.4111
1973-10-31,0.4101
1973-11-01,0.4108
1973-11-02,0.4108
1973-11-05,0.4115
1973-11-07,0.4128
1973-11-08,0.4134
1973-11-09,0.4164
1973-11-12,0.4188
1973-11-13,0.418
1973-11-14,0.4172
1973-11-15,0.4172
1973-11-16,0.4192
1973-11-19,0.4184
1973-11-20,0.4182
1973-11-21,0.4181
1973-11-23,0.4263
1973-11-26,0.4268
1973-11-27,0.4242
1973-11-28,0.4281
1973-11-29,0.4274
1973-11-30,0.4268
1973-12-03,0.4274
1973-12-04,0.4284
1973-12-05,0.4278
1973-12-06,0.4279
1973-12-07,0.4299
1973-12-10,0.4324
1973-12-11,0.4336
1973-12-12,0.4324
1973-12-13,0.4317
1973-12-14,0.4329
1973-12-17,0.4335
1973-12-18,0.4332
1973-12-19,0.4329
1973-12-20,0.4333
1973-12-21,0.4334
1973-12-24,0.4328
1973-12-26,0.433
1973-12-27,0.4323
1973-12-28,0.4314
1973-12-31,0.4306
1974-01-02,0.4339
1974-01-03,0.4375
1974-01-04,0.4394
1974-01-07,0.4491
1974-01-08,0.4485
1974-01-09,0.4462
1974-01-10,0.4469
1974-01-11,0.4447
1974-01-14,0.4482
1974-01-15,0.4564
1974-01-16,0.4592
1974-01-17,0.4587
1974-01-18,0.4575
1974-01-21,0.4601
1974-01-22,0.4583
1974-01-23,0.4577
1974-01-24,0.4542
1974-01-25,0.4537
1974-01-28,0.4533
1974-01-29,0.4505
1974-01-30,0.4435
1974-01-31,0.4374
1974-02-01,0.4393
1974-02-04,0.4418
1974-02-05,0.4448
1974-02-06,0.4477
1974-02-07,0.4459
1974-02-08,0.4467
1974-02-11,0.4459
1974-02-13,0.4412
1974-02-14,0.4399
1974-02-15,0.439
1974-02-19,0.4382
1974-02-20,0.4372
1974-02-21,0.4357
1974-02-22,0.4319
1974-02-25,0.4363
1974-02-26,0.4327
1974-02-27,0.4347
1974-02-28,0.4345
1974-03-01,0.4374
1974-03-04,0.4387
1974-03-05,0.4303
1974-03-06,0.4292
1974-03-07,0.4306
1974-03-08,0.4307
1974-03-11,0.4307
1974-03-12,0.4297
1974-03-13,0.4259
1974-03-14,0.4263
1974-03-15,0.4284
1974-03-18,0.4293
1974-03-19,0.429
1974-03-20,0.4264
1974-03-21,0.4237
1974-03-22,0.4272
1974-03-25,0.4226
1974-03-26,0.4219
1974-03-27,0.4211
1974-03-28,0.4163
1974-03-29,0.4179
1974-04-01,0.4174
1974-04-02,0.4172
1974-04-03,0.4169
1974-04-04,0.418
1974-04-05,0.4179
1974-04-08,0.4178
1974-04-09,0.4196
1974-04-10,0.4245
1974-04-11,0.4235
1974-04-12,0.423
1974-04-15,0.4231
1974-04-16,0.4243
1974-04-17,0.4223
1974-04-18,0.4216
1974-04-19,0.4194
1974-04-22,0.4184
1974-04-23,0.4163
1974-04-24,0.4151
1974-04-25,0.4161
1974-04-26,0.4149
1974-04-29,0.4112
1974-04-30,0.4125
1974-05-01,0.4135
1974-05-02,0.4134
1974-05-03,0.4136
1974-05-06,0.4107
1974-05-07,0.414
1974-05-08,0.4115
1974-05-09,0.4114
1974-05-10,0.4115
1974-05-13,0.4117
1974-05-14,0.4135
1974-05-15,0.4125
1974-05-16,0.4145
1974-05-17,0.4149
1974-05-20,0.4158
1974-05-21,0.4156
1974-05-22,0.4142
1974-05-23,0.4147
1974-05-24,0.4165
1974-05-28,0.4179
1974-05-29,0.4182
1974-05-30,0.4181
1974-05-31,0.4174
1974-06-03,0.417
1974-06-04,0.4165
1974-06-05,0.4153
1974-06-06,0.4154
1974-06-07,0.4162
1974-06-10,0.4167
1974-06-11,0.4175
1974-06-12,0.4176
1974-06-13,0.4183
1974-06-14,0.418
1974-06-17,0.4185
1974-06-18,0.4188
1974-06-19,0.4184
1974-06-20,0.4191
1974-06-21,0.4207
1974-06-24,0.4245
1974-06-25,0.4219
1974-06-26,0.4204
1974-06-27,0.4186
1974-06-28,0.4183
1974-07-01,0.4191
1974-07-02,0.417
1974-07-03,0.4172
1974-07-05,0.4188
1974-07-08,0.4188
1974-07-09,0.4188
1974-07-10,0.4188
1974-07-11,0.4197
1974-07-12,0.4191
1974-07-15,0.4188
1974-07-16,0.4191
1974-07-17,0.4184
1974-07-18,0.418
1974-07-19,0.4179
1974-07-22,0.4181
1974-07-23,0.4184
1974-07-24,0.4177
1974-07-25,0.4183
1974-07-26,0.418
1974-07-29,0.4179
1974-07-30,0.4197
1974-07-31,0.4189
1974-08-01,0.4196
1974-08-02,0.4194
1974-08-05,0.4195
1974-08-06,0.4202
1974-08-07,0.4208
1974-08-08,0.4229
1974-08-09,0.4214
1974-08-12,0.422
1974-08-13,0.424
1974-08-14,0.4244
1974-08-15,0.4265
1974-08-16,0.4276
1974-08-19,0.4302
1974-08-20,0.431
1974-08-21,0.4306
1974-08-22,0.4323
1974-08-23,0.4306
1974-08-26,0.4302
1974-08-27,0.4324
1974-08-28,0.4313
1974-08-29,0.4317
1974-08-30,0.4317
1974-09-03,0.4329
1974-09-04,0.4322
1974-09-05,0.4327
1974-09-06,0.4328
1974-09-09,0.4323
1974-09-10,0.4317
1974-09-11,0.432
1974-09-12,0.4319
1974-09-13,0.4325
1974-09-16,0.4323
1974-09-17,0.4316
1974-09-18,0.4311
1974-09-19,0.432
1974-09-20,0.4321
1974-09-23,0.4317
1974-09-24,0.432
1974-09-25,0.4318
1974-09-26,0.4305
1974-09-27,0.4288
1974-09-30,0.4287
1974-10-01,0.428
1974-10-02,0.4285
1974-10-03,0.4297
1974-10-04,0.4283
1974-10-07,0.4281
1974-10-08,0.4284
1974-10-09,0.4272
1974-10-10,0.4301
1974-10-11,0.4284
1974-10-15,0.429
1974-10-16,0.4285
1974-10-17,0.4287
1974-10-18,0.4287
1974-10-21,0.4292
1974-10-22,0.4293
1974-10-23,0.4287
1974-10-24,0.4289
1974-10-25,0.4286
1974-10-28,0.4288
1974-10-29,0.4284
1974-10-30,0.4282
1974-10-31,0.4282
1974-11-01,0.4277
1974-11-04,0.4268
1974-11-06,0.426
1974-11-07,0.4262
1974-11-08,0.4283
1974-11-12,0.435
1974-11-13,0.4342
1974-11-14,0.4322
1974-11-15,0.4321
1974-11-18,0.4287
1974-11-19,0.4304
1974-11-20,0.4311
1974-11-21,0.4308
1974-11-22,0.431
1974-11-25,0.4306
1974-11-26,0.4302
1974-11-27,0.4302
1974-11-29,0.43
1974-12-02,0.4302
1974-12-03,0.4304
1974-12-04,0.4296
1974-12-05,0.4294
1974-12-06,0.4292
1974-12-09,0.4283
1974-12-10,0.4303
1974-12-11,0.4318
1974-12-12,0.4337
1974-12-13,0.4323
1974-12-16,0.4293
1974-12-17,0.4284
1974-12-18,0.4271
1974-12-19,0.4293
1974-12-20,0.43
1974-12-23,0.4293
1974-12-24,0.429
1974-12-26,0.4288
1974-12-27,0.4268
1974-12-30,0.4263
1974-12-31,0.4261
1975-01-02,0.4286
1975-01-03,0.4271
1975-01-06,0.4249
1975-01-07,0.4248
1975-01-08,0.4261
1975-01-09,0.4255
1975-01-10,0.4252
1975-01-13,0.425
1975-01-14,0.426
1975-01-15,0.4248
1975-01-16,0.4249
1975-01-17,0.4251
1975-01-20,0.4239
1975-01-21,0.4231
1975-01-22,0.4209
1975-01-23,0.4199
1975-01-24,0.4196
1975-01-27,0.4167
1975-01-28,0.419
1975-01-29,0.4219
1975-01-30,0.4208
1975-01-31,0.4197
1975-02-03,0.4211
1975-02-04,0.4221
1975-02-05,0.4223
1975-02-06,0.4218
1975-02-07,0.4212
1975-02-10,0.4188
1975-02-11,0.4195
1975-02-13,0.4185
1975-02-14,0.4183
1975-02-18,0.4178
1975-02-19,0.417
1975-02-20,0.4166
1975-02-21,0.4162
1975-02-24,0.4133
1975-02-25,0.4139
1975-02-26,0.4122
1975-02-27,0.4114
1975-02-28,0.4115
1975-03-03,0.4112
1975-03-04,0.4118
1975-03-05,0.4113
1975-03-06,0.4119
1975-03-07,0.4148
1975-03-10,0.4157
1975-03-11,0.4132
1975-03-12,0.4151
1975-03-13,0.4141
1975-03-14,0.4136
1975-03-17,0.4134
1975-03-18,0.4123
1975-03-19,0.4118
1975-03-20,0.4126
1975-03-21,0.413
1975-03-24,0.4138
1975-03-25,0.4142
1975-03-26,0.4146
1975-03-27,0.416
1975-03-28,0.4153
1975-03-31,0.4156
1975-04-01,0.4153
1975-04-02,0.4153
1975-04-03,0.4163
1975-04-04,0.4184
1975-04-07,0.4202
1975-04-08,0.42
1975-04-09,0.4207
1975-04-10,0.4235
1975-04-11,0.4228
1975-04-14,0.4245
1975-04-15,0.4226
1975-04-16,0.4227
1975-04-17,0.4219
1975-04-18,0.4211
1975-04-21,0.4233
1975-04-22,0.4247
1975-04-23,0.4221
1975-04-24,0.4238
1975-04-25,0.4252
1975-04-28,0.4263
1975-04-29,0.4244
1975-04-30,0.4254
1975-05-01,0.4259
1975-05-02,0.4279
1975-05-05,0.4273
1975-05-06,0.4276
1975-05-07,0.4277
1975-05-08,0.4272
1975-05-09,0.4316
1975-05-12,0.435
1975-05-13,0.4336
1975-05-14,0.4333
1975-05-15,0.4347
1975-05-16,0.4343
1975-05-19,0.4342
1975-05-20,0.4341
1975-05-21,0.4321
1975-05-22,0.4297
1975-05-23,0.4298
1975-05-27,0.4298
1975-05-28,0.431
1975-05-29,0.4317
1975-05-30,0.4318
1975-06-02,0.431
1975-06-03,0.431
1975-06-04,0.4314
1975-06-05,0.4306
1975-06-06,0.4311
1975-06-09,0.4316
1975-06-10,0.4318
1975-06-11,0.4383
1975-06-12,0.4391
1975-06-13,0.4379
1975-06-16,0.4396
1975-06-17,0.4401
1975-06-18,0.44
1975-06-19,0.4399
1975-06-20,0.4399
1975-06-23,0.4402
1975-06-24,0.4431
1975-06-25,0.4432
1975-06-26,0.4462
1975-06-27,0.4494
1975-06-30,0.4559
1975-07-01,0.4527
1975-07-02,0.4546
1975-07-03,0.4557
1975-07-07,0.4575
1975-07-08,0.4557
1975-07-09,0.4533
1975-07-10,0.4549
1975-07-11,0.4546
1975-07-14,0.4563
1975-07-15,0.4582
1975-07-16,0.4577
1975-07-17,0.4589
1975-07-18,0.4598
1975-07-21,0.4597
1975-07-22,0.4591
1975-07-23,0.4587
1975-07-24,0.459
1975-07-25,0.459
1975-07-28,0.4596
1975-07-29,0.4597
1975-07-30,0.4623
1975-07-31,0.4643
1975-08-01,0.4657
1975-08-04,0.467
1975-08-05,0.4672
1975-08-06,0.4699
1975-08-07,0.4753
1975-08-08,0.4753
1975-08-11,0.4757
1975-08-12,0.4754
1975-08-13,0.4745
1975-08-14,0.4744
1975-08-15,0.4744
1975-08-18,0.4744
1975-08-19,0.4723
1975-08-20,0.4719
1975-08-21,0.4737
1975-08-22,0.4748
1975-08-25,0.4749
1975-08-26,0.4742
1975-08-27,0.4738
1975-08-28,0.474
1975-08-29,0.4739
1975-09-02,0.4742
1975-09-03,0.4735
1975-09-04,0.4743
1975-09-05,0.4742
1975-09-08,0.4737
1975-09-09,0.474
1975-09-10,0.4738
1975-09-11,0.4739
1975-09-12,0.4747
1975-09-15,0.4749
1975-09-16,0.4784
1975-09-17,0.4805
1975-09-18,0.4811
1975-09-19,0.4808
1975-09-22,0.4829
1975-09-23,0.4892
1975-09-24,0.4891
1975-09-25,0.4885
1975-09-26,0.4891
1975-09-29,0.491
1975-09-30,0.4895
1975-10-01,0.4902
1975-10-02,0.4906
1975-10-03,0.4908
1975-10-06,0.4895
1975-10-07,0.4898
1975-10-08,0.4895
1975-10-09,0.4884
1975-10-10,0.4859
1975-10-14,0.4884
1975-10-15,0.4865
1975-10-16,0.4865
1975-10-17,0.486
1975-10-20,0.4852
1975-10-21,0.4852
1975-10-22,0.482
1975-10-23,0.4839
1975-10-24,0.4832
1975-10-27,0.4833
1975-10-28,0.484
1975-10-29,0.4836
1975-10-30,0.4826
1975-10-31,0.4812
1975-11-03,0.482
1975-11-05,0.4844
1975-11-06,0.4834
1975-11-07,0.4841
1975-11-10,0.484
1975-11-12,0.4846
1975-11-13,0.4871
1975-11-14,0.4889
1975-11-17,0.4921
1975-11-18,0.4913
1975-11-19,0.4901
1975-11-20,0.4888
1975-11-21,0.4898
1975-11-24,0.4908
1975-11-25,0.4908
1975-11-26,0.4921
1975-11-28,0.495
1975-12-01,0.4948
1975-12-02,0.495
1975-12-03,0.4941
1975-12-04,0.4929
1975-12-05,0.4942
1975-12-08,0.4943
1975-12-09,0.4944
1975-12-10,0.4943
1975-12-11,0.4946
1975-12-12,0.4954
1975-12-15,0.4958
1975-12-16,0.4954
1975-12-17,0.4946
1975-12-18,0.4946
1975-12-19,0.4947
1975-12-22,0.4947
1975-12-23,0.4947
1975-12-24,0.4943
1975-12-26,0.4943
1975-12-29,0.4944
1975-12-30,0.4942
1975-12-31,0.4942
1976-01-02,0.4939
1976-01-05,0.492
1976-01-06,0.492
1976-01-07,0.4915
1976-01-08,0.4916
1976-01-09,0.4925
1976-01-12,0.4924
1976-01-13,0.4938
1976-01-14,0.4933
1976-01-15,0.4932
1976-01-16,0.4927
1976-01-19,0.492
1976-01-20,0.4925
1976-01-21,0.4942
1976-01-22,0.4943
1976-01-23,0.4943
1976-01-26,0.4938
1976-01-27,0.4936
1976-01-28,0.4929
1976-01-29,0.4926
1976-01-30,0.4927
1976-02-02,0.493
1976-02-03,0.4932
1976-02-04,0.4923
1976-02-05,0.4931
1976-02-06,0.4935
1976-02-09,0.4931
1976-02-10,0.4935
1976-02-11,0.4927
1976-02-13,0.4939
1976-02-17,0.4945
1976-02-18,0.4941
1976-02-19,0.4942
1976-02-20,0.494
1976-02-23,0.4938
1976-02-24,0.4938
1976-02-25,0.4935
1976-02-26,0.4936
1976-02-27,0.4938
1976-03-01,0.4941
1976-03-02,0.4941
1976-03-03,0.4939
1976-03-04,0.4966
1976-03-05,0.5053
1976-03-08,0.5151
1976-03-09,0.5152
1976-03-10,0.5229
1976-03-11,0.5173
1976-03-12,0.5195
1976-03-15,0.5203
1976-03-16,0.5228
1976-03-17,0.5206
1976-03-18,0.5198
1976-03-19,0.5206
1976-03-22,0.5204
1976-03-23,0.5195
1976-03-24,0.519
1976-03-25,0.5199
1976-03-26,0.5208
1976-03-29,0.5216
1976-03-30,0.5221
1976-03-31,0.5219
1976-04-01,0.5308
1976-04-02,0.5345
1976-04-05,0.5363
1976-04-06,0.5376
1976-04-07,0.5358
1976-04-08,0.5453
1976-04-09,0.5445
1976-04-12,0.542
1976-04-13,0.5397
1976-04-14,0.5386
1976-04-15,0.54
1976-04-16,0.5394
1976-04-19,0.5394
1976-04-20,0.5414
1976-04-21,0.5435
1976-04-22,0.5467
1976-04-23,0.5498
1976-04-26,0.5499
1976-04-27,0.5487
1976-04-28,0.546
1976-04-29,0.5432
1976-04-30,0.5435
1976-05-03,0.547
1976-05-04,0.5478
1976-05-05,0.5481
1976-05-06,0.5488
1976-05-07,0.5485
1976-05-10,0.5461
1976-05-11,0.5454
1976-05-12,0.5439
1976-05-13,0.5472
1976-05-14,0.5505
1976-05-17,0.5543
1976-05-18,0.5523
1976-05-19,0.5531
1976-05-20,0.5539
1976-05-21,0.5618
1976-05-24,0.5574
1976-05-25,0.56
1976-05-26,0.5647
1976-05-27,0.5648
1976-05-28,0.5683
1976-06-01,0.5701
1976-06-02,0.5812
1976-06-03,0.5852
1976-06-04,0.5826
1976-06-07,0.5695
1976-06-08,0.5651
1976-06-09,0.5653
1976-06-10,0.5648
1976-06-11,0.5649
1976-06-14,0.565
1976-06-15,0.5629
1976-06-16,0.5632
1976-06-17,0.5632
1976-06-18,0.5637
1976-06-21,0.5637
1976-06-22,0.5643
1976-06-23,0.5642
1976-06-24,0.5645
1976-06-25,0.5643
1976-06-28,0.5636
1976-06-29,0.562
1976-06-30,0.5602
1976-07-01,0.5587
1976-07-02,0.5583
1976-07-06,0.5548
1976-07-07,0.5548
1976-07-08,0.5612
1976-07-09,0.562
1976-07-12,0.5589
1976-07-13,0.5596
1976-07-14,0.5616
1976-07-15,0.5618
1976-07-16,0.5631
1976-07-19,0.5637
1976-07-20,0.5613
1976-07-21,0.5607
1976-07-22,0.5609
1976-07-23,0.5612
1976-07-26,0.5622
1976-07-27,0.5613
1976-07-28,0.5582
1976-07-29,0.5602
1976-07-30,0.5602
1976-08-02,0.5593
1976-08-03,0.5593
1976-08-04,0.5573
1976-08-05,0.5591
1976-08-06,0.559
1976-08-09,0.5579
1976-08-10,0.5588
1976-08-11,0.5587
1976-08-12,0.5602
1976-08-13,0.5613
1976-08-16,0.5614
1976-08-17,0.5598
1976-08-18,0.5609
1976-08-19,0.5613
1976-08-20,0.5615
1976-08-23,0.561
1976-08-24,0.5632
1976-08-25,0.5648
1976-08-26,0.5642
1976-08-27,0.565
1976-08-30,0.5634
1976-08-31,0.5626
1976-09-01,0.5634
1976-09-02,0.564
1976-09-03,0.5642
1976-09-07,0.5646
1976-09-08,0.5645
1976-09-09,0.5721
1976-09-10,0.5705
1976-09-13,0.5721
1976-09-14,0.5749
1976-09-15,0.5767
1976-09-16,0.575
1976-09-17,0.5767
1976-09-20,0.5807
1976-09-21,0.5828
1976-09-22,0.5828
1976-09-23,0.5846
1976-09-24,0.5864
1976-09-27,0.5954
1976-09-28,0.6112
1976-09-29,0.6001
1976-09-30,0.6024
1976-10-01,0.6002
1976-10-04,0.5986
1976-10-05,0.6011
1976-10-06,0.6055
1976-10-07,0.6008
1976-10-08,0.6017
1976-10-12,0.6048
1976-10-13,0.6046
1976-10-14,0.6101
1976-10-15,0.6061
1976-10-18,0.6043
1976-10-19,0.6069
1976-10-20,0.6074
1976-10-21,0.6073
1976-10-22,0.6067
1976-10-25,0.627
1976-10-26,0.6234
1976-10-27,0.6317
1976-10-28,0.6384
1976-10-29,0.6297
1976-11-01,0.6299
1976-11-03,0.6221
1976-11-04,0.6154
1976-11-05,0.6154
1976-11-08,0.619
1976-11-09,0.6142
1976-11-10,0.6123
1976-11-12,0.6143
1976-11-15,0.6098
1976-11-16,0.6088
1976-11-17,0.6008
1976-11-18,0.6006
1976-11-19,0.5956
1976-11-22,0.6075
1976-11-23,0.6085
1976-11-24,0.607
1976-11-26,0.6075
1976-11-29,0.6066
1976-11-30,0.6057
1976-12-01,0.6016
1976-12-02,0.6011
1976-12-03,0.6014
1976-12-06,0.6036
1976-12-07,0.5984
1976-12-08,0.5986
1976-12-09,0.5988
1976-12-10,0.599
1976-12-13,0.594
1976-12-14,0.597
1976-12-15,0.5997
1976-12-16,0.6013
1976-12-17,0.5984
1976-12-20,0.5949
1976-12-21,0.5956
1976-12-22,0.5934
1976-12-23,0.5936
1976-12-24,0.5919
1976-12-27,0.5903
1976-12-28,0.5893
1976-12-29,0.5862
1976-12-30,0.5884
1976-12-31,0.5879
1977-01-03,0.5869
1977-01-04,0.5853
1977-01-05,0.5846
1977-01-06,0.5863
1977-01-07,0.5862
1977-01-10,0.5852
1977-01-11,0.5856
1977-01-12,0.586
1977-01-13,0.5845
1977-01-14,0.5845
1977-01-17,0.5835
1977-01-18,0.5829
1977-01-19,0.5819
1977-01-20,0.5826
1977-01-21,0.5827
1977-01-24,0.5818
1977-01-25,0.5816
1977-01-26,0.5819
1977-01-27,0.5827
1977-01-28,0.5838
1977-01-31,0.5831
1977-02-01,0.583
1977-02-02,0.5828
1977-02-03,0.5837
1977-02-04,0.5832
1977-02-07,0.5833
1977-02-08,0.5829
1977-02-09,0.5822
1977-02-10,0.5828
1977-02-11,0.584
1977-02-14,0.5893
1977-02-15,0.587
1977-02-16,0.586
1977-02-17,0.5864
1977-02-18,0.5868
1977-02-22,0.5858
1977-02-23,0.5856
1977-02-24,0.5855
1977-02-25,0.5853
1977-02-28,0.5838
1977-03-01,0.5837
1977-03-02,0.5833
1977-03-03,0.5836
1977-03-04,0.5833
1977-03-07,0.5824
1977-03-08,0.5822
1977-03-09,0.582
1977-03-10,0.5828
1977-03-11,0.5821
1977-03-14,0.5817
1977-03-15,0.5817
1977-03-16,0.5816
1977-03-17,0.5818
1977-03-18,0.5825
1977-03-21,0.5823
1977-03-22,0.5826
1977-03-23,0.5821
1977-03-24,0.5821
1977-03-25,0.5822
1977-03-28,0.582
1977-03-29,0.5817
1977-03-30,0.5812
1977-03-31,0.5814
1977-04-01,0.5816
1977-04-04,0.5815
1977-04-05,0.5815
1977-04-06,0.5818
1977-04-07,0.5818
1977-04-08,0.582
1977-04-11,0.5819
1977-04-12,0.5817
1977-04-13,0.5815
1977-04-14,0.582
1977-04-15,0.5821
1977-04-18,0.5816
1977-04-19,0.5817
1977-04-20,0.5815
1977-04-21,0.5817
1977-04-22,0.582
1977-04-25,0.5818
1977-04-26,0.5817
1977-04-27,0.5815
1977-04-28,0.5817
1977-04-29,0.5817
1977-05-02,0.5816
1977-05-03,0.5816
1977-05-04,0.5815
1977-05-05,0.5819
1977-05-06,0.582
1977-05-09,0.5818
1977-05-10,0.5817
1977-05-11,0.5815
1977-05-12,0.5818
1977-05-13,0.5818
1977-05-16,0.5818
1977-05-17,0.5818
1977-05-18,0.5819
1977-05-19,0.5821
1977-05-20,0.5823
1977-05-23,0.5823
1977-05-24,0.5826
1977-05-25,0.5816
1977-05-26,0.5824
1977-05-27,0.5825
1977-05-31,0.5817
1977-06-01,0.5817
1977-06-02,0.5824
1977-06-03,0.5822
1977-06-06,0.582
1977-06-07,0.5819
1977-06-08,0.5819
1977-06-09,0.582
1977-06-10,0.5819
1977-06-13,0.5816
1977-06-14,0.5817
1977-06-15,0.5815
1977-06-16,0.5817
1977-06-17,0.5816
1977-06-20,0.5815
1977-06-21,0.5816
1977-06-22,0.5815
1977-06-23,0.5815
1977-06-24,0.5815
1977-06-27,0.5814
1977-06-28,0.5813
1977-06-29,0.5811
1977-06-30,0.5815
1977-07-01,0.5815
1977-07-05,0.5813
1977-07-06,0.5812
1977-07-07,0.5815
1977-07-08,0.5816
1977-07-11,0.5814
1977-07-12,0.5814
1977-07-13,0.5812
1977-07-15,0.5816
1977-07-18,0.5814
1977-07-19,0.5814
1977-07-20,0.5813
1977-07-21,0.5816
1977-07-22,0.5815
1977-07-25,0.5815
1977-07-26,0.5814
1977-07-27,0.5757
1977-07-28,0.5756
1977-07-29,0.5759
1977-08-01,0.5755
1977-08-02,0.5755
1977-08-03,0.5752
1977-08-04,0.5749
1977-08-05,0.5751
1977-08-08,0.5756
1977-08-09,0.5753
1977-08-10,0.575
1977-08-11,0.5754
1977-08-12,0.5754
1977-08-15,0.575
1977-08-16,0.5746
1977-08-17,0.5745
1977-08-18,0.5749
1977-08-19,0.5746
1977-08-22,0.5748
1977-08-23,0.5747
1977-08-24,0.5745
1977-08-25,0.5743
1977-08-26,0.5741
1977-08-29,0.5742
1977-08-30,0.574
1977-08-31,0.5738
1977-09-01,0.574
1977-09-02,0.5742
1977-09-06,0.5743
1977-09-07,0.5737
1977-09-08,0.5738
1977-09-09,0.5739
1977-09-12,0.5737
1977-09-13,0.5736
1977-09-14,0.5734
1977-09-15,0.5735
1977-09-16,0.5738
1977-09-19,0.5741
1977-09-20,0.5743
1977-09-21,0.5738
1977-09-22,0.5737
1977-09-23,0.5738
1977-09-26,0.5735
1977-09-27,0.5736
1977-09-28,0.5733
1977-09-29,0.5731
1977-09-30,0.5722
1977-10-03,0.5695
1977-10-04,0.5696
1977-10-05,0.5691
1977-10-06,0.5683
1977-10-07,0.5686
1977-10-11,0.5685
1977-10-12,0.5676
1977-10-13,0.5669
1977-10-14,0.5657
1977-10-17,0.5643
1977-10-18,0.5637
1977-10-19,0.564
1977-10-20,0.5648
1977-10-21,0.5652
1977-10-24,0.5636
1977-10-25,0.5629
1977-10-26,0.5624
1977-10-27,0.5628
1977-10-28,0.5626
1977-10-31,0.5436
1977-11-01,0.5423
1977-11-02,0.5454
1977-11-03,0.5528
1977-11-04,0.554
1977-11-07,0.5545
1977-11-09,0.5528
1977-11-10,0.5496
1977-11-14,0.5507
1977-11-15,0.5507
1977-11-16,0.5501
1977-11-17,0.5498
1977-11-18,0.5481
1977-11-21,0.5504
1977-11-22,0.5504
1977-11-23,0.5496
1977-11-25,0.5499
1977-11-28,0.5499
1977-11-29,0.5512
1977-11-30,0.5504
1977-12-01,0.5504
1977-12-02,0.5493
1977-12-05,0.5463
1977-12-06,0.549
1977-12-07,0.5477
1977-12-08,0.5473
1977-12-09,0.5464
1977-12-12,0.5462
1977-12-13,0.5434
1977-12-14,0.5414
1977-12-15,0.5416
1977-12-16,0.5394
1977-12-19,0.5339
1977-12-20,0.5323
1977-12-21,0.5306
1977-12-22,0.5394
1977-12-23,0.536
1977-12-27,0.5325
1977-12-28,0.528
1977-12-29,0.5236
1977-12-30,0.5216
1978-01-03,0.5099
1978-01-04,0.5102
1978-01-05,0.5301
1978-01-06,0.5181
1978-01-09,0.5218
1978-01-10,0.5214
1978-01-11,0.5153
1978-01-12,0.5195
1978-01-13,0.5181
1978-01-16,0.5187
1978-01-17,0.52
1978-01-18,0.5198
1978-01-19,0.5175
1978-01-20,0.5177
1978-01-23,0.515
1978-01-24,0.5138
1978-01-25,0.5121
1978-01-26,0.5123
1978-01-27,0.5137
1978-01-30,0.5135
1978-01-31,0.5135
1978-02-01,0.5133
1978-02-02,0.513
1978-02-03,0.5152
1978-02-06,0.5159
1978-02-07,0.5175
1978-02-08,0.5172
1978-02-09,0.5168
1978-02-10,0.5167
1978-02-14,0.5166
1978-02-15,0.5168
1978-02-16,0.5151
1978-02-17,0.5142
1978-02-21,0.5142
1978-02-22,0.5135
1978-02-23,0.512
1978-02-24,0.5195
1978-02-27,0.5176
1978-02-28,0.5152
1978-03-01,0.5157
1978-03-02,0.5152
1978-03-03,0.5157
1978-03-06,0.5163
1978-03-07,0.5163
1978-03-08,0.517
1978-03-09,0.5192
1978-03-10,0.5259
1978-03-13,0.5238
1978-03-14,0.5222
1978-03-15,0.5247
1978-03-16,0.5225
1978-03-17,0.5242
1978-03-20,0.5253
1978-03-21,0.5266
1978-03-22,0.5269
1978-03-23,0.5335
1978-03-24,0.5333
1978-03-27,0.5316
1978-03-28,0.5309
1978-03-29,0.5323
1978-03-30,0.5365
1978-03-31,0.5371
1978-04-03,0.5363
1978-04-04,0.5354
1978-04-05,0.5339
1978-04-06,0.5338
1978-04-07,0.5334
1978-04-10,0.5332
1978-04-11,0.5319
1978-04-12,0.5333
1978-04-13,0.5368
1978-04-14,0.5388
1978-04-17,0.5417
1978-04-18,0.5423
1978-04-19,0.5432
1978-04-20,0.5482
1978-04-21,0.5472
1978-04-24,0.549
1978-04-25,0.5511
1978-04-26,0.5505
1978-04-27,0.5456
1978-04-28,0.5485
1978-05-01,0.5478
1978-05-02,0.5476
1978-05-03,0.5479
1978-05-04,0.547
1978-05-05,0.5473
1978-05-08,0.5501
1978-05-09,0.5522
1978-05-10,0.5482
1978-05-11,0.5501
1978-05-12,0.5498
1978-05-15,0.5492
1978-05-16,0.5528
1978-05-17,0.5519
1978-05-18,0.5503
1978-05-19,0.5534
1978-05-22,0.5515
1978-05-23,0.5527
1978-05-24,0.5518
1978-05-25,0.5517
1978-05-26,0.5518
1978-05-29,0.5504
1978-05-31,0.5454
1978-06-01,0.5477
1978-06-02,0.5485
1978-06-05,0.5495
1978-06-06,0.5481
1978-06-07,0.5486
1978-06-08,0.548
1978-06-09,0.5475
1978-06-12,0.5441
1978-06-13,0.5453
1978-06-14,0.5456
1978-06-15,0.5464
1978-06-16,0.5461
1978-06-19,0.5451
1978-06-20,0.5435
1978-06-21,0.5406
1978-06-22,0.5441
1978-06-23,0.541
1978-06-26,0.541
1978-06-27,0.5414
1978-06-28,0.5393
1978-06-29,0.5362
1978-06-30,0.5373
1978-07-03,0.5355
1978-07-05,0.535
1978-07-06,0.5355
1978-07-07,0.5338
1978-07-10,0.5292
1978-07-11,0.5308
1978-07-12,0.5305
1978-07-13,0.5305
1978-07-14,0.5313
1978-07-17,0.5321
1978-07-18,0.5309
1978-07-19,0.5277
1978-07-20,0.5253
1978-07-21,0.5233
1978-07-24,0.5198
1978-07-25,0.5193
1978-07-26,0.5234
1978-07-27,0.5243
1978-07-28,0.5198
1978-07-31,0.5179
1978-08-01,0.5189
1978-08-02,0.5187
1978-08-03,0.5183
1978-08-04,0.5195
1978-08-07,0.5183
1978-08-08,0.5171
1978-08-09,0.5132
1978-08-10,0.5122
1978-08-11,0.5092
1978-08-14,0.5049
1978-08-15,0.5071
1978-08-16,0.5061
1978-08-17,0.5157
1978-08-18,0.5155
1978-08-21,0.5187
1978-08-22,0.5181
1978-08-23,0.5192
1978-08-24,0.5182
1978-08-25,0.5193
1978-08-28,0.5203
1978-08-29,0.5145
1978-08-30,0.5152
1978-08-31,0.5147
1978-09-01,0.5128
1978-09-05,0.5147
1978-09-06,0.5149
1978-09-07,0.5161
1978-09-08,0.5165
1978-09-11,0.5148
1978-09-12,0.5141
1978-09-13,0.5102
1978-09-14,0.5105
1978-09-15,0.5098
1978-09-18,0.5105
1978-09-19,0.5099
1978-09-20,0.5054
1978-09-21,0.5051
1978-09-22,0.5071
1978-09-25,0.5063
1978-09-26,0.5076
1978-09-27,0.5074
1978-09-28,0.507
1978-09-29,0.5063
1978-10-02,0.5072
1978-10-03,0.5067
1978-10-04,0.5045
1978-10-05,0.5046
1978-10-06,0.5048
1978-10-10,0.5042
1978-10-11,0.502
1978-10-12,0.5038
1978-10-13,0.5035
1978-10-16,0.5028
1978-10-17,0.501
1978-10-18,0.5011
1978-10-19,0.5016
1978-10-20,0.5
1978-10-23,0.4983
1978-10-24,0.4984
1978-10-25,0.4929
1978-10-26,0.4833
1978-10-27,0.4848
1978-10-30,0.4766
1978-10-31,0.4817
1978-11-01,0.4975
1978-11-02,0.5013
1978-11-03,0.5044
1978-11-06,0.5059
1978-11-08,0.5063
1978-11-09,0.5071
1978-11-10,0.5084
1978-11-13,0.5084
1978-11-14,0.5073
1978-11-15,0.5083
1978-11-16,0.5126
1978-11-17,0.5187
1978-11-20,0.5167
1978-11-21,0.5145
1978-11-22,0.5135
1978-11-24,0.5156
1978-11-27,0.5145
1978-11-28,0.5134
1978-11-29,0.5125
1978-11-30,0.5144
1978-12-01,0.5161
1978-12-04,0.5136
1978-12-05,0.5125
1978-12-06,0.5126
1978-12-07,0.5124
1978-12-08,0.5101
1978-12-11,0.5058
1978-12-12,0.5069
1978-12-13,0.5059
1978-12-14,0.5062
1978-12-15,0.5053
1978-12-18,0.499
1978-12-19,0.4975
1978-12-20,0.4975
1978-12-21,0.5008
1978-12-22,0.499
1978-12-26,0.4975
1978-12-27,0.4909
1978-12-28,0.4929
1978-12-29,0.4898
1979-01-02,0.4926
1979-01-03,0.4936
1979-01-04,0.496
1979-01-05,0.4952
1979-01-08,0.4938
1979-01-09,0.4954
1979-01-10,0.4983
1979-01-11,0.4999
1979-01-12,0.5011
1979-01-15,0.5019
1979-01-16,0.4996
1979-01-17,0.4985
1979-01-18,0.4976
1979-01-19,0.4991
1979-01-22,0.5003
1979-01-23,0.5003
1979-01-24,0.5
1979-01-25,0.5018
1979-01-26,0.5013
1979-01-29,0.5012
1979-01-30,0.501
1979-01-31,0.5026
1979-02-01,0.5049
1979-02-02,0.5053
1979-02-05,0.5027
1979-02-06,0.5012
1979-02-07,0.4968
1979-02-08,0.4989
1979-02-09,0.4994
1979-02-13,0.4991
1979-02-14,0.4988
1979-02-15,0.4991
1979-02-16,0.4995
1979-02-20,0.499
1979-02-21,0.4982
1979-02-22,0.4976
1979-02-23,0.497
1979-02-26,0.4949
1979-02-27,0.4946
1979-02-28,0.4942
1979-03-01,0.4943
1979-03-02,0.4946
1979-03-05,0.4945
1979-03-06,0.4939
1979-03-07,0.4915
1979-03-08,0.4897
1979-03-09,0.4907
1979-03-12,0.49
1979-03-13,0.4902
1979-03-14,0.491
1979-03-15,0.4912
1979-03-16,0.4926
1979-03-19,0.4939
1979-03-20,0.4921
1979-03-21,0.4916
1979-03-22,0.4916
1979-03-23,0.4904
1979-03-26,0.4869
1979-03-27,0.4876
1979-03-28,0.4874
1979-03-29,0.4859
1979-03-30,0.4848
1979-04-02,0.4837
1979-04-03,0.4838
1979-04-04,0.4838
1979-04-05,0.4815
1979-04-06,0.4789
1979-04-09,0.4765
1979-04-10,0.4756
1979-04-11,0.4785
1979-04-12,0.482
1979-04-13,0.4808
1979-04-16,0.479
1979-04-17,0.48
1979-04-18,0.4822
1979-04-19,0.4825
1979-04-20,0.4832
1979-04-23,0.4828
1979-04-24,0.4841
1979-04-25,0.491
1979-04-26,0.4884
1979-04-27,0.4866
1979-04-30,0.4836
1979-05-01,0.4856
1979-05-02,0.4836
1979-05-03,0.4816
1979-05-04,0.4813
1979-05-07,0.4802
1979-05-08,0.484
1979-05-09,0.4839
1979-05-10,0.4882
1979-05-11,0.4898
1979-05-14,0.4894
1979-05-15,0.4846
1979-05-16,0.4852
1979-05-17,0.4866
1979-05-18,0.4863
1979-05-21,0.4894
1979-05-22,0.4892
1979-05-23,0.4861
1979-05-24,0.4872
1979-05-25,0.4877
1979-05-28,0.4872
1979-05-29,0.4865
1979-05-31,0.4831
1979-06-01,0.4822
1979-06-04,0.4815
1979-06-05,0.4808
1979-06-06,0.4822
1979-06-07,0.4844
1979-06-08,0.485
1979-06-11,0.4833
1979-06-12,0.4785
1979-06-13,0.4752
1979-06-14,0.4771
1979-06-15,0.4748
1979-06-18,0.4748
1979-06-19,0.4717
1979-06-20,0.469
1979-06-21,0.4674
1979-06-22,0.4669
1979-06-25,0.4632
1979-06-26,0.4649
1979-06-27,0.4638
1979-06-28,0.4611
1979-06-29,0.4585
1979-07-02,0.4569
1979-07-03,0.4542
1979-07-05,0.4486
1979-07-06,0.4507
1979-07-09,0.4543
1979-07-10,0.45
1979-07-11,0.4479
1979-07-12,0.4489
1979-07-13,0.4486
1979-07-16,0.446
1979-07-17,0.4406
1979-07-18,0.439
1979-07-19,0.4362
1979-07-20,0.4398
1979-07-23,0.4345
1979-07-24,0.43
1979-07-25,0.4309
1979-07-26,0.4294
1979-07-27,0.4323
1979-07-30,0.4323
1979-07-31,0.4449
1979-08-01,0.4406
1979-08-02,0.4413
1979-08-03,0.4408
1979-08-06,0.4467
1979-08-07,0.4511
1979-08-08,0.4515
1979-08-09,0.4475
1979-08-10,0.4448
1979-08-13,0.4473
1979-08-14,0.448
1979-08-15,0.448
1979-08-16,0.4502
1979-08-17,0.4509
1979-08-20,0.4501
1979-08-21,0.4524
1979-08-22,0.4509
1979-08-23,0.45
1979-08-24,0.448
1979-08-27,0.4458
1979-08-28,0.4446
1979-08-29,0.444
1979-08-30,0.4446
1979-08-31,0.4439
1979-09-04,0.4466
1979-09-05,0.446
1979-09-06,0.445
1979-09-07,0.4445
1979-09-10,0.4455
1979-09-11,0.4464
1979-09-12,0.45
1979-09-13,0.4539
1979-09-14,0.4613
1979-09-17,0.4647
1979-09-18,0.4644
1979-09-19,0.4662
1979-09-20,0.4629
1979-09-21,0.4623
1979-09-24,0.4637
1979-09-25,0.4633
1979-09-26,0.4575
1979-09-27,0.4541
1979-09-28,0.4539
1979-10-01,0.4561
1979-10-02,0.4564
1979-10-03,0.4581
1979-10-04,0.4575
1979-10-05,0.4591
1979-10-09,0.4641
1979-10-10,0.4611
1979-10-11,0.4622
1979-10-12,0.4637
1979-10-15,0.4636
1979-10-16,0.4646
1979-10-17,0.4663
1979-10-18,0.4646
1979-10-19,0.4641
1979-10-22,0.4654
1979-10-23,0.4734
1979-10-24,0.4738
1979-10-25,0.4731
1979-10-26,0.4751
1979-10-29,0.477
1979-10-30,0.4837
1979-10-31,0.482
1979-11-01,0.4829
1979-11-02,0.4839
1979-11-05,0.4833
1979-11-07,0.4749
1979-11-08,0.4796
1979-11-09,0.4782
1979-11-13,0.4742
1979-11-14,0.4736
1979-11-15,0.4669
1979-11-16,0.4631
1979-11-19,0.4582
1979-11-20,0.4616
1979-11-21,0.4601
1979-11-23,0.4627
1979-11-26,0.4627
1979-11-27,0.463
1979-11-28,0.46
1979-11-29,0.4583
1979-11-30,0.4548
1979-12-03,0.4519
1979-12-04,0.4558
1979-12-05,0.4591
1979-12-06,0.4564
1979-12-07,0.4616
1979-12-10,0.4611
1979-12-11,0.4568
1979-12-12,0.4564
1979-12-13,0.4537
1979-12-14,0.4548
1979-12-17,0.455
1979-12-18,0.455
1979-12-19,0.4536
1979-12-20,0.4551
1979-12-21,0.4542
1979-12-24,0.4528
1979-12-26,0.4517
1979-12-27,0.4453
1979-12-28,0.4477
1979-12-31,0.4508
1980-01-02,0.4459
1980-01-03,0.4464
1980-01-04,0.447
1980-01-07,0.4422
1980-01-08,0.4421
1980-01-09,0.4413
1980-01-10,0.4429
1980-01-11,0.4431
1980-01-14,0.4395
1980-01-15,0.4393
1980-01-16,0.4403
1980-01-17,0.4392
1980-01-18,0.4375
1980-01-21,0.4379
1980-01-22,0.4396
1980-01-23,0.4391
1980-01-24,0.439
1980-01-25,0.4423
1980-01-28,0.4449
1980-01-29,0.4445
1980-01-30,0.4421
1980-01-31,0.4412
1980-02-01,0.4398
1980-02-04,0.4373
1980-02-05,0.4366
1980-02-06,0.4325
1980-02-07,0.4345
1980-02-08,0.4352
1980-02-11,0.4339
1980-02-13,0.4333
1980-02-14,0.4323
1980-02-15,0.4357
1980-02-19,0.4401
1980-02-20,0.4387
1980-02-21,0.4373
1980-02-22,0.4397
1980-02-25,0.4394
1980-02-26,0.4392
1980-02-27,0.4373
1980-02-28,0.4377
1980-02-29,0.4399
1980-03-03,0.446
1980-03-04,0.4474
1980-03-05,0.4464
1980-03-06,0.4477
1980-03-07,0.449
1980-03-10,0.4511
1980-03-11,0.4491
1980-03-12,0.4477
1980-03-13,0.4498
1980-03-14,0.4519
1980-03-17,0.4571
1980-03-18,0.4575
1980-03-19,0.4565
1980-03-20,0.4558
1980-03-21,0.458
1980-03-24,0.4575
1980-03-25,0.4569
1980-03-26,0.4576
1980-03-27,0.46
1980-03-28,0.461
1980-03-31,0.463
1980-04-01,0.4648
1980-04-02,0.4643
1980-04-03,0.4675
1980-04-04,0.4684
1980-04-07,0.4673
1980-04-08,0.4589
1980-04-09,0.4575
1980-04-10,0.4563
1980-04-11,0.4556
1980-04-14,0.4538
1980-04-15,0.4571
1980-04-16,0.4511
1980-04-17,0.4515
1980-04-18,0.4508
1980-04-21,0.446
1980-04-22,0.4475
1980-04-23,0.4407
1980-04-24,0.4418
1980-04-25,0.4399
1980-04-28,0.438
1980-04-29,0.4406
1980-04-30,0.4428
1980-05-01,0.4427
1980-05-02,0.4434
1980-05-05,0.439
1980-05-06,0.4387
1980-05-07,0.4383
1980-05-08,0.4376
1980-05-09,0.4411
1980-05-12,0.4384
1980-05-13,0.4388
1980-05-14,0.4353
1980-05-15,0.4347
1980-05-16,0.4378
1980-05-19,0.4379
1980-05-20,0.4365
1980-05-21,0.4291
1980-05-22,0.4295
1980-05-23,0.4266
1980-05-27,0.4219
1980-05-28,0.4239
1980-05-29,0.4263
1980-05-30,0.4269
1980-06-02,0.428
1980-06-03,0.4342
1980-06-04,0.4308
1980-06-05,0.4291
1980-06-06,0.4289
1980-06-09,0.4254
1980-06-10,0.4287
1980-06-11,0.4283
1980-06-12,0.4276
1980-06-13,0.4269
1980-06-16,0.4273
1980-06-17,0.4291
1980-06-18,0.4288
1980-06-19,0.4282
1980-06-20,0.4283
1980-06-23,0.4272
1980-06-24,0.4281
1980-06-25,0.4281
1980-06-26,0.4267
1980-06-27,0.4261
1980-06-30,0.4245
1980-07-01,0.4235
1980-07-02,0.4241
1980-07-03,0.4258
1980-07-07,0.4197
1980-07-08,0.4214
1980-07-09,0.4213
1980-07-10,0.421
1980-07-11,0.4206
1980-07-14,0.421
1980-07-15,0.4217
1980-07-16,0.4217
1980-07-17,0.4202
1980-07-18,0.4212
1980-07-21,0.4203
1980-07-22,0.4188
1980-07-23,0.4194
1980-07-24,0.4173
1980-07-25,0.4183
1980-07-28,0.4191
1980-07-29,0.4218
1980-07-30,0.4259
1980-07-31,0.4269
1980-08-01,0.4286
1980-08-04,0.4269
1980-08-05,0.4245
1980-08-06,0.4212
1980-08-07,0.422
1980-08-08,0.4216
1980-08-11,0.4216
1980-08-12,0.4214
1980-08-13,0.421
1980-08-14,0.421
1980-08-15,0.4203
1980-08-18,0.4221
1980-08-19,0.4237
1980-08-20,0.4222
1980-08-21,0.4221
1980-08-22,0.4227
1980-08-25,0.4222
1980-08-26,0.4203
1980-08-27,0.4183
1980-08-28,0.4186
1980-08-29,0.4174
1980-09-02,0.4136
1980-09-03,0.414
1980-09-04,0.4136
1980-09-05,0.4144
1980-09-08,0.4137
1980-09-09,0.4166
1980-09-10,0.4163
1980-09-11,0.4147
1980-09-12,0.4143
1980-09-15,0.4174
1980-09-16,0.419
1980-09-17,0.418
1980-09-18,0.4195
1980-09-19,0.4192
1980-09-22,0.4161
1980-09-23,0.4163
1980-09-24,0.4168
1980-09-25,0.4168
1980-09-26,0.4181
1980-09-29,0.4183
1980-09-30,0.4189
1980-10-01,0.4182
1980-10-02,0.4191
1980-10-03,0.4187
1980-10-06,0.417
1980-10-07,0.418
1980-10-08,0.4179
1980-10-09,0.4172
1980-10-10,0.4162
1980-10-14,0.4153
1980-10-15,0.4155
1980-10-16,0.4138
1980-10-17,0.4144
1980-10-20,0.4116
1980-10-21,0.4107
1980-10-22,0.4108
1980-10-23,0.4095
1980-10-24,0.4098
1980-10-27,0.4102
1980-10-28,0.4108
1980-10-29,0.4097
1980-10-30,0.4102
1980-10-31,0.4104
1980-11-03,0.4093
1980-11-05,0.4088
1980-11-06,0.4102
1980-11-07,0.4136
1980-11-10,0.4173
1980-11-12,0.4144
1980-11-13,0.4137
1980-11-14,0.4161
1980-11-17,0.4177
1980-11-18,0.4184
1980-11-19,0.4209
1980-11-20,0.4193
1980-11-21,0.424
1980-11-24,0.4275
1980-11-25,0.4246
1980-11-26,0.422
1980-11-28,0.4242
1980-12-01,0.4258
1980-12-02,0.4271
1980-12-03,0.4263
1980-12-04,0.4266
1980-12-05,0.4275
1980-12-08,0.4267
1980-12-09,0.4282
1980-12-10,0.4274
1980-12-11,0.4321
1980-12-12,0.4304
1980-12-15,0.4296
1980-12-16,0.4331
1980-12-17,0.4292
1980-12-18,0.4303
1980-12-19,0.4272
1980-12-22,0.4254
1980-12-23,0.4223
1980-12-24,0.4237
1980-12-26,0.4203
1980-12-29,0.4227
1980-12-30,0.4184
1980-12-31,0.4186
1981-01-02,0.4198
1981-01-05,0.414
1981-01-06,0.4128
1981-01-07,0.4147
1981-01-08,0.4161
1981-01-09,0.4175
1981-01-12,0.4172
1981-01-13,0.4188
1981-01-14,0.4162
1981-01-15,0.4166
1981-01-16,0.4178
1981-01-19,0.4158
1981-01-20,0.4135
1981-01-21,0.412
1981-01-22,0.4161
1981-01-23,0.4155
1981-01-26,0.4139
1981-01-27,0.4163
1981-01-28,0.4152
1981-01-29,0.4172
1981-01-30,0.4227
1981-02-02,0.4257
1981-02-03,0.4254
1981-02-04,0.4244
1981-02-05,0.4273
1981-02-06,0.4274
1981-02-09,0.4273
1981-02-10,0.4279
1981-02-11,0.4278
1981-02-13,0.4377
1981-02-17,0.4419
1981-02-18,0.4413
1981-02-19,0.4378
1981-02-20,0.4329
1981-02-23,0.4456
1981-02-24,0.4478
1981-02-25,0.4488
1981-02-26,0.4491
1981-02-27,0.4537
1981-03-02,0.4586
1981-03-03,0.4535
1981-03-04,0.455
1981-03-05,0.4537
1981-03-06,0.4561
1981-03-09,0.4515
1981-03-10,0.4488
1981-03-11,0.4512
1981-03-12,0.4507
1981-03-13,0.4511
1981-03-16,0.4471
1981-03-17,0.4446
1981-03-18,0.4389
1981-03-19,0.4385
1981-03-20,0.4419
1981-03-23,0.4445
1981-03-24,0.4414
1981-03-25,0.442
1981-03-26,0.4454
1981-03-27,0.4492
1981-03-30,0.4469
1981-03-31,0.4479
1981-04-01,0.4452
1981-04-02,0.4509
1981-04-03,0.4556
1981-04-06,0.4598
1981-04-07,0.4539
1981-04-08,0.4554
1981-04-09,0.4566
1981-04-10,0.4577
1981-04-13,0.4623
1981-04-14,0.4596
1981-04-15,0.4645
1981-04-16,0.4643
1981-04-17,0.4643
1981-04-20,0.4635
1981-04-21,0.4626
1981-04-22,0.4574
1981-04-23,0.4599
1981-04-24,0.4615
1981-04-27,0.4623
1981-04-28,0.4638
1981-04-29,0.4666
1981-04-30,0.4674
1981-05-01,0.4666
1981-05-04,0.4721
1981-05-05,0.4731
1981-05-06,0.4724
1981-05-07,0.4754
1981-05-08,0.4727
1981-05-11,0.476
1981-05-12,0.479
1981-05-13,0.4813
1981-05-14,0.484
1981-05-15,0.482
1981-05-18,0.4789
1981-05-19,0.4816
1981-05-20,0.4805
1981-05-21,0.4836
1981-05-22,0.4825
1981-05-26,0.484
1981-05-27,0.4854
1981-05-28,0.4836
1981-05-29,0.4831
1981-06-01,0.486
1981-06-02,0.4912
1981-06-03,0.496
1981-06-04,0.5155
1981-06-05,0.5181
1981-06-08,0.5155
1981-06-09,0.5153
1981-06-10,0.5075
1981-06-11,0.5131
1981-06-12,0.511
1981-06-15,0.4995
1981-06-16,0.5013
1981-06-17,0.5008
1981-06-18,0.5061
1981-06-19,0.5071
1981-06-22,0.5021
1981-06-23,0.5005
1981-06-24,0.5053
1981-06-25,0.512
1981-06-26,0.5131
1981-06-29,0.5145
1981-06-30,0.5181
1981-07-01,0.5256
1981-07-02,0.5308
1981-07-03,0.5283
1981-07-06,0.5263
1981-07-07,0.5256
1981-07-08,0.5322
1981-07-09,0.5328
1981-07-10,0.5284
1981-07-13,0.5318
1981-07-14,0.5371
1981-07-15,0.5291
1981-07-16,0.5312
1981-07-17,0.5315
1981-07-20,0.5356
1981-07-21,0.542
1981-07-22,0.5374
1981-07-23,0.5392
1981-07-24,0.537
1981-07-27,0.5376
1981-07-28,0.5366
1981-07-29,0.5382
1981-07-30,0.5385
1981-07-31,0.5435
1981-08-03,0.5551
1981-08-04,0.5576
1981-08-05,0.5539
1981-08-06,0.5562
1981-08-07,0.5585
1981-08-10,0.5647
1981-08-11,0.5631
1981-08-12,0.552
1981-08-13,0.5543
1981-08-14,0.5549
1981-08-17,0.5487
1981-08-18,0.5467
1981-08-19,0.546
1981-08-20,0.5378
1981-08-21,0.5329
1981-08-24,0.5408
1981-08-25,0.5484
1981-08-26,0.542
1981-08-27,0.5427
1981-08-28,0.5408
1981-08-31,0.542
1981-09-01,0.5459
1981-09-02,0.543
1981-09-03,0.5422
1981-09-04,0.5426
1981-09-08,0.5576
1981-09-09,0.5615
1981-09-10,0.5543
1981-09-11,0.5621
1981-09-14,0.5571
1981-09-15,0.5456
1981-09-16,0.5413
1981-09-17,0.5459
1981-09-18,0.5453
1981-09-21,0.5394
1981-09-22,0.5461
1981-09-23,0.552
1981-09-24,0.5591
1981-09-25,0.5601
1981-09-28,0.5621
1981-09-29,0.5573
1981-09-30,0.5546
1981-10-01,0.5461
1981-10-02,0.5501
1981-10-05,0.5392
1981-10-06,0.5414
1981-10-07,0.535
1981-10-08,0.5267
1981-10-09,0.526
1981-10-13,0.5391
1981-10-14,0.5397
1981-10-15,0.5414
1981-10-16,0.5461
1981-10-19,0.5435
1981-10-20,0.5498
1981-10-21,0.5491
1981-10-22,0.551
1981-10-23,0.5493
1981-10-26,0.554
1981-10-27,0.5522
1981-10-28,0.5481
1981-10-29,0.546
1981-10-30,0.5371
1981-11-02,0.534
1981-11-04,0.5325
1981-11-05,0.534
1981-11-06,0.5333
1981-11-09,0.5285
1981-11-10,0.5356
1981-11-12,0.5278
1981-11-13,0.5244
1981-11-16,0.5227
1981-11-17,0.5283
1981-11-18,0.5231
1981-11-19,0.5233
1981-11-20,0.5271
1981-11-23,0.5253
1981-11-24,0.5212
1981-11-25,0.5187
1981-11-27,0.5112
1981-11-30,0.5115
1981-12-01,0.514
1981-12-02,0.5122
1981-12-03,0.5173
1981-12-04,0.5151
1981-12-07,0.5168
1981-12-08,0.5191
1981-12-09,0.5202
1981-12-10,0.5283
1981-12-11,0.5326
1981-12-14,0.536
1981-12-15,0.5304
1981-12-16,0.5301
1981-12-17,0.5301
1981-12-18,0.5326
1981-12-21,0.5343
1981-12-22,0.5302
1981-12-23,0.5301
1981-12-24,0.5283
1981-12-28,0.5291
1981-12-29,0.529
1981-12-30,0.5229
1981-12-31,0.5222
1982-01-04,0.5192
1982-01-05,0.523
1982-01-06,0.5194
1982-01-07,0.5208
1982-01-08,0.5208
1982-01-11,0.5299
1982-01-12,0.5339
1982-01-13,0.5353
1982-01-14,0.5366
1982-01-15,0.5348
1982-01-18,0.5309
1982-01-19,0.528
1982-01-20,0.531
1982-01-21,0.5319
1982-01-22,0.5346
1982-01-25,0.5392
1982-01-26,0.5346
1982-01-27,0.5359
1982-01-28,0.5335
1982-01-29,0.5322
1982-02-01,0.5375
1982-02-02,0.5369
1982-02-03,0.5381
1982-02-04,0.5348
1982-02-05,0.5375
1982-02-08,0.5369
1982-02-09,0.5429
1982-02-10,0.5413
1982-02-11,0.5408
1982-02-16,0.5458
1982-02-17,0.5448
1982-02-18,0.5401
1982-02-19,0.5398
1982-02-22,0.5413
1982-02-23,0.5461
1982-02-24,0.5466
1982-02-25,0.5456
1982-02-26,0.5495
1982-03-01,0.5489
1982-03-02,0.5517
1982-03-03,0.5485
1982-03-04,0.5472
1982-03-05,0.5442
1982-03-08,0.5479
1982-03-09,0.5545
1982-03-10,0.5525
1982-03-11,0.554
1982-03-12,0.5563
1982-03-15,0.5534
1982-03-16,0.5549
1982-03-17,0.5527
1982-03-18,0.5526
1982-03-19,0.5559
1982-03-22,0.5562
1982-03-23,0.5549
1982-03-24,0.5542
1982-03-25,0.5569
1982-03-26,0.5587
1982-03-29,0.5626
1982-03-30,0.5607
1982-03-31,0.5615
1982-04-01,0.5587
1982-04-02,0.5594
1982-04-05,0.5643
1982-04-06,0.5713
1982-04-07,0.5672
1982-04-08,0.5705
1982-04-09,0.5701
1982-04-12,0.5656
1982-04-13,0.5653
1982-04-14,0.5682
1982-04-15,0.5682
1982-04-16,0.5682
1982-04-19,0.564
1982-04-20,0.5648
1982-04-21,0.5627
1982-04-22,0.5626
1982-04-23,0.5643
1982-04-26,0.5626
1982-04-27,0.5635
1982-04-28,0.5601
1982-04-29,0.5574
1982-04-30,0.5573
1982-05-03,0.5514
1982-05-04,0.5573
1982-05-05,0.554
1982-05-06,0.5491
1982-05-07,0.5476
1982-05-10,0.5447
1982-05-11,0.5456
1982-05-12,0.5444
1982-05-13,0.5482
1982-05-14,0.5484
1982-05-17,0.5505
1982-05-18,0.5514
1982-05-19,0.5566
1982-05-20,0.562
1982-05-21,0.5563
1982-05-24,0.5542
1982-05-25,0.5541
1982-05-26,0.5556
1982-05-27,0.5588
1982-05-28,0.5583
1982-06-01,0.5594
1982-06-02,0.5582
1982-06-03,0.5567
1982-06-04,0.5571
1982-06-07,0.5587
1982-06-08,0.5612
1982-06-09,0.5635
1982-06-10,0.5669
1982-06-11,0.5635
1982-06-14,0.5688
1982-06-15,0.5678
1982-06-16,0.5721
1982-06-17,0.5737
1982-06-18,0.5752
1982-06-21,0.579
1982-06-22,0.5759
1982-06-23,0.5782
1982-06-24,0.577
1982-06-25,0.5817
1982-06-28,0.5819
1982-06-29,0.5764
1982-06-30,0.5762
1982-07-01,0.5764
1982-07-02,0.5777
1982-07-06,0.5801
1982-07-07,0.5846
1982-07-08,0.5846
1982-07-09,0.5799
1982-07-12,0.5772
1982-07-13,0.5806
1982-07-14,0.5804
1982-07-15,0.5809
1982-07-16,0.58
1982-07-19,0.5764
1982-07-20,0.575
1982-07-21,0.5695
1982-07-22,0.5722
1982-07-23,0.5661
1982-07-26,0.5669
1982-07-27,0.5694
1982-07-28,0.5736
1982-07-29,0.5754
1982-07-30,0.5754
1982-08-02,0.5703
1982-08-03,0.5719
1982-08-04,0.5788
1982-08-05,0.5829
1982-08-06,0.5834
1982-08-09,0.5882
1982-08-10,0.5891
1982-08-11,0.5889
1982-08-12,0.5889
1982-08-13,0.5875
1982-08-16,0.5874
1982-08-17,0.5858
1982-08-18,0.58
1982-08-19,0.5802
1982-08-20,0.5742
1982-08-23,0.5734
1982-08-24,0.5661
1982-08-25,0.568
1982-08-26,0.5682
1982-08-27,0.576
1982-08-30,0.5853
1982-08-31,0.5812
1982-09-01,0.5812
1982-09-02,0.5764
1982-09-03,0.5779
1982-09-07,0.5788
1982-09-08,0.5811
1982-09-09,0.5787
1982-09-10,0.5839
1982-09-13,0.5864
1982-09-14,0.5857
1982-09-15,0.586
1982-09-16,0.5857
1982-09-17,0.5838
1982-09-20,0.5846
1982-09-21,0.5848
1982-09-22,0.5809
1982-09-23,0.5846
1982-09-24,0.5853
1982-09-27,0.5897
1982-09-28,0.5915
1982-09-29,0.5898
1982-09-30,0.5901
1982-10-01,0.5889
1982-10-04,0.5941
1982-10-05,0.5929
1982-10-06,0.5908
1982-10-07,0.587
1982-10-08,0.5867
1982-10-12,0.58
1982-10-13,0.5853
1982-10-14,0.5862
1982-10-15,0.5869
1982-10-18,0.5855
1982-10-19,0.5858
1982-10-20,0.5892
1982-10-21,0.5897
1982-10-22,0.5889
1982-10-25,0.5951
1982-10-26,0.5931
1982-10-27,0.5935
1982-10-28,0.5959
1982-10-29,0.5963
1982-11-01,0.5944
1982-11-03,0.5954
1982-11-04,0.6001
1982-11-05,0.6015
1982-11-08,0.6059
1982-11-09,0.6023
1982-11-10,0.6015
1982-11-12,0.6054
1982-11-15,0.6129
1982-11-16,0.6171
1982-11-17,0.6244
1982-11-18,0.6238
1982-11-19,0.6175
1982-11-22,0.6274
1982-11-23,0.6261
1982-11-24,0.6268
1982-11-26,0.6279
1982-11-29,0.6226
1982-11-30,0.6127
1982-12-01,0.6141
1982-12-02,0.6111
1982-12-03,0.6094
1982-12-06,0.6173
1982-12-07,0.6127
1982-12-08,0.6146
1982-12-09,0.6203
1982-12-10,0.6211
1982-12-13,0.6223
1982-12-14,0.6186
1982-12-15,0.6196
1982-12-16,0.6173
1982-12-17,0.625
1982-12-20,0.6209
1982-12-21,0.6232
1982-12-22,0.6223
1982-12-23,0.627
1982-12-24,0.625
1982-12-27,0.6231
1982-12-28,0.6177
1982-12-29,0.6146
1982-12-30,0.6186
1982-12-31,0.618
1983-01-03,0.616
1983-01-04,0.6169
1983-01-05,0.6169
1983-01-06,0.6225
1983-01-07,0.6211
1983-01-10,0.6291
1983-01-11,0.6313
1983-01-12,0.6349
1983-01-13,0.6337
1983-01-14,0.6325
1983-01-17,0.6293
1983-01-18,0.6345
1983-01-19,0.6353
1983-01-20,0.6361
1983-01-21,0.638
1983-01-24,0.6491
1983-01-25,0.6499
1983-01-26,0.646
1983-01-27,0.6508
1983-01-28,0.651
1983-01-31,0.6578
1983-02-01,0.6564
1983-02-02,0.6607
1983-02-03,0.656
1983-02-04,0.656
1983-02-07,0.6519
1983-02-08,0.6508
1983-02-09,0.6489
1983-02-10,0.6456
1983-02-11,0.6491
1983-02-14,0.65
1983-02-15,0.6489
1983-02-16,0.6447
1983-02-17,0.6479
1983-02-18,0.6479
1983-02-22,0.6572
1983-02-23,0.6523
1983-02-24,0.6547
1983-02-25,0.6549
1983-02-28,0.6616
1983-03-01,0.6647
1983-03-02,0.6645
1983-03-03,0.6612
1983-03-04,0.6618
1983-03-07,0.6593
1983-03-08,0.6669
1983-03-09,0.6656
1983-03-10,0.6615
1983-03-11,0.6655
1983-03-14,0.6627
1983-03-15,0.6605
1983-03-16,0.6623
1983-03-17,0.6656
1983-03-18,0.6723
1983-03-21,0.68
1983-03-22,0.6789
1983-03-23,0.6859
1983-03-24,0.6841
1983-03-25,0.6849
1983-03-28,0.6875
1983-03-29,0.6876
1983-03-30,0.6819
1983-03-31,0.6745
1983-04-01,0.6766
1983-04-04,0.6718
1983-04-05,0.6639
1983-04-06,0.6592
1983-04-07,0.6651
1983-04-08,0.6645
1983-04-11,0.6552
1983-04-12,0.6483
1983-04-13,0.6508
1983-04-14,0.6493
1983-04-15,0.6457
1983-04-18,0.6406
1983-04-19,0.6454
1983-04-20,0.6485
1983-04-21,0.6462
1983-04-22,0.6481
1983-04-25,0.6378
1983-04-26,0.6369
1983-04-27,0.6378
1983-04-28,0.6414
1983-04-29,0.6421
1983-05-02,0.6367
1983-05-03,0.6336
1983-05-04,0.6334
1983-05-05,0.6337
1983-05-06,0.6333
1983-05-09,0.6378
1983-05-10,0.6392
1983-05-11,0.6378
1983-05-12,0.6377
1983-05-13,0.6384
1983-05-16,0.6408
1983-05-17,0.6435
1983-05-18,0.6416
1983-05-19,0.644
1983-05-20,0.6426
1983-05-23,0.6426
1983-05-24,0.6379
1983-05-25,0.6308
1983-05-26,0.6242
1983-05-27,0.6243
1983-05-31,0.6248
1983-06-01,0.6289
1983-06-02,0.6323
1983-06-03,0.639
1983-06-06,0.6345
1983-06-07,0.6361
1983-06-08,0.6371
1983-06-09,0.6334
1983-06-10,0.6367
1983-06-13,0.6442
1983-06-14,0.6568
1983-06-15,0.657
1983-06-16,0.6549
1983-06-17,0.6566
1983-06-20,0.6527
1983-06-21,0.6553
1983-06-22,0.6534
1983-06-23,0.6489
1983-06-24,0.647
1983-06-27,0.6504
1983-06-28,0.6525
1983-06-29,0.6546
1983-06-30,0.6523
1983-07-01,0.6532
1983-07-05,0.6542
1983-07-06,0.6496
1983-07-07,0.6498
1983-07-08,0.6487
1983-07-11,0.6519
1983-07-12,0.653
1983-07-13,0.6537
1983-07-14,0.6545
1983-07-15,0.6594
1983-07-18,0.658
1983-07-19,0.6588
1983-07-20,0.6562
1983-07-21,0.6557
1983-07-22,0.6577
1983-07-25,0.6572
1983-07-26,0.6557
1983-07-27,0.6547
1983-07-28,0.6556
1983-07-29,0.6579
1983-08-01,0.6627
1983-08-02,0.6635
1983-08-03,0.6641
1983-08-04,0.6723
1983-08-05,0.6734
1983-08-08,0.6707
1983-08-09,0.6693
1983-08-10,0.6752
1983-08-11,0.676
1983-08-12,0.675
1983-08-15,0.67
1983-08-16,0.6633
1983-08-17,0.6603
1983-08-18,0.6565
1983-08-19,0.6592
1983-08-22,0.6545
1983-08-23,0.6533
1983-08-24,0.658
1983-08-25,0.664
1983-08-26,0.6647
1983-08-29,0.6662
1983-08-30,0.6672
1983-08-31,0.6693
1983-09-01,0.6678
1983-09-02,0.6689
1983-09-06,0.6673
1983-09-07,0.6709
1983-09-08,0.6702
1983-09-09,0.6693
1983-09-12,0.6662
1983-09-13,0.6696
1983-09-14,0.6711
1983-09-15,0.668
1983-09-16,0.6658
1983-09-19,0.6627
1983-09-20,0.6631
1983-09-21,0.664
1983-09-22,0.6678
1983-09-23,0.6655
1983-09-26,0.6652
1983-09-27,0.6678
1983-09-28,0.667
1983-09-29,0.6669
1983-09-30,0.6677
1983-10-03,0.6741
1983-10-04,0.678
1983-10-05,0.6716
1983-10-06,0.671
1983-10-07,0.6627
1983-10-11,0.6631
1983-10-12,0.6649
1983-10-13,0.6669
1983-10-14,0.6669
1983-10-17,0.6664
1983-10-18,0.6664
1983-10-19,0.6665
1983-10-20,0.6676
1983-10-21,0.6659
1983-10-24,0.6678
1983-10-25,0.6668
1983-10-26,0.6676
1983-10-27,0.6693
1983-10-28,0.6689
1983-10-31,0.6688
1983-11-01,0.6732
1983-11-02,0.6724
1983-11-03,0.6725
1983-11-04,0.672
1983-11-07,0.6732
1983-11-09,0.6736
1983-11-10,0.6707
1983-11-14,0.6739
1983-11-15,0.6734
1983-11-16,0.6743
1983-11-17,0.6765
1983-11-18,0.6805
1983-11-21,0.6826
1983-11-22,0.6784
1983-11-23,0.6814
1983-11-25,0.6852
1983-11-28,0.6855
1983-11-29,0.6849
1983-11-30,0.6835
1983-12-01,0.686
1983-12-02,0.6862
1983-12-05,0.6918
1983-12-06,0.6894
1983-12-07,0.6949
1983-12-08,0.6937
1983-12-09,0.6969
1983-12-12,0.699
1983-12-13,0.706
1983-12-14,0.7067
1983-12-15,0.7035
1983-12-16,0.7067
1983-12-19,0.7051
1983-12-20,0.7047
1983-12-21,0.703
1983-12-22,0.7008
1983-12-23,0.6986
1983-12-27,0.6983
1983-12-28,0.6964
1983-12-29,0.6908
1983-12-30,0.6889
1984-01-03,0.6999
1984-01-04,0.7056
1984-01-05,0.708
1984-01-06,0.7107
1984-01-09,0.7129
1984-01-10,0.7131
1984-01-11,0.7162
1984-01-12,0.7153
1984-01-13,0.7092
1984-01-16,0.7045
1984-01-17,0.709
1984-01-18,0.7072
1984-01-19,0.7052
1984-01-20,0.714
1984-01-23,0.7123
1984-01-24,0.7148
1984-01-25,0.7139
1984-01-26,0.7112
1984-01-27,0.7125
1984-01-30,0.7105
1984-01-31,0.7137
1984-02-01,0.7092
1984-02-02,0.703
1984-02-03,0.6988
1984-02-06,0.703
1984-02-07,0.7089
1984-02-08,0.7078
1984-02-09,0.7037
1984-02-10,0.7071
1984-02-14,0.7003
1984-02-15,0.6923
1984-02-16,0.6916
1984-02-17,0.6892
1984-02-21,0.694
1984-02-22,0.6889
1984-02-23,0.6861
1984-02-24,0.6791
1984-02-27,0.6789
1984-02-28,0.6705
1984-02-29,0.6709
1984-03-01,0.6766
1984-03-02,0.6752
1984-03-05,0.6736
1984-03-06,0.6739
1984-03-07,0.6777
1984-03-08,0.6859
1984-03-09,0.6838
1984-03-12,0.6881
1984-03-13,0.6814
1984-03-14,0.6819
1984-03-15,0.6845
1984-03-16,0.692
1984-03-19,0.693
1984-03-20,0.6949
1984-03-21,0.6987
1984-03-22,0.6992
1984-03-23,0.6964
1984-03-26,0.6908
1984-03-27,0.6911
1984-03-28,0.6913
1984-03-29,0.6892
1984-03-30,0.6957
1984-04-02,0.6978
1984-04-03,0.6986
1984-04-04,0.6981
1984-04-05,0.7013
1984-04-06,0.6993
1984-04-09,0.7018
1984-04-10,0.6959
1984-04-11,0.6964
1984-04-12,0.6998
1984-04-13,0.6998
1984-04-16,0.7035
1984-04-17,0.7037
1984-04-18,0.7046
1984-04-19,0.7054
1984-04-20,0.7062
1984-04-23,0.7065
1984-04-24,0.7106
1984-04-25,0.7085
1984-04-26,0.7124
1984-04-27,0.7135
1984-04-30,0.7153
1984-05-01,0.7156
1984-05-02,0.7148
1984-05-03,0.7077
1984-05-04,0.7102
1984-05-07,0.7218
1984-05-08,0.7233
1984-05-09,0.7199
1984-05-10,0.7231
1984-05-11,0.7228
1984-05-14,0.7205
1984-05-15,0.7207
1984-05-16,0.7174
1984-05-17,0.7174
1984-05-18,0.7211
1984-05-21,0.7192
1984-05-22,0.7199
1984-05-23,0.7265
1984-05-24,0.7236
1984-05-25,0.7231
1984-05-29,0.7218
1984-05-30,0.7225
1984-05-31,0.7218
1984-06-01,0.7125
1984-06-04,0.7143
1984-06-05,0.7171
1984-06-06,0.7135
1984-06-07,0.7159
1984-06-08,0.7176
1984-06-11,0.7205
1984-06-12,0.7228
1984-06-13,0.7218
1984-06-14,0.722
1984-06-15,0.7254
1984-06-18,0.7274
1984-06-19,0.7257
1984-06-20,0.7321
1984-06-21,0.7342
1984-06-22,0.7335
1984-06-25,0.7402
1984-06-26,0.739
1984-06-27,0.7413
1984-06-28,0.7394
1984-06-29,0.7366
1984-07-02,0.7403
1984-07-03,0.7479
1984-07-05,0.7587
1984-07-06,0.7598
1984-07-09,0.7657
1984-07-10,0.7637
1984-07-11,0.7622
1984-07-12,0.7654
1984-07-13,0.7556
1984-07-16,0.7539
1984-07-17,0.759
1984-07-18,0.761
1984-07-19,0.753
1984-07-20,0.7557
1984-07-23,0.7584
1984-07-24,0.7553
1984-07-25,0.7505
1984-07-26,0.7514
1984-07-27,0.7628
1984-07-30,0.7648
1984-07-31,0.7649
1984-08-01,0.7686
1984-08-02,0.7637
1984-08-03,0.7536
1984-08-06,0.7593
1984-08-07,0.7657
1984-08-08,0.7607
1984-08-09,0.7625
1984-08-10,0.7619
1984-08-13,0.7663
1984-08-14,0.7582
1984-08-15,0.7574
1984-08-16,0.7533
1984-08-17,0.7564
1984-08-20,0.7582
1984-08-21,0.7613
1984-08-22,0.7637
1984-08-23,0.7619
1984-08-24,0.7663
1984-08-27,0.7648
1984-08-28,0.7631
1984-08-29,0.7605
1984-08-30,0.7628
1984-08-31,0.7648
1984-09-04,0.774
1984-09-05,0.7806
1984-09-06,0.7782
1984-09-07,0.7855
1984-09-10,0.7837
1984-09-11,0.7843
1984-09-12,0.7816
1984-09-13,0.789
1984-09-14,0.7899
1984-09-17,0.8052
1984-09-18,0.8117
1984-09-19,0.8084
1984-09-20,0.819
1984-09-21,0.8032
1984-09-24,0.8029
1984-09-25,0.812
1984-09-26,0.8058
1984-09-27,0.8026
1984-09-28,0.8104
1984-10-01,0.8081
1984-10-02,0.8065
1984-10-03,0.8003
1984-10-04,0.8019
1984-10-05,0.8081
1984-10-09,0.8143
1984-10-10,0.811
1984-10-11,0.8163
1984-10-12,0.8177
1984-10-15,0.8268
1984-10-16,0.8309
1984-10-17,0.8331
1984-10-18,0.8425
1984-10-19,0.8393
1984-10-22,0.834
1984-10-23,0.8275
1984-10-24,0.8183
1984-10-25,0.8147
1984-10-26,0.8183
1984-10-29,0.8275
1984-10-30,0.8247
1984-10-31,0.8207
1984-11-01,0.8097
1984-11-02,0.7994
1984-11-05,0.7883
1984-11-07,0.7862
1984-11-08,0.7876
1984-11-09,0.7933
1984-11-13,0.7865
1984-11-14,0.7933
1984-11-15,0.793
1984-11-16,0.7974
1984-11-19,0.8008
1984-11-20,0.8081
1984-11-21,0.8149
1984-11-23,0.8197
1984-11-26,0.8337
1984-11-27,0.8273
1984-11-28,0.8326
1984-11-29,0.8323
1984-11-30,0.8354
1984-12-03,0.8373
1984-12-04,0.8275
1984-12-05,0.8278
1984-12-06,0.8285
1984-12-07,0.8309
1984-12-10,0.8313
1984-12-11,0.834
1984-12-12,0.8342
1984-12-13,0.8407
1984-12-14,0.8379
1984-12-17,0.8396
1984-12-18,0.8432
1984-12-19,0.8512
1984-12-20,0.8587
1984-12-21,0.8525
1984-12-24,0.8525
1984-12-26,0.854
1984-12-27,0.8602
1984-12-28,0.8598
1984-12-31,0.8636
1985-01-02,0.8711
1985-01-03,0.8692
1985-01-04,0.8669
1985-01-07,0.876
1985-01-08,0.8715
1985-01-09,0.8764
1985-01-10,0.8818
1985-01-11,0.8893
1985-01-14,0.9001
1985-01-15,0.8933
1985-01-16,0.8953
1985-01-17,0.8939
1985-01-18,0.8933
1985-01-22,0.8901
1985-01-23,0.9009
1985-01-24,0.8945
1985-01-25,0.9009
1985-01-28,0.9001
1985-01-29,0.8978
1985-01-30,0.8881
1985-01-31,0.8846
1985-02-01,0.8897
1985-02-04,0.8977
1985-02-05,0.8999
1985-02-06,0.8981
1985-02-07,0.8961
1985-02-08,0.9017
1985-02-11,0.9116
1985-02-13,0.9195
1985-02-14,0.9158
1985-02-15,0.9074
1985-02-19,0.915
1985-02-20,0.9204
1985-02-21,0.9246
1985-02-22,0.9289
1985-02-25,0.9483
1985-02-26,0.9506
1985-02-27,0.9195
1985-02-28,0.9268
1985-03-01,0.9328
1985-03-04,0.9366
1985-03-05,0.9483
1985-03-06,0.9328
1985-03-07,0.9369
1985-03-08,0.9398
1985-03-11,0.9187
1985-03-12,0.9187
1985-03-13,0.9208
1985-03-14,0.9255
1985-03-15,0.9225
1985-03-18,0.9042
1985-03-19,0.8807
1985-03-20,0.8688
1985-03-21,0.8425
1985-03-22,0.8529
1985-03-25,0.854
1985-03-26,0.846
1985-03-27,0.8081
1985-03-28,0.815
1985-03-29,0.8091
1985-04-01,0.8187
1985-04-02,0.8299
1985-04-03,0.822
1985-04-04,0.8379
1985-04-05,0.8344
1985-04-08,0.8326
1985-04-09,0.8264
1985-04-10,0.823
1985-04-11,0.7994
1985-04-12,0.7971
1985-04-15,0.784
1985-04-16,0.7828
1985-04-17,0.7851
1985-04-18,0.7731
1985-04-19,0.7734
1985-04-22,0.7825
1985-04-23,0.7987
1985-04-24,0.813
1985-04-25,0.8309
1985-04-26,0.8224
1985-04-29,0.813
1985-04-30,0.8058
1985-05-01,0.8173
1985-05-02,0.8193
1985-05-03,0.8285
1985-05-06,0.8418
1985-05-07,0.821
1985-05-08,0.8282
1985-05-09,0.8079
1985-05-10,0.8107
1985-05-13,0.7978
1985-05-14,0.7852
1985-05-15,0.7921
1985-05-16,0.7943
1985-05-17,0.7905
1985-05-20,0.7797
1985-05-21,0.7865
1985-05-22,0.7915
1985-05-23,0.7943
1985-05-24,0.7946
1985-05-28,0.799
1985-05-29,0.7896
1985-05-30,0.7852
1985-05-31,0.7776
1985-06-03,0.7725
1985-06-04,0.7837
1985-06-05,0.7959
1985-06-06,0.7868
1985-06-07,0.7886
1985-06-10,0.7955
1985-06-11,0.7922
1985-06-12,0.7896
1985-06-13,0.7905
1985-06-14,0.7812
1985-06-17,0.7819
1985-06-18,0.7698
1985-06-19,0.7654
1985-06-20,0.7831
1985-06-21,0.777
1985-06-24,0.777
1985-06-25,0.7782
1985-06-26,0.7704
1985-06-27,0.774
1985-06-28,0.7637
1985-07-01,0.7663
1985-07-02,0.7669
1985-07-03,0.7618
1985-07-05,0.7536
1985-07-08,0.7443
1985-07-09,0.7326
1985-07-10,0.7215
1985-07-11,0.7241
1985-07-12,0.722
1985-07-15,0.7199
1985-07-16,0.721
1985-07-17,0.7086
1985-07-18,0.712
1985-07-19,0.7148
1985-07-22,0.7202
1985-07-23,0.7092
1985-07-24,0.7154
1985-07-25,0.709
1985-07-26,0.7097
1985-07-29,0.7004
1985-07-30,0.7035
1985-07-31,0.7087
1985-08-01,0.7241
1985-08-02,0.7294
1985-08-05,0.7313
1985-08-06,0.7429
1985-08-07,0.7474
1985-08-08,0.7377
1985-08-09,0.7366
1985-08-12,0.7228
1985-08-13,0.7205
1985-08-14,0.7225
1985-08-15,0.7161
1985-08-16,0.7145
1985-08-19,0.7148
1985-08-20,0.7199
1985-08-21,0.7182
1985-08-22,0.7105
1985-08-23,0.7138
1985-08-26,0.7106
1985-08-27,0.7179
1985-08-28,0.7135
1985-08-29,0.7145
1985-08-30,0.7189
1985-09-03,0.7305
1985-09-04,0.7284
1985-09-05,0.7326
1985-09-06,0.7547
1985-09-09,0.7666
1985-09-10,0.7616
1985-09-11,0.7642
1985-09-12,0.7584
1985-09-13,0.7463
1985-09-16,0.7452
1985-09-17,0.7465
1985-09-18,0.7491
1985-09-19,0.7463
1985-09-20,0.7315
1985-09-23,0.7008
1985-09-24,0.6986
1985-09-25,0.6957
1985-09-26,0.6959
1985-09-27,0.713
1985-09-30,0.71
1985-10-01,0.709
1985-10-02,0.7075
1985-10-03,0.7018
1985-10-04,0.7065
1985-10-07,0.708
1985-10-08,0.7077
1985-10-09,0.7072
1985-10-10,0.7087
1985-10-11,0.7085
1985-10-15,0.7078
1985-10-16,0.7105
1985-10-17,0.7072
1985-10-18,0.7003
1985-10-21,0.6976
1985-10-22,0.6991
1985-10-23,0.6976
1985-10-24,0.7037
1985-10-25,0.7032
1985-10-28,0.7005
1985-10-29,0.6968
1985-10-30,0.694
1985-10-31,0.6942
1985-11-01,0.694
1985-11-04,0.6942
1985-11-05,0.6981
1985-11-06,0.6967
1985-11-07,0.706
1985-11-08,0.7059
1985-11-12,0.7087
1985-11-13,0.7025
1985-11-14,0.7006
1985-11-15,0.7034
1985-11-18,0.7015
1985-11-19,0.6971
1985-11-20,0.6974
1985-11-21,0.6937
1985-11-22,0.6873
1985-11-25,0.6836
1985-11-26,0.68
1985-11-27,0.6785
1985-11-29,0.6716
1985-12-02,0.6723
1985-12-03,0.6761
1985-12-04,0.6729
1985-12-05,0.6759
1985-12-06,0.6764
1985-12-09,0.6861
1985-12-10,0.6969
1985-12-11,0.7067
1985-12-12,0.6947
1985-12-13,0.6961
1985-12-16,0.6957
1985-12-17,0.6959
1985-12-18,0.7045
1985-12-19,0.7037
1985-12-20,0.7018
1985-12-23,0.6998
1985-12-24,0.7008
1985-12-26,0.6998
1985-12-27,0.6964
1985-12-30,0.6949
1985-12-31,0.692
1986-01-02,0.6894
1986-01-03,0.6954
1986-01-06,0.6966
1986-01-07,0.6947
1986-01-08,0.6929
1986-01-09,0.6897
1986-01-10,0.6875
1986-01-13,0.6935
1986-01-14,0.6945
1986-01-15,0.6935
1986-01-16,0.6954
1986-01-17,0.696
1986-01-21,0.7105
1986-01-22,0.7172
1986-01-23,0.7228
1986-01-24,0.7174
1986-01-27,0.7186
1986-01-28,0.7102
1986-01-29,0.713
1986-01-30,0.7097
1986-01-31,0.7082
1986-02-03,0.7215
1986-02-04,0.7262
1986-02-05,0.7192
1986-02-06,0.7156
1986-02-07,0.7148
1986-02-10,0.71
1986-02-11,0.7082
1986-02-12,0.7095
1986-02-13,0.7055
1986-02-14,0.7051
1986-02-18,0.7001
1986-02-19,0.6897
1986-02-20,0.6889
1986-02-21,0.6913
1986-02-24,0.6835
1986-02-25,0.6702
1986-02-26,0.6716
1986-02-27,0.675
1986-02-28,0.6916
1986-03-03,0.6937
1986-03-04,0.6835
1986-03-05,0.6892
1986-03-06,0.6861
1986-03-07,0.6885
1986-03-10,0.693
1986-03-11,0.687
1986-03-12,0.6817
1986-03-13,0.6853
1986-03-14,0.6845
1986-03-17,0.6831
1986-03-18,0.6772
1986-03-19,0.6761
1986-03-20,0.6723
1986-03-21,0.666
1986-03-24,0.6723
1986-03-25,0.6841
1986-03-26,0.678
1986-03-27,0.674
1986-03-28,0.6784
1986-03-31,0.6787
1986-04-01,0.6798
1986-04-02,0.6828
1986-04-03,0.6852
1986-04-04,0.6892
1986-04-07,0.687
1986-04-08,0.6847
1986-04-09,0.6845
1986-04-10,0.6842
1986-04-11,0.6775
1986-04-14,0.6747
1986-04-15,0.6757
1986-04-16,0.6638
1986-04-17,0.6542
1986-04-18,0.6588
1986-04-21,0.6617
1986-04-22,0.6572
1986-04-23,0.6564
1986-04-24,0.652
1986-04-25,0.6477
1986-04-28,0.6431
1986-04-29,0.6443
1986-04-30,0.6447
1986-05-01,0.6539
1986-05-02,0.657
1986-05-05,0.6489
1986-05-06,0.6519
1986-05-07,0.6487
1986-05-08,0.6481
1986-05-09,0.6483
1986-05-12,0.6468
1986-05-13,0.6516
1986-05-14,0.6496
1986-05-15,0.6515
1986-05-16,0.6555
1986-05-19,0.6589
1986-05-20,0.6587
1986-05-21,0.6594
1986-05-22,0.6699
1986-05-23,0.6693
1986-05-27,0.6642
1986-05-28,0.6658
1986-05-29,0.6707
1986-05-30,0.6792
1986-06-02,0.6784
1986-06-03,0.6698
1986-06-04,0.6741
1986-06-05,0.6687
1986-06-06,0.6647
1986-06-09,0.6676
1986-06-10,0.6594
1986-06-11,0.6549
1986-06-12,0.6566
1986-06-13,0.6564
1986-06-16,0.6566
1986-06-17,0.666
1986-06-18,0.6667
1986-06-19,0.6651
1986-06-20,0.6671
1986-06-23,0.6669
1986-06-24,0.6594
1986-06-25,0.6594
1986-06-26,0.6581
1986-06-27,0.654
1986-06-30,0.6527
1986-07-01,0.6454
1986-07-02,0.6506
1986-07-03,0.647
1986-07-07,0.6518
1986-07-08,0.6532
1986-07-09,0.6562
1986-07-10,0.6598
1986-07-11,0.6649
1986-07-14,0.6754
1986-07-15,0.6693
1986-07-16,0.6605
1986-07-17,0.6601
1986-07-18,0.6647
1986-07-21,0.6671
1986-07-22,0.6711
1986-07-23,0.6702
1986-07-24,0.6696
1986-07-25,0.6745
1986-07-28,0.6754
1986-07-29,0.672
1986-07-30,0.6714
1986-07-31,0.6705
1986-08-01,0.6734
1986-08-04,0.6803
1986-08-05,0.6734
1986-08-06,0.6761
1986-08-07,0.6773
1986-08-08,0.6789
1986-08-11,0.6731
1986-08-12,0.6736
1986-08-13,0.6729
1986-08-14,0.6698
1986-08-15,0.6693
1986-08-18,0.6698
1986-08-19,0.666
1986-08-20,0.6649
1986-08-21,0.6675
1986-08-22,0.6727
1986-08-25,0.6767
1986-08-26,0.6741
1986-08-27,0.6739
1986-08-28,0.6754
1986-08-29,0.672
1986-09-02,0.6715
1986-09-03,0.6669
1986-09-04,0.6649
1986-09-05,0.6689
1986-09-08,0.6727
1986-09-09,0.6739
1986-09-10,0.675
1986-09-11,0.6805
1986-09-12,0.6775
1986-09-15,0.6753
1986-09-16,0.6777
1986-09-17,0.678
1986-09-18,0.6793
1986-09-19,0.6777
1986-09-22,0.6868
1986-09-23,0.6903
1986-09-24,0.6913
1986-09-25,0.6971
1986-09-26,0.6961
1986-09-29,0.6978
1986-09-30,0.6912
1986-10-01,0.6925
1986-10-02,0.6974
1986-10-03,0.6932
1986-10-06,0.6952
1986-10-07,0.6983
1986-10-08,0.7041
1986-10-09,0.7035
1986-10-10,0.6976
1986-10-14,0.6959
1986-10-15,0.6947
1986-10-16,0.6957
1986-10-17,0.6986
1986-10-20,0.6994
1986-10-21,0.6964
1986-10-22,0.6988
1986-10-23,0.7022
1986-10-24,0.708
1986-10-27,0.711
1986-10-28,0.7065
1986-10-29,0.7085
1986-10-30,0.7157
1986-10-31,0.7115
1986-11-03,0.7086
1986-11-04,0.7068
1986-11-05,0.7027
1986-11-06,0.6988
1986-11-07,0.7014
1986-11-10,0.6967
1986-11-12,0.701
1986-11-13,0.702
1986-11-14,0.6992
1986-11-17,0.7003
1986-11-18,0.703
1986-11-19,0.7052
1986-11-20,0.7089
1986-11-21,0.7027
1986-11-24,0.706
1986-11-25,0.7031
1986-11-26,0.6986
1986-11-28,0.6976
1986-12-01,0.6957
1986-12-02,0.6972
1986-12-03,0.6983
1986-12-04,0.6998
1986-12-05,0.7
1986-12-08,0.7045
1986-12-09,0.7025
1986-12-10,0.7017
1986-12-11,0.7027
1986-12-12,0.7006
1986-12-15,0.6983
1986-12-16,0.6995
1986-12-17,0.6994
1986-12-18,0.699
1986-12-19,0.6981
1986-12-22,0.6937
1986-12-23,0.6885
1986-12-24,0.6856
1986-12-26,0.6859
1986-12-29,0.6811
1986-12-30,0.681
1986-12-31,0.6745
1987-01-02,0.6711
1987-01-05,0.679
1987-01-06,0.6774
1987-01-07,0.68
1987-01-08,0.678
1987-01-09,0.6766
1987-01-12,0.6703
1987-01-13,0.671
1987-01-14,0.6642
1987-01-15,0.6648
1987-01-16,0.6598
1987-01-20,0.6579
1987-01-21,0.6592
1987-01-22,0.6527
1987-01-23,0.6577
1987-01-26,0.6549
1987-01-27,0.6512
1987-01-28,0.651
1987-01-29,0.6507
1987-01-30,0.6605
1987-02-02,0.6561
1987-02-03,0.6547
1987-02-04,0.6567
1987-02-05,0.6601
1987-02-06,0.6638
1987-02-09,0.6583
1987-02-10,0.6515
1987-02-11,0.6566
1987-02-12,0.6583
1987-02-13,0.6579
1987-02-17,0.6534
1987-02-18,0.6531
1987-02-19,0.6553
1987-02-20,0.6543
1987-02-23,0.6485
1987-02-24,0.6496
1987-02-25,0.6506
1987-02-26,0.6496
1987-02-27,0.6468
1987-03-02,0.6395
1987-03-03,0.641
1987-03-04,0.6393
1987-03-05,0.6338
1987-03-06,0.6293
1987-03-09,0.6297
1987-03-10,0.6312
1987-03-11,0.6285
1987-03-12,0.6295
1987-03-13,0.6349
1987-03-16,0.6317
1987-03-17,0.626
1987-03-18,0.6227
1987-03-19,0.6237
1987-03-20,0.6241
1987-03-23,0.6184
1987-03-24,0.6211
1987-03-25,0.6227
1987-03-26,0.6227
1987-03-27,0.6238
1987-03-30,0.6221
1987-03-31,0.6223
1987-04-01,0.6242
1987-04-02,0.6223
1987-04-03,0.6213
1987-04-06,0.6184
1987-04-07,0.6179
1987-04-08,0.62
1987-04-09,0.6182
1987-04-10,0.6154
1987-04-13,0.616
1987-04-14,0.6124
1987-04-15,0.6124
1987-04-16,0.6131
1987-04-17,0.6135
1987-04-20,0.6129
1987-04-21,0.6123
1987-04-22,0.6144
1987-04-23,0.6109
1987-04-24,0.6035
1987-04-27,0.5997
1987-04-28,0.6044
1987-04-29,0.6025
1987-04-30,0.6022
1987-05-01,0.5993
1987-05-04,0.5952
1987-05-05,0.5922
1987-05-06,0.5937
1987-05-07,0.5956
1987-05-08,0.5972
1987-05-11,0.6031
1987-05-12,0.5991
1987-05-13,0.5983
1987-05-14,0.596
1987-05-15,0.5958
1987-05-18,0.5939
1987-05-19,0.5944
1987-05-20,0.5942
1987-05-21,0.5956
1987-05-22,0.5977
1987-05-26,0.612
1987-05-27,0.62
1987-05-28,0.6152
1987-05-29,0.6137
1987-06-01,0.6157
1987-06-02,0.6085
1987-06-03,0.6086
1987-06-04,0.6161
1987-06-05,0.6131
1987-06-08,0.6103
1987-06-09,0.602
1987-06-10,0.603
1987-06-11,0.6019
1987-06-12,0.6053
1987-06-15,0.6127
1987-06-16,0.612
1987-06-17,0.6119
1987-06-18,0.6136
1987-06-19,0.6188
1987-06-22,0.627
1987-06-23,0.6254
1987-06-24,0.6165
1987-06-25,0.6203
1987-06-26,0.6209
1987-06-29,0.6247
1987-06-30,0.62
1987-07-01,0.619
1987-07-02,0.619
1987-07-03,0.6211
1987-07-06,0.6179
1987-07-07,0.6173
1987-07-08,0.6181
1987-07-09,0.6182
1987-07-10,0.6198
1987-07-13,0.6182
1987-07-14,0.6208
1987-07-15,0.6129
1987-07-16,0.6133
1987-07-17,0.6221
1987-07-20,0.6243
1987-07-21,0.6268
1987-07-22,0.627
1987-07-23,0.6236
1987-07-24,0.6238
1987-07-27,0.626
1987-07-28,0.6256
1987-07-29,0.625
1987-07-30,0.6274
1987-07-31,0.6285
1987-08-03,0.6315
1987-08-04,0.6369
1987-08-05,0.6336
1987-08-06,0.6345
1987-08-07,0.6383
1987-08-10,0.6383
1987-08-11,0.6371
1987-08-12,0.6333
1987-08-13,0.633
1987-08-14,0.6293
1987-08-17,0.6286
1987-08-18,0.6184
1987-08-19,0.6192
1987-08-20,0.6165
1987-08-21,0.6139
1987-08-24,0.6135
1987-08-25,0.618
1987-08-26,0.6186
1987-08-27,0.6139
1987-08-28,0.6126
1987-08-31,0.6124
1987-09-01,0.6097
1987-09-02,0.6062
1987-09-03,0.6035
1987-09-04,0.6047
1987-09-08,0.6026
1987-09-09,0.6057
1987-09-10,0.608
1987-09-11,0.6061
1987-09-14,0.6109
1987-09-15,0.6089
1987-09-16,0.6078
1987-09-17,0.6075
1987-09-18,0.6041
1987-09-21,0.6069
1987-09-22,0.6094
1987-09-23,0.6089
1987-09-24,0.6109
1987-09-25,0.6091
1987-09-28,0.609
1987-09-29,0.6143
1987-09-30,0.6155
1987-10-01,0.6186
1987-10-02,0.6168
1987-10-05,0.6158
1987-10-06,0.6127
1987-10-07,0.6096
1987-10-08,0.6088
1987-10-09,0.6058
1987-10-13,0.6072
1987-10-14,0.605
1987-10-15,0.601
1987-10-16,0.6008
1987-10-19,0.5952
1987-10-20,0.6044
1987-10-21,0.6055
1987-10-22,0.6062
1987-10-23,0.597
1987-10-26,0.5924
1987-10-27,0.5894
1987-10-28,0.5848
1987-10-29,0.5817
1987-10-30,0.5809
1987-11-02,0.575
1987-11-03,0.5747
1987-11-04,0.572
1987-11-05,0.5609
1987-11-06,0.561
1987-11-09,0.5577
1987-11-10,0.5598
1987-11-12,0.569
1987-11-13,0.5656
1987-11-16,0.5714
1987-11-17,0.5669
1987-11-18,0.565
1987-11-19,0.5617
1987-11-20,0.5621
1987-11-23,0.5585
1987-11-24,0.5642
1987-11-25,0.5579
1987-11-27,0.5523
1987-11-30,0.5478
1987-12-01,0.5501
1987-12-02,0.5519
1987-12-03,0.5536
1987-12-04,0.5562
1987-12-07,0.5574
1987-12-08,0.5567
1987-12-09,0.5549
1987-12-10,0.5464
1987-12-11,0.5441
1987-12-14,0.5444
1987-12-15,0.546
1987-12-16,0.546
1987-12-17,0.5448
1987-12-18,0.5477
1987-12-21,0.5473
1987-12-22,0.5463
1987-12-23,0.5485
1987-12-24,0.546
1987-12-28,0.5376
1987-12-29,0.5373
1987-12-30,0.5382
1987-12-31,0.5302
1988-01-04,0.5327
1988-01-05,0.5463
1988-01-06,0.5537
1988-01-07,0.5507
1988-01-08,0.5537
1988-01-11,0.5489
1988-01-12,0.5491
1988-01-13,0.5479
1988-01-14,0.5517
1988-01-15,0.5632
1988-01-19,0.5623
1988-01-20,0.5579
1988-01-21,0.5568
1988-01-22,0.5611
1988-01-25,0.5643
1988-01-26,0.5637
1988-01-27,0.5619
1988-01-28,0.5612
1988-01-29,0.5653
1988-02-01,0.5688
1988-02-02,0.565
1988-02-03,0.5659
1988-02-04,0.5673
1988-02-05,0.5698
1988-02-08,0.5701
1988-02-09,0.5727
1988-02-10,0.5679
1988-02-11,0.5687
1988-02-12,0.5749
1988-02-16,0.5722
1988-02-17,0.5721
1988-02-18,0.5736
1988-02-19,0.5718
1988-02-22,0.5669
1988-02-23,0.5662
1988-02-24,0.5669
1988-02-25,0.5671
1988-02-26,0.564
1988-02-29,0.5639
1988-03-01,0.5626
1988-03-02,0.5648
1988-03-03,0.5656
1988-03-04,0.5637
1988-03-07,0.5501
1988-03-08,0.543
1988-03-09,0.5413
1988-03-10,0.5428
1988-03-11,0.5398
1988-03-14,0.5397
1988-03-15,0.5393
1988-03-16,0.5413
1988-03-17,0.5457
1988-03-18,0.5493
1988-03-21,0.5476
1988-03-22,0.5466
1988-03-23,0.545
1988-03-24,0.5426
1988-03-25,0.5447
1988-03-28,0.538
1988-03-29,0.5353
1988-03-30,0.5328
1988-03-31,0.5301
1988-04-01,0.5291
1988-04-04,0.5297
1988-04-05,0.5322
1988-04-06,0.5333
1988-04-07,0.5345
1988-04-08,0.5333
1988-04-11,0.5393
1988-04-12,0.5404
1988-04-13,0.5438
1988-04-14,0.5332
1988-04-15,0.5295
1988-04-18,0.5249
1988-04-19,0.5284
1988-04-20,0.5283
1988-04-21,0.5269
1988-04-22,0.5294
1988-04-25,0.5334
1988-04-26,0.5333
1988-04-27,0.5328
1988-04-28,0.5336
1988-04-29,0.5323
1988-05-02,0.5343
1988-05-03,0.5344
1988-05-04,0.5363
1988-05-05,0.5358
1988-05-06,0.5371
1988-05-09,0.532
1988-05-10,0.5315
1988-05-11,0.5302
1988-05-12,0.5306
1988-05-13,0.5288
1988-05-16,0.5294
1988-05-17,0.5365
1988-05-18,0.5365
1988-05-19,0.5357
1988-05-20,0.5371
1988-05-23,0.535
1988-05-24,0.5356
1988-05-25,0.5368
1988-05-26,0.5369
1988-05-27,0.5389
1988-05-31,0.544
1988-06-01,0.5484
1988-06-02,0.5557
1988-06-03,0.5574
1988-06-06,0.555
1988-06-07,0.5521
1988-06-08,0.5503
1988-06-09,0.5511
1988-06-10,0.5504
1988-06-13,0.5505
1988-06-14,0.5602
1988-06-15,0.5599
1988-06-16,0.5599
1988-06-17,0.561
1988-06-20,0.5604
1988-06-21,0.5601
1988-06-22,0.5657
1988-06-23,0.5693
1988-06-24,0.5797
1988-06-27,0.5872
1988-06-28,0.5821
1988-06-29,0.5861
1988-06-30,0.5853
1988-07-01,0.5879
1988-07-05,0.5858
1988-07-06,0.5843
1988-07-07,0.5823
1988-07-08,0.5877
1988-07-11,0.5921
1988-07-12,0.5898
1988-07-13,0.5911
1988-07-14,0.5921
1988-07-15,0.6013
1988-07-18,0.5988
1988-07-19,0.5905
1988-07-20,0.585
1988-07-21,0.5792
1988-07-22,0.5747
1988-07-25,0.5797
1988-07-26,0.5837
1988-07-27,0.5794
1988-07-28,0.5807
1988-07-29,0.5848
1988-08-01,0.5838
1988-08-02,0.5848
1988-08-03,0.5846
1988-08-04,0.5851
1988-08-05,0.5907
1988-08-08,0.5893
1988-08-09,0.593
1988-08-10,0.5915
1988-08-11,0.5914
1988-08-12,0.5829
1988-08-15,0.5835
1988-08-16,0.5817
1988-08-17,0.5918
1988-08-18,0.5888
1988-08-19,0.5874
1988-08-22,0.5966
1988-08-23,0.5956
1988-08-24,0.5958
1988-08-25,0.5886
1988-08-26,0.5914
1988-08-29,0.5935
1988-08-30,0.5917
1988-08-31,0.5944
1988-09-01,0.5992
1988-09-02,0.5942
1988-09-06,0.5871
1988-09-07,0.5855
1988-09-08,0.5893
1988-09-09,0.5893
1988-09-12,0.5897
1988-09-13,0.5896
1988-09-14,0.5972
1988-09-15,0.5952
1988-09-16,0.5969
1988-09-19,0.5957
1988-09-20,0.5929
1988-09-21,0.597
1988-09-22,0.5997
1988-09-23,0.5983
1988-09-26,0.6001
1988-09-27,0.5957
1988-09-28,0.5928
1988-09-29,0.5945
1988-09-30,0.5914
1988-10-03,0.5888
1988-10-04,0.5901
1988-10-05,0.5898
1988-10-06,0.5903
1988-10-07,0.5889
1988-10-11,0.5828
1988-10-12,0.5777
1988-10-13,0.5729
1988-10-14,0.5696
1988-10-17,0.5721
1988-10-18,0.5708
1988-10-19,0.5713
1988-10-20,0.5672
1988-10-21,0.5675
1988-10-24,0.5709
1988-10-25,0.5703
1988-10-26,0.5679
1988-10-27,0.5656
1988-10-28,0.5656
1988-10-31,0.5653
1988-11-01,0.566
1988-11-02,0.5627
1988-11-03,0.5612
1988-11-04,0.5666
1988-11-07,0.5634
1988-11-08,0.5649
1988-11-09,0.5584
1988-11-10,0.5569
1988-11-14,0.5531
1988-11-15,0.5534
1988-11-16,0.5488
1988-11-17,0.5491
1988-11-18,0.5507
1988-11-21,0.5484
1988-11-22,0.5459
1988-11-23,0.5444
1988-11-25,0.5423
1988-11-28,0.5444
1988-11-29,0.5401
1988-11-30,0.5407
1988-12-01,0.5398
1988-12-02,0.5388
1988-12-05,0.5348
1988-12-06,0.5361
1988-12-07,0.5432
1988-12-08,0.5405
1988-12-09,0.5408
1988-12-12,0.5429
1988-12-13,0.547
1988-12-14,0.5466
1988-12-15,0.5471
1988-12-16,0.5522
1988-12-19,0.5487
1988-12-20,0.5551
1988-12-21,0.5534
1988-12-22,0.5562
1988-12-23,0.5556
1988-12-27,0.5543
1988-12-28,0.559
1988-12-29,0.5588
1988-12-30,0.5529
1989-01-03,0.5487
1989-01-04,0.5534
1989-01-05,0.5565
1989-01-06,0.5618
1989-01-09,0.567
1989-01-10,0.567
1989-01-11,0.5615
1989-01-12,0.5605
1989-01-13,0.5622
1989-01-17,0.5656
1989-01-18,0.57
1989-01-19,0.5714
1989-01-20,0.5655
1989-01-23,0.5637
1989-01-24,0.5657
1989-01-25,0.5647
1989-01-26,0.5639
1989-01-27,0.5688
1989-01-30,0.5676
1989-01-31,0.5714
1989-02-01,0.5703
1989-02-02,0.5712
1989-02-03,0.5742
1989-02-06,0.5771
1989-02-07,0.5739
1989-02-08,0.5736
1989-02-09,0.5699
1989-02-10,0.57
1989-02-13,0.5716
1989-02-14,0.5655
1989-02-15,0.5639
1989-02-16,0.5647
1989-02-17,0.5631
1989-02-21,0.5714
1989-02-22,0.5713
1989-02-23,0.5682
1989-02-24,0.5705
1989-02-27,0.5731
1989-02-28,0.5734
1989-03-01,0.58
1989-03-02,0.5801
1989-03-03,0.5804
1989-03-06,0.5807
1989-03-07,0.5808
1989-03-08,0.5815
1989-03-09,0.5822
1989-03-10,0.5829
1989-03-13,0.5843
1989-03-14,0.579
1989-03-15,0.5817
1989-03-16,0.5821
1989-03-17,0.5838
1989-03-20,0.5847
1989-03-21,0.5814
1989-03-22,0.5805
1989-03-23,0.5808
1989-03-24,0.5817
1989-03-27,0.5848
1989-03-28,0.5924
1989-03-29,0.5922
1989-03-30,0.5926
1989-03-31,0.5934
1989-04-03,0.5931
1989-04-04,0.5859
1989-04-05,0.5883
1989-04-06,0.5869
1989-04-07,0.5893
1989-04-10,0.5891
1989-04-11,0.5921
1989-04-12,0.5915
1989-04-13,0.5891
1989-04-14,0.5887
1989-04-17,0.5828
1989-04-18,0.5821
1989-04-19,0.5848
1989-04-20,0.5824
1989-04-21,0.5834
1989-04-24,0.5865
1989-04-25,0.5879
1989-04-26,0.5922
1989-04-27,0.5915
1989-04-28,0.5921
1989-05-01,0.5952
1989-05-02,0.5935
1989-05-03,0.5942
1989-05-04,0.5941
1989-05-05,0.5977
1989-05-08,0.5991
1989-05-09,0.6022
1989-05-10,0.5983
1989-05-11,0.5999
1989-05-12,0.6027
1989-05-15,0.61
1989-05-16,0.61
1989-05-17,0.6202
1989-05-18,0.6182
1989-05-19,0.6177
1989-05-22,0.6327
1989-05-23,0.6378
1989-05-24,0.6371
1989-05-25,0.6328
1989-05-26,0.6297
1989-05-30,0.6418
1989-05-31,0.6363
1989-06-01,0.6357
1989-06-02,0.6281
1989-06-05,0.6326
1989-06-06,0.6365
1989-06-07,0.6323
1989-06-08,0.6357
1989-06-09,0.6435
1989-06-12,0.6557
1989-06-13,0.6598
1989-06-14,0.6603
1989-06-15,0.6581
1989-06-16,0.6519
1989-06-19,0.646
1989-06-20,0.6454
1989-06-21,0.6464
1989-06-22,0.6439
1989-06-23,0.6382
1989-06-26,0.6473
1989-06-27,0.6386
1989-06-28,0.6429
1989-06-29,0.6443
1989-06-30,0.6456
1989-07-03,0.634
1989-07-05,0.6177
1989-07-06,0.6167
1989-07-07,0.616
1989-07-10,0.6096
1989-07-11,0.6148
1989-07-12,0.6154
1989-07-13,0.616
1989-07-14,0.6202
1989-07-17,0.6197
1989-07-18,0.6154
1989-07-19,0.6177
1989-07-20,0.6148
1989-07-21,0.6173
1989-07-24,0.6183
1989-07-25,0.6151
1989-07-26,0.6062
1989-07-27,0.6025
1989-07-28,0.6081
1989-07-31,0.6002
1989-08-01,0.6044
1989-08-02,0.6014
1989-08-03,0.6092
1989-08-04,0.6194
1989-08-07,0.6222
1989-08-08,0.6152
1989-08-09,0.6182
1989-08-10,0.6144
1989-08-11,0.6309
1989-08-14,0.6315
1989-08-15,0.6359
1989-08-16,0.6335
1989-08-17,0.6414
1989-08-18,0.6376
1989-08-21,0.6337
1989-08-22,0.6311
1989-08-23,0.6367
1989-08-24,0.6371
1989-08-25,0.6361
1989-08-28,0.6384
1989-08-29,0.6315
1989-08-30,0.632
1989-08-31,0.6357
1989-09-01,0.6423
1989-09-05,0.6504
1989-09-06,0.6439
1989-09-07,0.6468
1989-09-08,0.646
1989-09-11,0.6468
1989-09-12,0.6464
1989-09-13,0.6439
1989-09-14,0.6412
1989-09-15,0.6502
1989-09-18,0.6376
1989-09-19,0.6355
1989-09-20,0.6323
1989-09-21,0.6327
1989-09-22,0.6347
1989-09-25,0.6219
1989-09-26,0.6167
1989-09-27,0.62
1989-09-28,0.622
1989-09-29,0.6194
1989-10-02,0.6181
1989-10-03,0.6229
1989-10-04,0.6234
1989-10-05,0.6211
1989-10-06,0.624
1989-10-10,0.6421
1989-10-11,0.6475
1989-10-12,0.6445
1989-10-13,0.6394
1989-10-16,0.6351
1989-10-17,0.6323
1989-10-18,0.6298
1989-10-19,0.6274
1989-10-20,0.6289
1989-10-23,0.6275
1989-10-24,0.6227
1989-10-25,0.6216
1989-10-26,0.6203
1989-10-27,0.6349
1989-10-30,0.6336
1989-10-31,0.6339
1989-11-01,0.6322
1989-11-02,0.6394
1989-11-03,0.6367
1989-11-06,0.6335
1989-11-07,0.6324
1989-11-08,0.6303
1989-11-09,0.6304
1989-11-10,0.6344
1989-11-13,0.6329
1989-11-14,0.6323
1989-11-15,0.6323
1989-11-16,0.6341
1989-11-17,0.638
1989-11-20,0.6414
1989-11-21,0.6382
1989-11-22,0.639
1989-11-24,0.6402
1989-11-27,0.641
1989-11-28,0.6402
1989-11-29,0.6384
1989-11-30,0.6371
1989-12-01,0.6386
1989-12-04,0.6396
1989-12-05,0.6367
1989-12-06,0.6343
1989-12-07,0.6349
1989-12-08,0.6352
1989-12-11,0.6292
1989-12-12,0.6238
1989-12-13,0.6272
1989-12-14,0.626
1989-12-15,0.6232
1989-12-18,0.6243
1989-12-19,0.625
1989-12-20,0.6238
1989-12-21,0.6202
1989-12-22,0.6169
1989-12-26,0.6152
1989-12-27,0.6156
1989-12-28,0.6198
1989-12-29,0.6194
1990-01-02,0.6207
1990-01-03,0.6211
1990-01-04,0.6138
1990-01-05,0.6109
1990-01-08,0.605
1990-01-09,0.6047
1990-01-10,0.6017
1990-01-11,0.6036
1990-01-12,0.599
1990-01-16,0.6035
1990-01-17,0.6062
1990-01-18,0.6081
1990-01-19,0.6073
1990-01-22,0.6101
1990-01-23,0.6064
1990-01-24,0.6042
1990-01-25,0.6034
1990-01-26,0.6035
1990-01-29,0.5959
1990-01-30,0.5946
1990-01-31,0.5955
1990-02-01,0.5947
1990-02-02,0.5946
1990-02-05,0.59
1990-02-06,0.5875
1990-02-07,0.5886
1990-02-08,0.5928
1990-02-09,0.5908
1990-02-12,0.59
1990-02-13,0.5915
1990-02-14,0.5896
1990-02-15,0.5907
1990-02-16,0.5898
1990-02-20,0.5869
1990-02-21,0.5831
1990-02-22,0.5832
1990-02-23,0.5848
1990-02-26,0.5907
1990-02-27,0.591
1990-02-28,0.592
1990-03-01,0.6006
1990-03-02,0.6057
1990-03-05,0.6102
1990-03-06,0.6064
1990-03-07,0.6101
1990-03-08,0.6088
1990-03-09,0.618
1990-03-12,0.621
1990-03-13,0.6249
1990-03-14,0.6215
1990-03-15,0.6182
1990-03-16,0.616
1990-03-19,0.621
1990-03-20,0.6209
1990-03-21,0.6272
1990-03-22,0.6246
1990-03-23,0.6234
1990-03-26,0.618
1990-03-27,0.615
1990-03-28,0.6144
1990-03-29,0.612
1990-03-30,0.6068
1990-04-02,0.6129
1990-04-03,0.6114
1990-04-04,0.6092
1990-04-05,0.6092
1990-04-06,0.6103
1990-04-09,0.6103
1990-04-10,0.6119
1990-04-11,0.6088
1990-04-12,0.609
1990-04-13,0.6103
1990-04-16,0.6131
1990-04-17,0.6121
1990-04-18,0.6105
1990-04-19,0.6085
1990-04-20,0.6115
1990-04-23,0.6114
1990-04-24,0.612
1990-04-25,0.6109
1990-04-26,0.6122
1990-04-27,0.6112
1990-04-30,0.6102
1990-05-01,0.6096
1990-05-02,0.6086
1990-05-03,0.6089
1990-05-04,0.6024
1990-05-07,0.5995
1990-05-08,0.599
1990-05-09,0.5959
1990-05-10,0.5966
1990-05-11,0.5948
1990-05-14,0.5938
1990-05-15,0.5963
1990-05-16,0.5952
1990-05-17,0.5911
1990-05-18,0.5914
1990-05-21,0.5913
1990-05-22,0.5912
1990-05-23,0.5903
1990-05-24,0.5919
1990-05-25,0.592
1990-05-29,0.5901
1990-05-30,0.5907
1990-05-31,0.5965
1990-06-01,0.5939
1990-06-04,0.597
1990-06-05,0.5942
1990-06-06,0.5923
1990-06-07,0.5923
1990-06-08,0.5935
1990-06-11,0.5932
1990-06-12,0.5874
1990-06-13,0.5858
1990-06-14,0.5864
1990-06-15,0.5863
1990-06-18,0.5838
1990-06-19,0.5812
1990-06-20,0.5804
1990-06-21,0.5797
1990-06-22,0.577
1990-06-25,0.5779
1990-06-26,0.5762
1990-06-27,0.5738
1990-06-28,0.5749
1990-06-29,0.5731
1990-07-02,0.5671
1990-07-03,0.562
1990-07-05,0.5616
1990-07-06,0.5598
1990-07-09,0.5538
1990-07-10,0.551
1990-07-11,0.5562
1990-07-12,0.556
1990-07-13,0.5537
1990-07-16,0.5543
1990-07-17,0.5521
1990-07-18,0.5493
1990-07-19,0.5511
1990-07-20,0.5512
1990-07-23,0.5493
1990-07-24,0.548
1990-07-25,0.5519
1990-07-26,0.5514
1990-07-27,0.5454
1990-07-30,0.5424
1990-07-31,0.5376
1990-08-01,0.5391
1990-08-02,0.5408
1990-08-03,0.5386
1990-08-06,0.5342
1990-08-07,0.5328
1990-08-08,0.536
1990-08-09,0.5343
1990-08-10,0.5344
1990-08-13,0.5308
1990-08-14,0.5284
1990-08-15,0.5264
1990-08-16,0.5269
1990-08-17,0.5211
1990-08-20,0.5209
1990-08-21,0.5206
1990-08-22,0.5188
1990-08-23,0.5124
1990-08-24,0.5141
1990-08-27,0.5143
1990-08-28,0.5133
1990-08-29,0.5137
1990-08-30,0.5202
1990-08-31,0.5285
1990-09-04,0.5331
1990-09-05,0.5266
1990-09-06,0.5241
1990-09-07,0.528
1990-09-10,0.5389
1990-09-11,0.541
1990-09-12,0.5365
1990-09-13,0.5329
1990-09-14,0.5267
1990-09-17,0.5256
1990-09-18,0.5214
1990-09-19,0.5306
1990-09-20,0.5352
1990-09-21,0.5417
1990-09-24,0.5308
1990-09-25,0.5328
1990-09-26,0.5365
1990-09-27,0.5345
1990-09-28,0.5338
1990-10-01,0.5294
1990-10-02,0.5295
1990-10-03,0.5269
1990-10-04,0.5231
1990-10-05,0.5137
1990-10-09,0.5076
1990-10-10,0.5083
1990-10-11,0.5092
1990-10-12,0.5068
1990-10-15,0.5119
1990-10-16,0.511
1990-10-17,0.5089
1990-10-18,0.5119
1990-10-19,0.5103
1990-10-22,0.5133
1990-10-23,0.5138
1990-10-24,0.5111
1990-10-25,0.5118
1990-10-26,0.5112
1990-10-29,0.512
1990-10-30,0.5135
1990-10-31,0.5144
1990-11-01,0.5128
1990-11-02,0.5124
1990-11-05,0.5077
1990-11-06,0.5068
1990-11-07,0.5061
1990-11-08,0.5084
1990-11-09,0.5085
1990-11-13,0.5091
1990-11-14,0.5099
1990-11-15,0.5103
1990-11-16,0.5086
1990-11-19,0.5074
1990-11-20,0.5077
1990-11-21,0.508
1990-11-23,0.5084
1990-11-26,0.5087
1990-11-27,0.5061
1990-11-28,0.5071
1990-11-29,0.5124
1990-11-30,0.5157
1990-12-03,0.521
1990-12-04,0.5192
1990-12-05,0.5203
1990-12-06,0.516
1990-12-07,0.5128
1990-12-10,0.5148
1990-12-11,0.5157
1990-12-12,0.5144
1990-12-13,0.5145
1990-12-14,0.5157
1990-12-17,0.5185
1990-12-18,0.5168
1990-12-19,0.5179
1990-12-20,0.5247
1990-12-21,0.5305
1990-12-24,0.5356
1990-12-26,0.5305
1990-12-27,0.5299
1990-12-28,0.5206
1990-12-31,0.5185
1991-01-02,0.5148
1991-01-03,0.5137
1991-01-04,0.5176
1991-01-07,0.5249
1991-01-08,0.5247
1991-01-09,0.5193
1991-01-10,0.5249
1991-01-11,0.5244
1991-01-14,0.5251
1991-01-15,0.5252
1991-01-16,0.525
1991-01-17,0.5201
1991-01-18,0.515
1991-01-22,0.5134
1991-01-23,0.5115
1991-01-24,0.5102
1991-01-25,0.5109
1991-01-28,0.5091
1991-01-29,0.5077
1991-01-30,0.5099
1991-01-31,0.5089
1991-02-01,0.506
1991-02-04,0.5058
1991-02-05,0.5043
1991-02-06,0.5003
1991-02-07,0.5009
1991-02-08,0.5033
1991-02-11,0.5008
1991-02-12,0.5021
1991-02-13,0.5021
1991-02-14,0.5051
1991-02-15,0.5075
1991-02-19,0.5124
1991-02-20,0.5136
1991-02-21,0.511
1991-02-22,0.5145
1991-02-25,0.52
1991-02-26,0.5207
1991-02-27,0.5221
1991-02-28,0.5236
1991-03-01,0.5269
1991-03-04,0.5273
1991-03-05,0.5258
1991-03-06,0.5294
1991-03-07,0.5301
1991-03-08,0.5342
1991-03-11,0.5404
1991-03-12,0.5382
1991-03-13,0.5388
1991-03-14,0.5389
1991-03-15,0.5463
1991-03-18,0.5583
1991-03-19,0.5666
1991-03-20,0.5629
1991-03-21,0.558
1991-03-22,0.5588
1991-03-25,0.5669
1991-03-26,0.5704
1991-03-27,0.5749
1991-03-28,0.5759
1991-03-29,0.5719
1991-04-01,0.5687
1991-04-02,0.5648
1991-04-03,0.5627
1991-04-04,0.5593
1991-04-05,0.5648
1991-04-08,0.5658
1991-04-09,0.5583
1991-04-10,0.562
1991-04-11,0.5587
1991-04-12,0.5626
1991-04-15,0.5594
1991-04-16,0.5591
1991-04-17,0.5609
1991-04-18,0.5647
1991-04-19,0.5817
1991-04-22,0.5917
1991-04-23,0.5841
1991-04-24,0.5903
1991-04-25,0.5905
1991-04-26,0.5931
1991-04-29,0.5965
1991-04-30,0.5806
1991-05-01,0.5792
1991-05-02,0.5824
1991-05-03,0.59
1991-05-06,0.5865
1991-05-07,0.5809
1991-05-08,0.5822
1991-05-09,0.5869
1991-05-10,0.5817
1991-05-13,0.5775
1991-05-14,0.5753
1991-05-15,0.5721
1991-05-16,0.5729
1991-05-17,0.5836
1991-05-20,0.5817
1991-05-21,0.5759
1991-05-22,0.579
1991-05-23,0.5765
1991-05-24,0.5777
1991-05-28,0.573
1991-05-29,0.5767
1991-05-30,0.5829
1991-05-31,0.5889
1991-06-03,0.5893
1991-06-04,0.5872
1991-06-05,0.5904
1991-06-06,0.5926
1991-06-07,0.5984
1991-06-10,0.5992
1991-06-11,0.6019
1991-06-12,0.6081
1991-06-13,0.6106
1991-06-14,0.6101
1991-06-17,0.6153
1991-06-18,0.6205
1991-06-19,0.6126
1991-06-20,0.613
1991-06-21,0.6131
1991-06-24,0.609
1991-06-25,0.6142
1991-06-26,0.6099
1991-06-27,0.6127
1991-06-28,0.618
1991-07-01,0.6196
1991-07-02,0.6244
1991-07-03,0.6228
1991-07-05,0.6192
1991-07-08,0.6143
1991-07-09,0.6165
1991-07-10,0.6169
1991-07-11,0.6223
1991-07-12,0.6059
1991-07-15,0.6055
1991-07-16,0.6083
1991-07-17,0.6051
1991-07-18,0.6002
1991-07-19,0.5914
1991-07-22,0.5949
1991-07-23,0.594
1991-07-24,0.5904
1991-07-25,0.597
1991-07-26,0.5926
1991-07-29,0.5973
1991-07-30,0.5953
1991-07-31,0.5936
1991-08-01,0.5976
1991-08-02,0.5901
1991-08-05,0.585
1991-08-06,0.5841
1991-08-07,0.5838
1991-08-08,0.5882
1991-08-09,0.59
1991-08-12,0.5888
1991-08-13,0.5905
1991-08-14,0.5926
1991-08-15,0.5924
1991-08-16,0.6017
1991-08-19,0.6135
1991-08-20,0.6106
1991-08-21,0.5965
1991-08-22,0.5893
1991-08-23,0.5983
1991-08-26,0.5954
1991-08-27,0.5952
1991-08-28,0.5917
1991-08-29,0.5951
1991-08-30,0.5952
1991-09-03,0.5914
1991-09-04,0.5905
1991-09-05,0.591
1991-09-06,0.5891
1991-09-09,0.578
1991-09-10,0.5782
1991-09-11,0.5796
1991-09-12,0.5769
1991-09-13,0.5772
1991-09-16,0.575
1991-09-17,0.5741
1991-09-18,0.5778
1991-09-19,0.5789
1991-09-20,0.5785
1991-09-23,0.5734
1991-09-24,0.5754
1991-09-25,0.5769
1991-09-26,0.5772
1991-09-27,0.5757
1991-09-30,0.5708
1991-10-01,0.5719
1991-10-02,0.5711
1991-10-03,0.5714
1991-10-04,0.575
1991-10-07,0.5763
1991-10-08,0.5834
1991-10-09,0.5826
1991-10-10,0.5833
1991-10-11,0.5817
1991-10-15,0.5875
1991-10-16,0.5846
1991-10-17,0.5849
1991-10-18,0.5797
1991-10-21,0.5819
1991-10-22,0.5833
1991-10-23,0.586
1991-10-24,0.5845
1991-10-25,0.5845
1991-10-28,0.5866
1991-10-29,0.5804
1991-10-30,0.5739
1991-10-31,0.5739
1991-11-01,0.5715
1991-11-04,0.5615
1991-11-05,0.5651
1991-11-06,0.5648
1991-11-07,0.5619
1991-11-08,0.5656
1991-11-12,0.5642
1991-11-13,0.5647
1991-11-14,0.5634
1991-11-15,0.5653
1991-11-18,0.5583
1991-11-19,0.5569
1991-11-20,0.5568
1991-11-21,0.5563
1991-11-22,0.5563
1991-11-25,0.556
1991-11-26,0.5562
1991-11-27,0.5659
1991-11-29,0.5664
1991-12-02,0.5631
1991-12-03,0.5645
1991-12-04,0.5642
1991-12-05,0.5582
1991-12-06,0.5525
1991-12-09,0.5537
1991-12-10,0.5531
1991-12-11,0.5529
1991-12-12,0.5533
1991-12-13,0.5499
1991-12-16,0.5491
1991-12-17,0.5488
1991-12-18,0.5479
1991-12-19,0.5457
1991-12-20,0.5376
1991-12-23,0.5329
1991-12-24,0.5346
1991-12-26,0.5308
1991-12-27,0.5328
1991-12-30,0.5358
1991-12-31,0.5359
1992-01-02,0.5353
1992-01-03,0.542
1992-01-06,0.5328
1992-01-07,0.5345
1992-01-08,0.5345
1992-01-09,0.5461
1992-01-10,0.558
1992-01-13,0.5551
1992-01-14,0.559
1992-01-15,0.5705
1992-01-16,0.568
1992-01-17,0.5627
1992-01-21,0.5534
1992-01-22,0.5536
1992-01-23,0.5571
1992-01-24,0.5539
1992-01-27,0.5631
1992-01-28,0.5573
1992-01-29,0.5537
1992-01-30,0.564
1992-01-31,0.559
1992-02-03,0.5557
1992-02-04,0.5551
1992-02-05,0.5536
1992-02-06,0.5493
1992-02-07,0.5442
1992-02-10,0.5478
1992-02-11,0.5552
1992-02-12,0.5596
1992-02-13,0.5642
1992-02-14,0.5655
1992-02-18,0.5711
1992-02-19,0.5708
1992-02-20,0.5714
1992-02-21,0.5726
1992-02-24,0.5721
1992-02-25,0.5695
1992-02-26,0.5729
1992-02-27,0.5701
1992-02-28,0.5695
1992-03-02,0.57
1992-03-03,0.575
1992-03-04,0.5804
1992-03-05,0.5828
1992-03-06,0.5821
1992-03-09,0.5806
1992-03-10,0.5834
1992-03-11,0.5796
1992-03-12,0.5858
1992-03-13,0.5843
1992-03-16,0.5831
1992-03-17,0.5777
1992-03-18,0.577
1992-03-19,0.5845
1992-03-20,0.5862
1992-03-23,0.5831
1992-03-24,0.5814
1992-03-25,0.5774
1992-03-26,0.5807
1992-03-27,0.5749
1992-03-30,0.577
1992-03-31,0.5759
1992-04-01,0.5792
1992-04-02,0.5782
1992-04-03,0.5737
1992-04-06,0.5714
1992-04-07,0.5716
1992-04-08,0.5719
1992-04-09,0.5669
1992-04-10,0.5665
1992-04-13,0.5675
1992-04-14,0.5647
1992-04-15,0.5695
1992-04-16,0.5722
1992-04-17,0.5731
1992-04-20,0.5739
1992-04-21,0.5724
1992-04-22,0.5674
1992-04-23,0.5669
1992-04-24,0.5643
1992-04-27,0.5618
1992-04-28,0.5634
1992-04-29,0.565
1992-04-30,0.5634
1992-05-01,0.5599
1992-05-04,0.5609
1992-05-05,0.5613
1992-05-06,0.5573
1992-05-07,0.5566
1992-05-08,0.5594
1992-05-11,0.5578
1992-05-12,0.5516
1992-05-13,0.5516
1992-05-14,0.5488
1992-05-15,0.5499
1992-05-18,0.5448
1992-05-19,0.5436
1992-05-20,0.5462
1992-05-21,0.5504
1992-05-22,0.5512
1992-05-26,0.547
1992-05-27,0.5552
1992-05-28,0.5536
1992-05-29,0.5467
1992-06-01,0.5486
1992-06-02,0.5481
1992-06-03,0.5501
1992-06-04,0.5479
1992-06-05,0.5447
1992-06-08,0.5453
1992-06-09,0.5457
1992-06-10,0.5456
1992-06-11,0.5417
1992-06-12,0.5401
1992-06-15,0.5388
1992-06-16,0.5376
1992-06-17,0.5397
1992-06-18,0.536
1992-06-19,0.5378
1992-06-22,0.5372
1992-06-23,0.5366
1992-06-24,0.5328
1992-06-25,0.5288
1992-06-26,0.5288
1992-06-29,0.5244
1992-06-30,0.5253
1992-07-01,0.5233
1992-07-02,0.5214
1992-07-03,0.524
1992-07-06,0.5235
1992-07-07,0.5195
1992-07-08,0.521
1992-07-09,0.5274
1992-07-10,0.5206
1992-07-13,0.5184
1992-07-14,0.5227
1992-07-15,0.5193
1992-07-16,0.5167
1992-07-17,0.513
1992-07-20,0.5214
1992-07-21,0.5237
1992-07-22,0.5253
1992-07-23,0.5227
1992-07-24,0.5267
1992-07-27,0.5219
1992-07-28,0.5184
1992-07-29,0.5215
1992-07-30,0.521
1992-07-31,0.5208
1992-08-03,0.5198
1992-08-04,0.5204
1992-08-05,0.5227
1992-08-06,0.5244
1992-08-07,0.5184
1992-08-10,0.5189
1992-08-11,0.5204
1992-08-12,0.5187
1992-08-13,0.5179
1992-08-14,0.5219
1992-08-17,0.5193
1992-08-18,0.5183
1992-08-19,0.5168
1992-08-20,0.5157
1992-08-21,0.5135
1992-08-24,0.5014
1992-08-25,0.503
1992-08-26,0.5034
1992-08-27,0.506
1992-08-28,0.5044
1992-08-31,0.5027
1992-09-01,0.501
1992-09-02,0.4991
1992-09-03,0.5043
1992-09-04,0.5014
1992-09-08,0.4993
1992-09-09,0.5063
1992-09-10,0.5061
1992-09-11,0.5199
1992-09-14,0.5287
1992-09-15,0.5343
1992-09-16,0.5522
1992-09-17,0.5613
1992-09-18,0.5757
1992-09-21,0.5839
1992-09-22,0.5854
1992-09-23,0.5853
1992-09-24,0.5851
1992-09-25,0.5834
1992-09-28,0.5782
1992-09-29,0.5653
1992-09-30,0.5621
1992-10-01,0.5767
1992-10-02,0.5862
1992-10-05,0.5879
1992-10-06,0.5839
1992-10-07,0.5822
1992-10-08,0.5919
1992-10-09,0.5891
1992-10-13,0.5834
1992-10-14,0.5849
1992-10-15,0.5882
1992-10-16,0.604
1992-10-19,0.6135
1992-10-20,0.616
1992-10-21,0.6198
1992-10-22,0.6175
1992-10-23,0.62
1992-10-26,0.6303
1992-10-27,0.6339
1992-10-28,0.6337
1992-10-29,0.6369
1992-10-30,0.64
1992-11-02,0.6523
1992-11-03,0.646
1992-11-04,0.6437
1992-11-05,0.6502
1992-11-06,0.6508
1992-11-09,0.6579
1992-11-10,0.6609
1992-11-12,0.6566
1992-11-13,0.6456
1992-11-16,0.6588
1992-11-17,0.6583
1992-11-18,0.6577
1992-11-19,0.6527
1992-11-20,0.6575
1992-11-23,0.659
1992-11-24,0.6583
1992-11-25,0.6557
1992-11-27,0.6625
1992-11-30,0.6607
1992-12-01,0.6515
1992-12-02,0.646
1992-12-03,0.639
1992-12-04,0.6423
1992-12-07,0.6305
1992-12-08,0.626
1992-12-09,0.6371
1992-12-10,0.6423
1992-12-11,0.6419
1992-12-14,0.639
1992-12-15,0.6384
1992-12-16,0.634
1992-12-17,0.6353
1992-12-18,0.6386
1992-12-21,0.6394
1992-12-22,0.65
1992-12-23,0.6553
1992-12-24,0.6566
1992-12-28,0.6616
1992-12-29,0.6612
1992-12-30,0.6614
1992-12-31,0.6609
1993-01-04,0.6662
1993-01-05,0.6472
1993-01-06,0.6488
1993-01-07,0.651
1993-01-08,0.6494
1993-01-11,0.6437
1993-01-12,0.6494
1993-01-13,0.6494
1993-01-14,0.6498
1993-01-15,0.6536
1993-01-19,0.646
1993-01-20,0.6487
1993-01-21,0.659
1993-01-22,0.6527
1993-01-25,0.6416
1993-01-26,0.65
1993-01-27,0.6603
1993-01-28,0.6594
1993-01-29,0.6732
1993-02-01,0.6878
1993-02-02,0.6916
1993-02-03,0.6971
1993-02-04,0.6919
1993-02-05,0.6908
1993-02-08,0.6947
1993-02-09,0.6988
1993-02-10,0.7015
1993-02-11,0.7052
1993-02-12,0.7055
1993-02-16,0.6908
1993-02-17,0.6926
1993-02-18,0.6916
1993-02-19,0.6885
1993-02-22,0.6876
1993-02-23,0.6856
1993-02-24,0.6957
1993-02-25,0.6993
1993-02-26,0.7035
1993-03-01,0.6962
1993-03-02,0.6908
1993-03-03,0.6901
1993-03-04,0.688
1993-03-05,0.6911
1993-03-08,0.6918
1993-03-09,0.6971
1993-03-10,0.6983
1993-03-11,0.6969
1993-03-12,0.6978
1993-03-15,0.6974
1993-03-16,0.6923
1993-03-17,0.6892
1993-03-18,0.6777
1993-03-19,0.6715
1993-03-22,0.6722
1993-03-23,0.6742
1993-03-24,0.6748
1993-03-25,0.6783
1993-03-26,0.6709
1993-03-29,0.671
1993-03-30,0.6689
1993-03-31,0.6627
1993-04-01,0.6553
1993-04-02,0.6609
1993-04-05,0.6579
1993-04-06,0.6611
1993-04-07,0.6606
1993-04-08,0.6556
1993-04-09,0.6544
1993-04-12,0.6461
1993-04-13,0.6416
1993-04-14,0.6443
1993-04-15,0.6481
1993-04-16,0.6555
1993-04-19,0.6502
1993-04-20,0.6483
1993-04-21,0.6509
1993-04-22,0.646
1993-04-23,0.6347
1993-04-26,0.6289
1993-04-27,0.6339
1993-04-28,0.6365
1993-04-29,0.6367
1993-04-30,0.6371
1993-05-03,0.6406
1993-05-04,0.6368
1993-05-05,0.6386
1993-05-06,0.6369
1993-05-07,0.6363
1993-05-10,0.6515
1993-05-11,0.6485
1993-05-12,0.6519
1993-05-13,0.6555
1993-05-14,0.65
1993-05-17,0.6527
1993-05-18,0.653
1993-05-19,0.649
1993-05-20,0.6425
1993-05-21,0.6487
1993-05-24,0.6515
1993-05-25,0.6485
1993-05-26,0.6468
1993-05-27,0.6433
1993-05-28,0.6408
1993-06-01,0.6447
1993-06-02,0.6489
1993-06-03,0.6496
1993-06-04,0.6592
1993-06-07,0.6568
1993-06-08,0.659
1993-06-09,0.6601
1993-06-10,0.6583
1993-06-11,0.656
1993-06-14,0.6549
1993-06-15,0.657
1993-06-16,0.6651
1993-06-17,0.6603
1993-06-18,0.6684
1993-06-21,0.672
1993-06-22,0.677
1993-06-23,0.6795
1993-06-24,0.6814
1993-06-25,0.6767
1993-06-28,0.6698
1993-06-29,0.6653
1993-06-30,0.6698
1993-07-01,0.6638
1993-07-02,0.6633
1993-07-06,0.6624
1993-07-07,0.6696
1993-07-08,0.669
1993-07-09,0.6766
1993-07-12,0.6766
1993-07-13,0.6698
1993-07-14,0.6661
1993-07-15,0.6719
1993-07-16,0.6759
1993-07-19,0.6673
1993-07-20,0.6662
1993-07-21,0.6598
1993-07-22,0.6629
1993-07-23,0.6683
1993-07-26,0.666
1993-07-27,0.6716
1993-07-28,0.6691
1993-07-29,0.6729
1993-07-30,0.6734
1993-08-02,0.6713
1993-08-03,0.6647
1993-08-04,0.6664
1993-08-05,0.6707
1993-08-06,0.6673
1993-08-09,0.6699
1993-08-10,0.6756
1993-08-11,0.6786
1993-08-12,0.6835
1993-08-13,0.6852
1993-08-16,0.6739
1993-08-17,0.6718
1993-08-18,0.6617
1993-08-19,0.6645
1993-08-20,0.6614
1993-08-23,0.6661
1993-08-24,0.6684
1993-08-25,0.6749
1993-08-26,0.6671
1993-08-27,0.6664
1993-08-30,0.6709
1993-08-31,0.6726
1993-09-01,0.6633
1993-09-02,0.6661
1993-09-03,0.6552
1993-09-07,0.6483
1993-09-08,0.6496
1993-09-09,0.6452
1993-09-10,0.6454
1993-09-13,0.6485
1993-09-14,0.6467
1993-09-15,0.6447
1993-09-16,0.6523
1993-09-17,0.6517
1993-09-20,0.6529
1993-09-21,0.6653
1993-09-22,0.658
1993-09-23,0.6642
1993-09-24,0.6661
1993-09-27,0.6612
1993-09-28,0.66
1993-09-29,0.6614
1993-09-30,0.6684
1993-10-01,0.6645
1993-10-04,0.6605
1993-10-05,0.6594
1993-10-06,0.6554
1993-10-07,0.657
1993-10-08,0.6514
1993-10-12,0.6527
1993-10-13,0.6569
1993-10-14,0.6611
1993-10-15,0.6614
1993-10-18,0.6676
1993-10-19,0.6701
1993-10-20,0.6715
1993-10-21,0.6728
1993-10-22,0.6791
1993-10-25,0.6728
1993-10-26,0.677
1993-10-27,0.6765
1993-10-28,0.6757
1993-10-29,0.672
1993-11-01,0.6754
1993-11-02,0.6745
1993-11-03,0.6754
1993-11-04,0.6762
1993-11-05,0.6727
1993-11-08,0.6753
1993-11-09,0.6811
1993-11-10,0.6778
1993-11-12,0.6749
1993-11-15,0.6708
1993-11-16,0.6743
1993-11-17,0.6773
1993-11-18,0.6768
1993-11-19,0.6797
1993-11-22,0.6782
1993-11-23,0.6725
1993-11-24,0.672
1993-11-26,0.6759
1993-11-29,0.672
1993-11-30,0.6733
1993-12-01,0.6754
1993-12-02,0.6746
1993-12-03,0.6711
1993-12-06,0.6673
1993-12-07,0.6705
1993-12-08,0.6689
1993-12-09,0.6691
1993-12-10,0.6691
1993-12-13,0.671
1993-12-14,0.672
1993-12-15,0.6743
1993-12-16,0.6718
1993-12-17,0.6707
1993-12-20,0.6732
1993-12-21,0.6717
1993-12-22,0.6691
1993-12-23,0.6648
1993-12-24,0.6653
1993-12-27,0.6651
1993-12-28,0.6635
1993-12-29,0.6707
1993-12-30,0.6774
1993-12-31,0.6768
1994-01-03,0.6775
1994-01-04,0.6739
1994-01-05,0.6725
1994-01-06,0.6732
1994-01-07,0.6711
1994-01-10,0.6701
1994-01-11,0.6709
1994-01-12,0.6659
1994-01-13,0.6686
1994-01-14,0.6706
1994-01-18,0.6682
1994-01-19,0.6707
1994-01-20,0.6667
1994-01-21,0.669
1994-01-24,0.6709
1994-01-25,0.6698
1994-01-26,0.6693
1994-01-27,0.6698
1994-01-28,0.6669
1994-01-31,0.6664
1994-02-01,0.6653
1994-02-02,0.6688
1994-02-03,0.6698
1994-02-04,0.6761
1994-02-07,0.6745
1994-02-08,0.6794
1994-02-09,0.6842
1994-02-10,0.6839
1994-02-11,0.6827
1994-02-14,0.6799
1994-02-15,0.678
1994-02-16,0.6777
1994-02-17,0.677
1994-02-18,0.6761
1994-02-22,0.6764
1994-02-23,0.6777
1994-02-24,0.6735
1994-02-25,0.6723
1994-02-28,0.6723
1994-03-01,0.6732
1994-03-02,0.6692
1994-03-03,0.6683
1994-03-04,0.6714
1994-03-07,0.6702
1994-03-08,0.6722
1994-03-09,0.6705
1994-03-10,0.6663
1994-03-11,0.6662
1994-03-14,0.6692
1994-03-15,0.67
1994-03-16,0.6699
1994-03-17,0.669
1994-03-18,0.67
1994-03-21,0.6739
1994-03-22,0.6727
1994-03-23,0.6695
1994-03-24,0.669
1994-03-25,0.6678
1994-03-28,0.6682
1994-03-29,0.6734
1994-03-30,0.6746
1994-03-31,0.672
1994-04-01,0.6787
1994-04-04,0.6812
1994-04-05,0.6839
1994-04-06,0.6809
1994-04-07,0.681
1994-04-08,0.6774
1994-04-11,0.6796
1994-04-12,0.6782
1994-04-13,0.677
1994-04-14,0.6773
1994-04-15,0.6789
1994-04-18,0.6791
1994-04-19,0.6768
1994-04-20,0.673
1994-04-21,0.669
1994-04-22,0.672
1994-04-25,0.6705
1994-04-26,0.665
1994-04-27,0.6642
1994-04-28,0.6633
1994-04-29,0.6615
1994-05-02,0.6585
1994-05-03,0.6609
1994-05-04,0.6669
1994-05-05,0.6676
1994-05-06,0.6696
1994-05-09,0.6678
1994-05-10,0.6709
1994-05-11,0.6706
1994-05-12,0.6669
1994-05-13,0.6673
1994-05-16,0.6656
1994-05-17,0.6638
1994-05-18,0.6629
1994-05-19,0.6631
1994-05-20,0.6623
1994-05-23,0.6642
1994-05-24,0.6641
1994-05-25,0.6625
1994-05-26,0.6619
1994-05-27,0.6625
1994-05-31,0.6614
1994-06-01,0.6591
1994-06-02,0.663
1994-06-03,0.6642
1994-06-06,0.663
1994-06-07,0.6631
1994-06-08,0.6639
1994-06-09,0.6637
1994-06-10,0.663
1994-06-13,0.6578
1994-06-14,0.6582
1994-06-15,0.6582
1994-06-16,0.6579
1994-06-17,0.6533
1994-06-20,0.65
1994-06-21,0.6491
1994-06-22,0.653
1994-06-23,0.6487
1994-06-24,0.6444
1994-06-27,0.6454
1994-06-28,0.6447
1994-06-29,0.6467
1994-06-30,0.6459
1994-07-01,0.6498
1994-07-05,0.6487
1994-07-06,0.645
1994-07-07,0.6485
1994-07-08,0.6475
1994-07-11,0.6392
1994-07-12,0.6359
1994-07-13,0.638
1994-07-14,0.6404
1994-07-15,0.6421
1994-07-18,0.6401
1994-07-19,0.6446
1994-07-20,0.6455
1994-07-21,0.6496
1994-07-22,0.6532
1994-07-25,0.6527
1994-07-26,0.656
1994-07-27,0.6533
1994-07-28,0.6529
1994-07-29,0.6487
1994-08-01,0.6507
1994-08-02,0.6503
1994-08-03,0.6496
1994-08-04,0.6499
1994-08-05,0.6483
1994-08-08,0.6484
1994-08-09,0.65
1994-08-10,0.6496
1994-08-11,0.6496
1994-08-12,0.6472
1994-08-15,0.6484
1994-08-16,0.6482
1994-08-17,0.6494
1994-08-18,0.6472
1994-08-19,0.6456
1994-08-22,0.6447
1994-08-23,0.6437
1994-08-24,0.6437
1994-08-25,0.6437
1994-08-26,0.6513
1994-08-29,0.6519
1994-08-30,0.6515
1994-08-31,0.651
1994-09-01,0.6475
1994-09-02,0.6462
1994-09-06,0.6457
1994-09-07,0.6467
1994-09-08,0.6478
1994-09-09,0.645
1994-09-12,0.6371
1994-09-13,0.6401
1994-09-14,0.638
1994-09-15,0.6398
1994-09-16,0.6313
1994-09-19,0.6386
1994-09-20,0.6351
1994-09-21,0.6337
1994-09-22,0.6345
1994-09-23,0.6324
1994-09-26,0.6351
1994-09-27,0.6339
1994-09-28,0.6345
1994-09-29,0.6329
1994-09-30,0.6341
1994-10-03,0.6335
1994-10-04,0.6336
1994-10-05,0.6305
1994-10-06,0.6299
1994-10-07,0.6303
1994-10-11,0.6337
1994-10-12,0.6325
1994-10-13,0.6323
1994-10-14,0.6285
1994-10-17,0.6211
1994-10-18,0.6198
1994-10-19,0.618
1994-10-20,0.6167
1994-10-21,0.6152
1994-10-24,0.6144
1994-10-25,0.6111
1994-10-26,0.6127
1994-10-27,0.6109
1994-10-28,0.6161
1994-10-31,0.6116
1994-11-01,0.6127
1994-11-02,0.6118
1994-11-03,0.6202
1994-11-04,0.6209
1994-11-07,0.6188
1994-11-08,0.6169
1994-11-09,0.6231
1994-11-10,0.6253
1994-11-14,0.6297
1994-11-15,0.6313
1994-11-16,0.6363
1994-11-17,0.6341
1994-11-18,0.6378
1994-11-21,0.6386
1994-11-22,0.6371
1994-11-23,0.6359
1994-11-25,0.6398
1994-11-28,0.6398
1994-11-29,0.6393
1994-11-30,0.6382
1994-12-01,0.6389
1994-12-02,0.6409
1994-12-05,0.6414
1994-12-06,0.6406
1994-12-07,0.6393
1994-12-08,0.6397
1994-12-09,0.6409
1994-12-12,0.6395
1994-12-13,0.6408
1994-12-14,0.6405
1994-12-15,0.6398
1994-12-16,0.6398
1994-12-19,0.6401
1994-12-20,0.641
1994-12-21,0.6412
1994-12-22,0.6467
1994-12-23,0.6475
1994-12-27,0.6472
1994-12-28,0.6479
1994-12-29,0.6409
1994-12-30,0.6384
1995-01-03,0.64
1995-01-04,0.6408
1995-01-05,0.6396
1995-01-06,0.6444
1995-01-09,0.6421
1995-01-10,0.6416
1995-01-11,0.6414
1995-01-12,0.6363
1995-01-13,0.6382
1995-01-17,0.6378
1995-01-18,0.6367
1995-01-19,0.6349
1995-01-20,0.6298
1995-01-23,0.6268
1995-01-24,0.6266
1995-01-25,0.6277
1995-01-26,0.6286
1995-01-27,0.6295
1995-01-30,0.6275
1995-01-31,0.6323
1995-02-01,0.6327
1995-02-02,0.6317
1995-02-03,0.6393
1995-02-06,0.641
1995-02-07,0.6423
1995-02-08,0.6442
1995-02-09,0.6425
1995-02-10,0.6399
1995-02-13,0.6396
1995-02-14,0.6421
1995-02-15,0.6408
1995-02-16,0.6339
1995-02-17,0.6343
1995-02-21,0.6323
1995-02-22,0.6305
1995-02-23,0.6277
1995-02-24,0.6295
1995-02-27,0.6315
1995-02-28,0.6313
1995-03-01,0.6312
1995-03-02,0.6285
1995-03-03,0.6169
1995-03-06,0.6124
1995-03-07,0.6083
1995-03-08,0.6177
1995-03-09,0.6191
1995-03-10,0.6328
1995-03-13,0.6263
1995-03-14,0.6307
1995-03-15,0.6238
1995-03-16,0.6305
1995-03-17,0.6321
1995-03-20,0.6327
1995-03-21,0.6307
1995-03-22,0.6305
1995-03-23,0.628
1995-03-24,0.6297
1995-03-27,0.6268
1995-03-28,0.6211
1995-03-29,0.6219
1995-03-30,0.6256
1995-03-31,0.6177
1995-04-03,0.6188
1995-04-04,0.6244
1995-04-05,0.6225
1995-04-06,0.6227
1995-04-07,0.6244
1995-04-10,0.6274
1995-04-11,0.6272
1995-04-12,0.6289
1995-04-13,0.6224
1995-04-14,0.6242
1995-04-17,0.6175
1995-04-18,0.6196
1995-04-19,0.6188
1995-04-20,0.6201
1995-04-21,0.6211
1995-04-24,0.6229
1995-04-25,0.6198
1995-04-26,0.6209
1995-04-27,0.6187
1995-04-28,0.6215
1995-05-01,0.618
1995-05-02,0.6202
1995-05-03,0.6184
1995-05-04,0.6179
1995-05-05,0.6254
1995-05-08,0.6219
1995-05-09,0.6295
1995-05-10,0.6323
1995-05-11,0.642
1995-05-12,0.6365
1995-05-15,0.6389
1995-05-16,0.6373
1995-05-17,0.6376
1995-05-18,0.64
1995-05-19,0.6355
1995-05-22,0.6349
1995-05-23,0.6386
1995-05-24,0.6347
1995-05-25,0.6236
1995-05-26,0.6234
1995-05-30,0.6246
1995-05-31,0.6303
1995-06-01,0.6272
1995-06-02,0.6305
1995-06-05,0.6268
1995-06-06,0.6289
1995-06-07,0.6273
1995-06-08,0.6281
1995-06-09,0.6272
1995-06-12,0.627
1995-06-13,0.6268
1995-06-14,0.6217
1995-06-15,0.6268
1995-06-16,0.6223
1995-06-19,0.6252
1995-06-20,0.6238
1995-06-21,0.6231
1995-06-22,0.6251
1995-06-23,0.6232
1995-06-26,0.6307
1995-06-27,0.6311
1995-06-28,0.6353
1995-06-29,0.6283
1995-06-30,0.6287
1995-07-03,0.6261
1995-07-05,0.627
1995-07-06,0.6256
1995-07-07,0.6272
1995-07-10,0.6287
1995-07-11,0.6297
1995-07-12,0.6283
1995-07-13,0.6248
1995-07-14,0.6272
1995-07-17,0.6272
1995-07-18,0.6265
1995-07-19,0.6268
1995-07-20,0.6262
1995-07-21,0.6274
1995-07-24,0.6259
1995-07-25,0.6298
1995-07-26,0.6267
1995-07-27,0.6264
1995-07-28,0.6249
1995-07-31,0.6258
1995-08-01,0.6253
1995-08-02,0.6252
1995-08-03,0.6224
1995-08-04,0.6222
1995-08-07,0.6243
1995-08-08,0.6246
1995-08-09,0.6249
1995-08-10,0.6294
1995-08-11,0.6339
1995-08-14,0.6353
1995-08-15,0.643
1995-08-16,0.6445
1995-08-17,0.6517
1995-08-18,0.6481
1995-08-21,0.6491
1995-08-22,0.6513
1995-08-23,0.6487
1995-08-24,0.648
1995-08-25,0.6486
1995-08-28,0.6441
1995-08-29,0.6471
1995-08-30,0.6477
1995-08-31,0.6445
1995-09-01,0.6438
1995-09-05,0.6425
1995-09-06,0.6451
1995-09-07,0.6452
1995-09-08,0.6459
1995-09-11,0.6459
1995-09-12,0.6433
1995-09-13,0.646
1995-09-14,0.645
1995-09-15,0.6443
1995-09-18,0.6468
1995-09-19,0.6468
1995-09-20,0.6441
1995-09-21,0.6371
1995-09-22,0.6331
1995-09-25,0.6363
1995-09-26,0.6366
1995-09-27,0.6361
1995-09-28,0.6327
1995-09-29,0.6331
1995-10-02,0.6286
1995-10-03,0.6326
1995-10-04,0.6314
1995-10-05,0.6313
1995-10-06,0.6324
1995-10-10,0.6338
1995-10-11,0.6357
1995-10-12,0.6355
1995-10-13,0.6359
1995-10-16,0.6349
1995-10-17,0.6353
1995-10-18,0.6371
1995-10-19,0.6359
1995-10-20,0.6346
1995-10-23,0.6329
1995-10-24,0.6325
1995-10-25,0.6331
1995-10-26,0.6353
1995-10-27,0.6331
1995-10-30,0.6339
1995-10-31,0.6326
1995-11-01,0.6338
1995-11-02,0.6324
1995-11-03,0.6327
1995-11-06,0.6332
1995-11-07,0.6338
1995-11-08,0.6327
1995-11-09,0.6332
1995-11-10,0.6348
1995-11-13,0.6429
1995-11-14,0.6408
1995-11-15,0.6418
1995-11-16,0.6428
1995-11-17,0.645
1995-11-20,0.6454
1995-11-21,0.6417
1995-11-22,0.639
1995-11-24,0.641
1995-11-27,0.645
1995-11-28,0.646
1995-11-29,0.6501
1995-11-30,0.6535
1995-12-01,0.651
1995-12-04,0.651
1995-12-05,0.6489
1995-12-06,0.6484
1995-12-07,0.6513
1995-12-08,0.6524
1995-12-11,0.6516
1995-12-12,0.653
1995-12-13,0.6525
1995-12-14,0.6489
1995-12-15,0.6496
1995-12-18,0.6498
1995-12-19,0.6485
1995-12-20,0.6505
1995-12-21,0.6499
1995-12-22,0.6483
1995-12-26,0.6429
1995-12-27,0.641
1995-12-28,0.6498
1995-12-29,0.6437
1996-01-02,0.6425
1996-01-03,0.6445
1996-01-04,0.6467
1996-01-05,0.6443
1996-01-08,0.6454
1996-01-09,0.6462
1996-01-10,0.647
1996-01-11,0.6475
1996-01-12,0.6457
1996-01-16,0.6502
1996-01-17,0.6555
1996-01-18,0.6567
1996-01-19,0.6626
1996-01-22,0.6607
1996-01-23,0.6607
1996-01-24,0.6626
1996-01-25,0.6633
1996-01-26,0.6653
1996-01-29,0.6639
1996-01-30,0.665
1996-01-31,0.6624
1996-02-01,0.6609
1996-02-02,0.6583
1996-02-05,0.6514
1996-02-06,0.6493
1996-02-07,0.6508
1996-02-08,0.6504
1996-02-09,0.6528
1996-02-12,0.6533
1996-02-13,0.6519
1996-02-14,0.6506
1996-02-15,0.65
1996-02-16,0.6457
1996-02-20,0.6475
1996-02-21,0.6483
1996-02-22,0.6479
1996-02-23,0.6489
1996-02-26,0.6494
1996-02-27,0.6494
1996-02-28,0.6521
1996-02-29,0.6527
1996-03-01,0.6548
1996-03-04,0.6543
1996-03-05,0.654
1996-03-06,0.654
1996-03-07,0.6536
1996-03-08,0.6562
1996-03-11,0.6563
1996-03-12,0.6573
1996-03-13,0.6568
1996-03-14,0.6566
1996-03-15,0.6557
1996-03-18,0.6536
1996-03-19,0.6524
1996-03-20,0.6504
1996-03-21,0.651
1996-03-22,0.6521
1996-03-25,0.6566
1996-03-26,0.6562
1996-03-27,0.6587
1996-03-28,0.6562
1996-03-29,0.6552
1996-04-01,0.656
1996-04-02,0.6558
1996-04-03,0.6553
1996-04-04,0.6538
1996-04-05,0.6542
1996-04-08,0.6532
1996-04-09,0.656
1996-04-10,0.6616
1996-04-11,0.6612
1996-04-12,0.6612
1996-04-15,0.6629
1996-04-16,0.6635
1996-04-17,0.6636
1996-04-18,0.6623
1996-04-19,0.6593
1996-04-22,0.6617
1996-04-23,0.6596
1996-04-24,0.6606
1996-04-25,0.6611
1996-04-26,0.6621
1996-04-29,0.6625
1996-04-30,0.6645
1996-05-01,0.669
1996-05-02,0.6653
1996-05-03,0.6648
1996-05-06,0.6635
1996-05-07,0.6612
1996-05-08,0.6572
1996-05-09,0.657
1996-05-10,0.6569
1996-05-13,0.6603
1996-05-14,0.6601
1996-05-15,0.6609
1996-05-16,0.6608
1996-05-17,0.6601
1996-05-20,0.6609
1996-05-21,0.6616
1996-05-22,0.6621
1996-05-23,0.6608
1996-05-24,0.6618
1996-05-28,0.6611
1996-05-29,0.6574
1996-05-30,0.6517
1996-05-31,0.6454
1996-06-03,0.6445
1996-06-04,0.6458
1996-06-05,0.6462
1996-06-06,0.6491
1996-06-07,0.6489
1996-06-10,0.6527
1996-06-11,0.6513
1996-06-12,0.6517
1996-06-13,0.6527
1996-06-14,0.6511
1996-06-17,0.6472
1996-06-18,0.6479
1996-06-19,0.648
1996-06-20,0.6486
1996-06-21,0.6501
1996-06-24,0.6494
1996-06-25,0.6491
1996-06-26,0.6488
1996-06-27,0.6467
1996-06-28,0.644
1996-07-01,0.6433
1996-07-02,0.6417
1996-07-03,0.6416
1996-07-05,0.6442
1996-07-08,0.6439
1996-07-09,0.6454
1996-07-10,0.645
1996-07-11,0.6429
1996-07-12,0.6441
1996-07-15,0.6452
1996-07-16,0.6416
1996-07-17,0.648
1996-07-18,0.646
1996-07-19,0.6466
1996-07-22,0.6447
1996-07-23,0.6445
1996-07-24,0.6441
1996-07-25,0.6422
1996-07-26,0.6433
1996-07-29,0.6423
1996-07-30,0.6428
1996-07-31,0.6428
1996-08-01,0.6422
1996-08-02,0.6486
1996-08-05,0.6476
1996-08-06,0.6504
1996-08-07,0.6486
1996-08-08,0.6453
1996-08-09,0.6456
1996-08-12,0.645
1996-08-13,0.6452
1996-08-14,0.6459
1996-08-15,0.645
1996-08-16,0.6465
1996-08-19,0.6475
1996-08-20,0.6463
1996-08-21,0.6453
1996-08-22,0.6448
1996-08-23,0.6439
1996-08-26,0.643
1996-08-27,0.6439
1996-08-28,0.6413
1996-08-29,0.6425
1996-08-30,0.6405
1996-09-03,0.6381
1996-09-04,0.6382
1996-09-05,0.6383
1996-09-06,0.6407
1996-09-09,0.6418
1996-09-10,0.6423
1996-09-11,0.6431
1996-09-12,0.6436
1996-09-13,0.6433
1996-09-16,0.6424
1996-09-17,0.6433
1996-09-18,0.6409
1996-09-19,0.6445
1996-09-20,0.6429
1996-09-23,0.6423
1996-09-24,0.6418
1996-09-25,0.6397
1996-09-26,0.6405
1996-09-27,0.6398
1996-09-30,0.6389
1996-10-01,0.6394
1996-10-02,0.6376
1996-10-03,0.6385
1996-10-04,0.6401
1996-10-07,0.6396
1996-10-08,0.6398
1996-10-09,0.6393
1996-10-10,0.6389
1996-10-11,0.6347
1996-10-15,0.632
1996-10-16,0.6315
1996-10-17,0.6304
1996-10-18,0.6288
1996-10-21,0.6283
1996-10-22,0.6268
1996-10-23,0.6263
1996-10-24,0.6282
1996-10-25,0.6226
1996-10-28,0.6203
1996-10-29,0.6212
1996-10-30,0.6125
1996-10-31,0.6143
1996-11-01,0.6113
1996-11-04,0.6085
1996-11-05,0.6079
1996-11-06,0.6098
1996-11-07,0.607
1996-11-08,0.6072
1996-11-12,0.6072
1996-11-13,0.6042
1996-11-14,0.6005
1996-11-15,0.6007
1996-11-18,0.5988
1996-11-19,0.5967
1996-11-20,0.5959
1996-11-21,0.5922
1996-11-22,0.5952
1996-11-25,0.599
1996-11-26,0.5977
1996-11-27,0.5967
1996-11-29,0.5945
1996-12-02,0.5938
1996-12-03,0.609
1996-12-04,0.6102
1996-12-05,0.6147
1996-12-06,0.6092
1996-12-09,0.607
1996-12-10,0.6059
1996-12-11,0.6031
1996-12-12,0.6035
1996-12-13,0.6023
1996-12-16,0.6016
1996-12-17,0.5981
1996-12-18,0.598
1996-12-19,0.6051
1996-12-20,0.5999
1996-12-23,0.5983
1996-12-24,0.5983
1996-12-26,0.5979
1996-12-27,0.5911
1996-12-30,0.5914
1996-12-31,0.584
1997-01-02,0.5928
1997-01-03,0.5917
1997-01-06,0.5935
1997-01-07,0.59
1997-01-08,0.5927
1997-01-09,0.5901
1997-01-10,0.5947
1997-01-13,0.5983
1997-01-14,0.599
1997-01-15,0.5958
1997-01-16,0.5966
1997-01-17,0.6023
1997-01-21,0.6013
1997-01-22,0.6048
1997-01-23,0.6141
1997-01-24,0.6141
1997-01-27,0.6158
1997-01-28,0.619
1997-01-29,0.617
1997-01-30,0.6179
1997-01-31,0.6245
1997-02-03,0.6198
1997-02-04,0.617
1997-02-05,0.6105
1997-02-06,0.6114
1997-02-07,0.6162
1997-02-10,0.6101
1997-02-11,0.6083
1997-02-12,0.6121
1997-02-13,0.6161
1997-02-14,0.617
1997-02-18,0.6241
1997-02-19,0.6197
1997-02-20,0.6208
1997-02-21,0.619
1997-02-24,0.6123
1997-02-25,0.6126
1997-02-26,0.6124
1997-02-27,0.6148
1997-02-28,0.614
1997-03-03,0.6182
1997-03-04,0.619
1997-03-05,0.6205
1997-03-06,0.6199
1997-03-07,0.6238
1997-03-10,0.6248
1997-03-11,0.6227
1997-03-12,0.6277
1997-03-13,0.6264
1997-03-14,0.6241
1997-03-17,0.6289
1997-03-18,0.6293
1997-03-19,0.6263
1997-03-20,0.627
1997-03-21,0.6244
1997-03-24,0.6184
1997-03-25,0.6184
1997-03-26,0.6144
1997-03-27,0.613
1997-03-28,0.6129
1997-03-31,0.608
1997-04-01,0.6066
1997-04-02,0.6088
1997-04-03,0.6075
1997-04-04,0.6102
1997-04-07,0.6144
1997-04-08,0.616
1997-04-09,0.6165
1997-04-10,0.6161
1997-04-11,0.6156
1997-04-14,0.6163
1997-04-15,0.6152
1997-04-16,0.6163
1997-04-17,0.6131
1997-04-18,0.6129
1997-04-21,0.6115
1997-04-22,0.6112
1997-04-23,0.6168
1997-04-24,0.6154
1997-04-25,0.616
1997-04-28,0.6161
1997-04-29,0.613
1997-04-30,0.6173
1997-05-01,0.6158
1997-05-02,0.6167
1997-05-05,0.6173
1997-05-06,0.6107
1997-05-07,0.6111
1997-05-08,0.6173
1997-05-09,0.6169
1997-05-12,0.616
1997-05-13,0.6128
1997-05-14,0.6098
1997-05-15,0.6103
1997-05-16,0.6122
1997-05-19,0.6105
1997-05-20,0.6083
1997-05-21,0.6073
1997-05-22,0.616
1997-05-23,0.6126
1997-05-27,0.6139
1997-05-28,0.6104
1997-05-29,0.6096
1997-05-30,0.6112
1997-06-02,0.6119
1997-06-03,0.6119
1997-06-04,0.6146
1997-06-05,0.6124
1997-06-06,0.6143
1997-06-09,0.6114
1997-06-10,0.6104
1997-06-11,0.6109
1997-06-12,0.6115
1997-06-13,0.6109
1997-06-16,0.6114
1997-06-17,0.6103
1997-06-18,0.6104
1997-06-19,0.6068
1997-06-20,0.6047
1997-06-23,0.5992
1997-06-24,0.6009
1997-06-25,0.6015
1997-06-26,0.6002
1997-06-27,0.6017
1997-06-30,0.6006
1997-07-01,0.6034
1997-07-02,0.5999
1997-07-03,0.5922
1997-07-07,0.5928
1997-07-08,0.5922
1997-07-09,0.5938
1997-07-10,0.5924
1997-07-11,0.5905
1997-07-14,0.5923
1997-07-15,0.5965
1997-07-16,0.5972
1997-07-17,0.597
1997-07-18,0.5966
1997-07-21,0.5961
1997-07-22,0.5972
1997-07-23,0.596
1997-07-24,0.5978
1997-07-25,0.6014
1997-07-28,0.6138
1997-07-29,0.6144
1997-07-30,0.6169
1997-07-31,0.6102
1997-08-01,0.6117
1997-08-04,0.6141
1997-08-05,0.6154
1997-08-06,0.6247
1997-08-07,0.6299
1997-08-08,0.6309
1997-08-11,0.6289
1997-08-12,0.6339
1997-08-13,0.6319
1997-08-14,0.6303
1997-08-15,0.6215
1997-08-18,0.6216
1997-08-19,0.6236
1997-08-20,0.628
1997-08-21,0.6287
1997-08-22,0.6219
1997-08-25,0.623
1997-08-26,0.6203
1997-08-27,0.621
1997-08-28,0.6189
1997-08-29,0.6172
1997-09-02,0.629
1997-09-03,0.6311
1997-09-04,0.6307
1997-09-05,0.6281
1997-09-08,0.6318
1997-09-09,0.6296
1997-09-10,0.6293
1997-09-11,0.6263
1997-09-12,0.6217
1997-09-15,0.6234
1997-09-16,0.6273
1997-09-17,0.6256
1997-09-18,0.6197
1997-09-19,0.6207
1997-09-22,0.624
1997-09-23,0.6205
1997-09-24,0.621
1997-09-25,0.6143
1997-09-26,0.6211
1997-09-29,0.6195
1997-09-30,0.6205
1997-10-01,0.6194
1997-10-02,0.6198
1997-10-03,0.62
1997-10-06,0.62
1997-10-07,0.6175
1997-10-08,0.617
1997-10-09,0.6156
1997-10-10,0.617
1997-10-14,0.6174
1997-10-15,0.616
1997-10-16,0.6178
1997-10-17,0.6194
1997-10-20,0.6136
1997-10-21,0.6121
1997-10-22,0.6121
1997-10-23,0.6129
1997-10-24,0.6117
1997-10-27,0.6043
1997-10-28,0.5968
1997-10-29,0.5981
1997-10-30,0.6004
1997-10-31,0.5957
1997-11-03,0.5966
1997-11-04,0.5941
1997-11-05,0.5961
1997-11-06,0.591
1997-11-07,0.5915
1997-11-10,0.592
1997-11-12,0.587
1997-11-13,0.5879
1997-11-14,0.5906
1997-11-17,0.5906
1997-11-18,0.5898
1997-11-19,0.5913
1997-11-20,0.5908
1997-11-21,0.592
1997-11-24,0.5917
1997-11-25,0.5951
1997-11-26,0.5976
1997-11-28,0.5922
1997-12-01,0.5944
1997-12-02,0.5946
1997-12-03,0.5938
1997-12-04,0.5986
1997-12-05,0.603
1997-12-08,0.6071
1997-12-09,0.605
1997-12-10,0.6062
1997-12-11,0.6042
1997-12-12,0.606
1997-12-15,0.6123
1997-12-16,0.6125
1997-12-17,0.6058
1997-12-18,0.6011
1997-12-19,0.5994
1997-12-22,0.6018
1997-12-23,0.5995
1997-12-24,0.5997
1997-12-26,0.599
1997-12-29,0.5994
1997-12-30,0.6042
1997-12-31,0.6088
1998-01-02,0.6091
1998-01-05,0.6124
1998-01-06,0.6122
1998-01-07,0.6153
1998-01-08,0.6206
1998-01-09,0.6186
1998-01-12,0.6165
1998-01-13,0.6118
1998-01-14,0.6135
1998-01-15,0.6135
1998-01-16,0.6121
1998-01-20,0.6146
1998-01-21,0.6149
1998-01-22,0.6061
1998-01-23,0.5993
1998-01-26,0.6051
1998-01-27,0.607
1998-01-28,0.6086
1998-01-29,0.6098
1998-01-30,0.6126
1998-02-02,0.6105
1998-02-03,0.6089
1998-02-04,0.6031
1998-02-05,0.6044
1998-02-06,0.607
1998-02-09,0.6121
1998-02-10,0.6161
1998-02-11,0.6126
1998-02-12,0.6105
1998-02-13,0.6118
1998-02-17,0.613
1998-02-18,0.6099
1998-02-19,0.6114
1998-02-20,0.6111
1998-02-23,0.6072
1998-02-24,0.6077
1998-02-25,0.6066
1998-02-26,0.608
1998-02-27,0.6078
1998-03-02,0.6071
1998-03-03,0.6051
1998-03-04,0.6075
1998-03-05,0.6079
1998-03-06,0.6126
1998-03-09,0.6111
1998-03-10,0.6105
1998-03-11,0.6073
1998-03-12,0.6038
1998-03-13,0.6003
1998-03-16,0.5994
1998-03-17,0.5973
1998-03-18,0.5984
1998-03-19,0.5996
1998-03-20,0.6009
1998-03-23,0.5956
1998-03-24,0.597
1998-03-25,0.5974
1998-03-26,0.5931
1998-03-27,0.5944
1998-03-30,0.5961
1998-03-31,0.5965
1998-04-01,0.5974
1998-04-02,0.6001
1998-04-03,0.6033
1998-04-06,0.6011
1998-04-07,0.6003
1998-04-08,0.5994
1998-04-09,0.5979
1998-04-10,0.5982
1998-04-13,0.6
1998-04-14,0.5938
1998-04-15,0.5942
1998-04-16,0.5914
1998-04-17,0.5938
1998-04-20,0.5968
1998-04-21,0.5966
1998-04-22,0.5982
1998-04-23,0.6001
1998-04-24,0.5996
1998-04-27,0.5976
1998-04-28,0.5998
1998-04-29,0.5987
1998-04-30,0.5978
1998-05-01,0.5997
1998-05-04,0.6002
1998-05-05,0.6022
1998-05-06,0.602
1998-05-07,0.6066
1998-05-08,0.6105
1998-05-11,0.6135
1998-05-12,0.6117
1998-05-13,0.6132
1998-05-14,0.6133
1998-05-15,0.6143
1998-05-18,0.616
1998-05-19,0.6161
1998-05-20,0.6123
1998-05-21,0.6133
1998-05-22,0.6128
1998-05-26,0.6111
1998-05-27,0.6127
1998-05-28,0.6144
1998-05-29,0.6132
1998-06-01,0.6101
1998-06-02,0.6102
1998-06-03,0.6103
1998-06-04,0.6099
1998-06-05,0.6116
1998-06-08,0.6126
1998-06-09,0.6117
1998-06-10,0.6144
1998-06-11,0.6138
1998-06-12,0.6129
1998-06-15,0.6129
1998-06-16,0.6051
1998-06-17,0.6017
1998-06-18,0.5986
1998-06-19,0.5976
1998-06-22,0.5981
1998-06-23,0.6009
1998-06-24,0.5994
1998-06-25,0.598
1998-06-26,0.6021
1998-06-29,0.6008
1998-06-30,0.599
1998-07-01,0.6018
1998-07-02,0.6037
1998-07-03,0.6071
1998-07-06,0.6082
1998-07-07,0.6107
1998-07-08,0.6109
1998-07-09,0.6129
1998-07-10,0.6126
1998-07-13,0.6093
1998-07-14,0.6114
1998-07-15,0.6121
1998-07-16,0.6102
1998-07-17,0.6088
1998-07-20,0.6068
1998-07-21,0.6086
1998-07-22,0.609
1998-07-23,0.607
1998-07-24,0.6026
1998-07-27,0.6037
1998-07-28,0.6066
1998-07-29,0.6083
1998-07-30,0.6092
1998-07-31,0.6117
1998-08-03,0.6156
1998-08-04,0.6124
1998-08-05,0.6112
1998-08-06,0.6123
1998-08-07,0.6139
1998-08-10,0.6124
1998-08-11,0.6137
1998-08-12,0.6139
1998-08-13,0.6148
1998-08-14,0.6179
1998-08-17,0.6187
1998-08-18,0.6187
1998-08-19,0.6163
1998-08-20,0.6144
1998-08-21,0.6111
1998-08-24,0.6094
1998-08-25,0.6099
1998-08-26,0.6103
1998-08-27,0.6096
1998-08-28,0.5981
1998-08-31,0.5967
1998-09-01,0.5974
1998-09-02,0.5993
1998-09-03,0.5966
1998-09-04,0.5981
1998-09-08,0.6031
1998-09-09,0.6017
1998-09-10,0.5947
1998-09-11,0.5936
1998-09-14,0.5961
1998-09-15,0.5973
1998-09-16,0.5967
1998-09-17,0.5938
1998-09-18,0.594
1998-09-21,0.5936
1998-09-22,0.5939
1998-09-23,0.5953
1998-09-24,0.5901
1998-09-25,0.5874
1998-09-28,0.5869
1998-09-29,0.5859
1998-09-30,0.5884
1998-10-01,0.5867
1998-10-02,0.5873
1998-10-05,0.5917
1998-10-06,0.5941
1998-10-07,0.5893
1998-10-08,0.5807
1998-10-09,0.5872
1998-10-13,0.5877
1998-10-14,0.5863
1998-10-15,0.5873
1998-10-16,0.5872
1998-10-19,0.5884
1998-10-20,0.5862
1998-10-21,0.5881
1998-10-22,0.59
1998-10-23,0.5917
1998-10-26,0.5942
1998-10-27,0.598
1998-10-28,0.5981
1998-10-29,0.5967
1998-10-30,0.5976
1998-11-02,0.6005
1998-11-03,0.6032
1998-11-04,0.6028
1998-11-05,0.6013
1998-11-06,0.6031
1998-11-09,0.603
1998-11-10,0.6031
1998-11-12,0.6036
1998-11-13,0.6011
1998-11-16,0.5968
1998-11-17,0.5961
1998-11-18,0.5981
1998-11-19,0.5996
1998-11-20,0.6045
1998-11-23,0.6046
1998-11-24,0.6031
1998-11-25,0.6019
1998-11-27,0.6053
1998-11-30,0.6066
1998-12-01,0.6046
1998-12-02,0.6015
1998-12-03,0.6008
1998-12-04,0.6019
1998-12-07,0.605
1998-12-08,0.6046
1998-12-09,0.6031
1998-12-10,0.5999
1998-12-11,0.594
1998-12-14,0.5922
1998-12-15,0.5934
1998-12-16,0.5965
1998-12-17,0.597
1998-12-18,0.5951
1998-12-21,0.5952
1998-12-22,0.5961
1998-12-23,0.5964
1998-12-24,0.598
1998-12-28,0.5972
1998-12-29,0.594
1998-12-30,0.6001
1998-12-31,0.6014
1999-01-04,0.6031
1999-01-05,0.6036
1999-01-06,0.6043
1999-01-07,0.6062
1999-01-08,0.6096
1999-01-11,0.6107
1999-01-12,0.6132
1999-01-13,0.6063
1999-01-14,0.605
1999-01-15,0.6061
1999-01-19,0.6042
1999-01-20,0.6073
1999-01-21,0.6055
1999-01-22,0.6039
1999-01-25,0.6038
1999-01-26,0.603
1999-01-27,0.6066
1999-01-28,0.6072
1999-01-29,0.6076
1999-02-01,0.6094
1999-02-02,0.6086
1999-02-03,0.6107
1999-02-04,0.6099
1999-02-05,0.6109
1999-02-08,0.6105
1999-02-09,0.6114
1999-02-10,0.6139
1999-02-11,0.6156
1999-02-12,0.6131
1999-02-16,0.6129
1999-02-17,0.6121
1999-02-18,0.6121
1999-02-19,0.6152
1999-02-22,0.6158
1999-02-23,0.6197
1999-02-24,0.6258
1999-02-25,0.6227
1999-02-26,0.6239
1999-03-01,0.6227
1999-03-02,0.6198
1999-03-03,0.6198
1999-03-04,0.6225
1999-03-05,0.6222
1999-03-08,0.6217
1999-03-09,0.6193
1999-03-10,0.6147
1999-03-11,0.6146
1999-03-12,0.6122
1999-03-15,0.6164
1999-03-16,0.6158
1999-03-17,0.6134
1999-03-18,0.6139
1999-03-19,0.6134
1999-03-22,0.6143
1999-03-23,0.6108
1999-03-24,0.6094
1999-03-25,0.613
1999-03-26,0.6171
1999-03-29,0.6196
1999-03-30,0.6205
1999-03-31,0.6196
1999-04-01,0.6225
1999-04-02,0.6241
1999-04-05,0.6244
1999-04-06,0.6281
1999-04-07,0.626
1999-04-08,0.6218
1999-04-09,0.6224
1999-04-12,0.6201
1999-04-13,0.6198
1999-04-14,0.6202
1999-04-15,0.621
1999-04-16,0.6207
1999-04-19,0.6221
1999-04-20,0.6198
1999-04-21,0.6221
1999-04-22,0.6205
1999-04-23,0.6184
1999-04-26,0.6206
1999-04-27,0.6182
1999-04-28,0.6193
1999-04-29,0.6209
1999-04-30,0.6217
1999-05-03,0.6218
1999-05-04,0.6169
1999-05-05,0.6121
1999-05-06,0.6106
1999-05-07,0.6116
1999-05-10,0.6135
1999-05-11,0.6167
1999-05-12,0.6176
1999-05-13,0.6177
1999-05-14,0.6182
1999-05-17,0.6176
1999-05-18,0.6172
1999-05-19,0.6182
1999-05-20,0.6203
1999-05-21,0.6242
1999-05-24,0.6259
1999-05-25,0.6242
1999-05-26,0.6264
1999-05-27,0.6267
1999-05-28,0.6242
1999-06-01,0.6192
1999-06-02,0.6221
1999-06-03,0.6229
1999-06-04,0.6221
1999-06-07,0.6246
1999-06-08,0.6231
1999-06-09,0.625
1999-06-10,0.6249
1999-06-11,0.6217
1999-06-14,0.6221
1999-06-15,0.627
1999-06-16,0.6304
1999-06-17,0.6279
1999-06-18,0.628
1999-06-21,0.6293
1999-06-22,0.6291
1999-06-23,0.6334
1999-06-24,0.6316
1999-06-25,0.6292
1999-06-28,0.632
1999-06-29,0.6337
1999-06-30,0.6343
1999-07-01,0.6343
1999-07-02,0.6332
1999-07-06,0.6374
1999-07-07,0.6409
1999-07-08,0.642
1999-07-09,0.6445
1999-07-12,0.6428
1999-07-13,0.6424
1999-07-14,0.6396
1999-07-15,0.6384
1999-07-16,0.6401
1999-07-19,0.6398
1999-07-20,0.6369
1999-07-21,0.6343
1999-07-22,0.6315
1999-07-23,0.6337
1999-07-26,0.6287
1999-07-27,0.6291
1999-07-28,0.6275
1999-07-29,0.62
1999-07-30,0.617
1999-08-02,0.6194
1999-08-03,0.6179
1999-08-04,0.6173
1999-08-05,0.6174
1999-08-06,0.6193
1999-08-09,0.625
1999-08-10,0.618
1999-08-11,0.6208
1999-08-12,0.6215
1999-08-13,0.6228
1999-08-16,0.6246
1999-08-17,0.6236
1999-08-18,0.6248
1999-08-19,0.618
1999-08-20,0.6198
1999-08-23,0.622
1999-08-24,0.6271
1999-08-25,0.6303
1999-08-26,0.6299
1999-08-27,0.6295
1999-08-30,0.6299
1999-08-31,0.6217
1999-09-01,0.6241
1999-09-02,0.6215
1999-09-03,0.6239
1999-09-07,0.6228
1999-09-08,0.6179
1999-09-09,0.6123
1999-09-10,0.6179
1999-09-13,0.6215
1999-09-14,0.6217
1999-09-15,0.6207
1999-09-16,0.6154
1999-09-17,0.6164
1999-09-20,0.6161
1999-09-21,0.6131
1999-09-22,0.6111
1999-09-23,0.6107
1999-09-24,0.6087
1999-09-27,0.6077
1999-09-28,0.6066
1999-09-29,0.6088
1999-09-30,0.6076
1999-10-01,0.6042
1999-10-04,0.604
1999-10-05,0.6051
1999-10-06,0.6039
1999-10-07,0.6053
1999-10-08,0.6053
1999-10-12,0.6048
1999-10-13,0.6049
1999-10-14,0.6033
1999-10-15,0.5994
1999-10-18,0.5981
1999-10-19,0.5985
1999-10-20,0.6009
1999-10-21,0.5965
1999-10-22,0.603
1999-10-25,0.6013
1999-10-26,0.6051
1999-10-27,0.6069
1999-10-28,0.6098
1999-10-29,0.6088
1999-11-01,0.6096
1999-11-02,0.6081
1999-11-03,0.6083
1999-11-04,0.6107
1999-11-05,0.6171
1999-11-08,0.6192
1999-11-09,0.6169
1999-11-10,0.6154
1999-11-12,0.6199
1999-11-15,0.6161
1999-11-16,0.6187
1999-11-17,0.6161
1999-11-18,0.6192
1999-11-19,0.6188
1999-11-22,0.6171
1999-11-23,0.6159
1999-11-24,0.6215
1999-11-26,0.6226
1999-11-29,0.6241
1999-11-30,0.6275
1999-12-01,0.6266
1999-12-02,0.6261
1999-12-03,0.6244
1999-12-06,0.6161
1999-12-07,0.616
1999-12-08,0.6152
1999-12-09,0.6161
1999-12-10,0.6163
1999-12-13,0.6161
1999-12-14,0.6207
1999-12-15,0.6217
1999-12-16,0.6202
1999-12-17,0.6223
1999-12-20,0.6236
1999-12-21,0.621
1999-12-22,0.6227
1999-12-23,0.6188
1999-12-24,0.619
1999-12-27,0.6183
1999-12-28,0.6186
1999-12-29,0.6185
1999-12-30,0.62
1999-12-31,0.6192
2000-01-03,0.6146
2000-01-04,0.6109
2000-01-05,0.6092
2000-01-06,0.607
2000-01-07,0.6104
2000-01-10,0.6107
2000-01-11,0.6068
2000-01-12,0.6073
2000-01-13,0.6067
2000-01-14,0.6115
2000-01-18,0.6105
2000-01-19,0.6083
2000-01-20,0.6047
2000-01-21,0.6059
2000-01-24,0.6053
2000-01-25,0.6067
2000-01-26,0.6099
2000-01-27,0.6111
2000-01-28,0.6169
2000-01-31,0.618
2000-02-01,0.6192
2000-02-02,0.6227
2000-02-03,0.624
2000-02-04,0.6283
2000-02-07,0.6283
2000-02-08,0.6209
2000-02-09,0.6205
2000-02-10,0.6228
2000-02-11,0.628
2000-02-14,0.6293
2000-02-15,0.627
2000-02-16,0.6234
2000-02-17,0.6231
2000-02-18,0.6256
2000-02-22,0.6186
2000-02-23,0.6232
2000-02-24,0.6257
2000-02-25,0.6286
2000-02-28,0.6275
2000-02-29,0.6337
2000-03-01,0.631
2000-03-02,0.6343
2000-03-03,0.6325
2000-03-06,0.6356
2000-03-07,0.634
2000-03-08,0.6307
2000-03-09,0.6323
2000-03-10,0.6332
2000-03-13,0.6336
2000-03-14,0.6359
2000-03-15,0.6357
2000-03-16,0.635
2000-03-17,0.6367
2000-03-20,0.6375
2000-03-21,0.6359
2000-03-22,0.6367
2000-03-23,0.6317
2000-03-24,0.6285
2000-03-27,0.6307
2000-03-28,0.63
2000-03-29,0.6301
2000-03-30,0.6281
2000-03-31,0.6281
2000-04-03,0.6258
2000-04-04,0.6264
2000-04-05,0.6289
2000-04-06,0.6329
2000-04-07,0.6317
2000-04-10,0.6318
2000-04-11,0.63
2000-04-12,0.6296
2000-04-13,0.6297
2000-04-14,0.6305
2000-04-17,0.6308
2000-04-18,0.6344
2000-04-19,0.6338
2000-04-20,0.6329
2000-04-21,0.6335
2000-04-24,0.6329
2000-04-25,0.6334
2000-04-26,0.6331
2000-04-27,0.635
2000-04-28,0.6427
2000-05-01,0.6428
2000-05-02,0.6414
2000-05-03,0.6408
2000-05-04,0.6479
2000-05-05,0.6541
2000-05-08,0.6532
2000-05-09,0.653
2000-05-10,0.6599
2000-05-11,0.6668
2000-05-12,0.6591
2000-05-15,0.6633
2000-05-16,0.6663
2000-05-17,0.6709
2000-05-18,0.6749
2000-05-19,0.6732
2000-05-22,0.6708
2000-05-23,0.679
2000-05-24,0.6777
2000-05-25,0.68
2000-05-26,0.6723
2000-05-30,0.6689
2000-05-31,0.6681
2000-06-01,0.6705
2000-06-02,0.6632
2000-06-05,0.6607
2000-06-06,0.6564
2000-06-07,0.6568
2000-06-08,0.664
2000-06-09,0.6632
2000-06-12,0.6614
2000-06-13,0.6609
2000-06-14,0.6656
2000-06-15,0.6621
2000-06-16,0.6594
2000-06-19,0.6599
2000-06-20,0.6623
2000-06-21,0.668
2000-06-22,0.6618
2000-06-23,0.6662
2000-06-26,0.6671
2000-06-27,0.6667
2000-06-28,0.6619
2000-06-29,0.6582
2000-06-30,0.6609
2000-07-03,0.6607
2000-07-05,0.6614
2000-07-06,0.6614
2000-07-07,0.6604
2000-07-10,0.6606
2000-07-11,0.6605
2000-07-12,0.6637
2000-07-13,0.6671
2000-07-14,0.6671
2000-07-17,0.6702
2000-07-18,0.6691
2000-07-19,0.6693
2000-07-20,0.6625
2000-07-21,0.6593
2000-07-24,0.6605
2000-07-25,0.6583
2000-07-26,0.6599
2000-07-27,0.6616
2000-07-28,0.6656
2000-07-31,0.6674
2000-08-01,0.667
2000-08-02,0.67
2000-08-03,0.669
2000-08-04,0.6657
2000-08-07,0.6636
2000-08-08,0.6657
2000-08-09,0.667
2000-08-10,0.6676
2000-08-11,0.6649
2000-08-14,0.664
2000-08-15,0.6642
2000-08-16,0.6672
2000-08-17,0.667
2000-08-18,0.6714
2000-08-21,0.6711
2000-08-22,0.6758
2000-08-23,0.6751
2000-08-24,0.6754
2000-08-25,0.6782
2000-08-28,0.6795
2000-08-29,0.6842
2000-08-30,0.6868
2000-08-31,0.6889
2000-09-01,0.6847
2000-09-05,0.6886
2000-09-06,0.6918
2000-09-07,0.6954
2000-09-08,0.7044
2000-09-11,0.7081
2000-09-12,0.7133
2000-09-13,0.708
2000-09-14,0.7112
2000-09-15,0.714
2000-09-18,0.7135
2000-09-19,0.7102
2000-09-20,0.7089
2000-09-21,0.7003
2000-09-22,0.6864
2000-09-25,0.6878
2000-09-26,0.6849
2000-09-27,0.6846
2000-09-28,0.6833
2000-09-29,0.6763
2000-10-02,0.6814
2000-10-03,0.6866
2000-10-04,0.6869
2000-10-05,0.6896
2000-10-06,0.6923
2000-10-10,0.6904
2000-10-11,0.684
2000-10-12,0.6787
2000-10-13,0.6851
2000-10-16,0.6918
2000-10-17,0.6932
2000-10-18,0.6914
2000-10-19,0.6934
2000-10-20,0.6921
2000-10-23,0.6873
2000-10-24,0.6901
2000-10-25,0.6976
2000-10-26,0.6987
2000-10-27,0.6888
2000-10-30,0.6882
2000-10-31,0.6894
2000-11-01,0.6919
2000-11-02,0.6925
2000-11-03,0.6904
2000-11-06,0.6983
2000-11-07,0.6988
2000-11-08,0.7024
2000-11-09,0.7021
2000-11-10,0.6991
2000-11-13,0.695
2000-11-14,0.699
2000-11-15,0.7014
2000-11-16,0.7028
2000-11-17,0.7027
2000-11-20,0.7031
2000-11-21,0.7062
2000-11-22,0.7104
2000-11-24,0.7144
2000-11-27,0.7065
2000-11-28,0.7051
2000-11-29,0.7038
2000-11-30,0.7037
2000-12-01,0.6957
2000-12-04,0.6886
2000-12-05,0.694
2000-12-06,0.6961
2000-12-07,0.6944
2000-12-08,0.6924
2000-12-11,0.6871
2000-12-12,0.6906
2000-12-13,0.6892
2000-12-14,0.6819
2000-12-15,0.6774
2000-12-18,0.6813
2000-12-19,0.684
2000-12-20,0.6786
2000-12-21,0.6799
2000-12-22,0.6765
2000-12-26,0.6757
2000-12-27,0.6706
2000-12-28,0.6708
2000-12-29,0.6687
2001-01-02,0.6677
2001-01-03,0.6647
2001-01-04,0.6698
2001-01-05,0.6671
2001-01-08,0.668
2001-01-09,0.6711
2001-01-10,0.6707
2001-01-11,0.6682
2001-01-12,0.6767
2001-01-16,0.6814
2001-01-17,0.6792
2001-01-18,0.6777
2001-01-19,0.6811
2001-01-22,0.6826
2001-01-23,0.6796
2001-01-24,0.6842
2001-01-25,0.6847
2001-01-26,0.6854
2001-01-29,0.6863
2001-01-30,0.6842
2001-01-31,0.6843
2001-02-01,0.6768
2001-02-02,0.6806
2001-02-05,0.678
2001-02-06,0.6856
2001-02-07,0.6834
2001-02-08,0.6925
2001-02-09,0.6901
2001-02-12,0.689
2001-02-13,0.6892
2001-02-14,0.686
2001-02-15,0.6901
2001-02-16,0.6894
2001-02-20,0.6927
2001-02-21,0.6952
2001-02-22,0.6922
2001-02-23,0.6911
2001-02-26,0.6925
2001-02-27,0.6942
2001-02-28,0.6929
2001-03-01,0.6871
2001-03-02,0.6791
2001-03-05,0.6809
2001-03-06,0.6824
2001-03-07,0.6844
2001-03-08,0.6818
2001-03-09,0.6814
2001-03-12,0.6817
2001-03-13,0.689
2001-03-14,0.6898
2001-03-15,0.6927
2001-03-16,0.701
2001-03-19,0.7024
2001-03-20,0.7
2001-03-21,0.6988
2001-03-22,0.7031
2001-03-23,0.6997
2001-03-26,0.6971
2001-03-27,0.6998
2001-03-28,0.6968
2001-03-29,0.6992
2001-03-30,0.7047
2001-04-02,0.7042
2001-04-03,0.6991
2001-04-04,0.6969
2001-04-05,0.701
2001-04-06,0.6953
2001-04-09,0.6911
2001-04-10,0.6964
2001-04-11,0.6974
2001-04-12,0.6949
2001-04-13,0.6967
2001-04-16,0.6964
2001-04-17,0.6999
2001-04-18,0.7014
2001-04-19,0.6961
2001-04-20,0.6931
2001-04-23,0.6956
2001-04-24,0.6961
2001-04-25,0.6946
2001-04-26,0.6955
2001-04-27,0.6963
2001-04-30,0.699
2001-05-01,0.6974
2001-05-02,0.6971
2001-05-03,0.6982
2001-05-04,0.6963
2001-05-07,0.6944
2001-05-08,0.6986
2001-05-09,0.7038
2001-05-10,0.7049
2001-05-11,0.7054
2001-05-14,0.7054
2001-05-15,0.7024
2001-05-16,0.6996
2001-05-17,0.6988
2001-05-18,0.6977
2001-05-21,0.6954
2001-05-22,0.7004
2001-05-23,0.702
2001-05-24,0.7091
2001-05-25,0.7039
2001-05-29,0.7049
2001-05-30,0.7017
2001-05-31,0.7055
2001-06-01,0.7062
2001-06-04,0.7081
2001-06-05,0.7086
2001-06-06,0.7191
2001-06-07,0.7194
2001-06-08,0.7237
2001-06-11,0.7283
2001-06-12,0.7256
2001-06-13,0.719
2001-06-14,0.714
2001-06-15,0.7114
2001-06-18,0.7126
2001-06-19,0.7139
2001-06-20,0.7167
2001-06-21,0.7059
2001-06-22,0.7072
2001-06-25,0.7077
2001-06-26,0.7065
2001-06-27,0.7047
2001-06-28,0.7107
2001-06-29,0.7104
2001-07-02,0.7058
2001-07-03,0.7113
2001-07-05,0.7144
2001-07-06,0.7089
2001-07-09,0.7102
2001-07-10,0.7093
2001-07-11,0.7082
2001-07-12,0.711
2001-07-13,0.7145
2001-07-16,0.7137
2001-07-17,0.7124
2001-07-18,0.7062
2001-07-19,0.7047
2001-07-20,0.6998
2001-07-23,0.705
2001-07-24,0.7031
2001-07-25,0.7003
2001-07-26,0.701
2001-07-27,0.7015
2001-07-30,0.7013
2001-07-31,0.7017
2001-08-01,0.6978
2001-08-02,0.6995
2001-08-03,0.7009
2001-08-06,0.7055
2001-08-07,0.7058
2001-08-08,0.7075
2001-08-09,0.7033
2001-08-10,0.7006
2001-08-13,0.7034
2001-08-14,0.7
2001-08-15,0.6955
2001-08-16,0.6926
2001-08-17,0.6913
2001-08-20,0.6923
2001-08-21,0.6912
2001-08-22,0.6879
2001-08-23,0.6907
2001-08-24,0.6924
2001-08-27,0.693
2001-08-28,0.6896
2001-08-29,0.6889
2001-08-30,0.686
2001-08-31,0.6892
2001-09-04,0.6923
2001-09-05,0.6871
2001-09-06,0.6868
2001-09-07,0.6837
2001-09-10,0.6856
2001-09-12,0.6818
2001-09-13,0.6804
2001-09-14,0.6813
2001-09-17,0.6821
2001-09-18,0.6833
2001-09-19,0.6796
2001-09-20,0.683
2001-09-21,0.6874
2001-09-24,0.6842
2001-09-25,0.6806
2001-09-26,0.6782
2001-09-27,0.6787
2001-09-28,0.6807
2001-10-01,0.6764
2001-10-02,0.6841
2001-10-03,0.6777
2001-10-04,0.6769
2001-10-05,0.6759
2001-10-09,0.6847
2001-10-10,0.6901
2001-10-11,0.6937
2001-10-12,0.6888
2001-10-15,0.6911
2001-10-16,0.6907
2001-10-17,0.6894
2001-10-18,0.6925
2001-10-19,0.6958
2001-10-22,0.701
2001-10-23,0.7035
2001-10-24,0.7011
2001-10-25,0.699
2001-10-26,0.697
2001-10-29,0.6885
2001-10-30,0.6875
2001-10-31,0.688
2001-11-01,0.684
2001-11-02,0.6842
2001-11-05,0.6863
2001-11-06,0.6854
2001-11-07,0.6826
2001-11-08,0.6878
2001-11-09,0.6862
2001-11-13,0.6932
2001-11-14,0.693
2001-11-15,0.6988
2001-11-16,0.7004
2001-11-19,0.7089
2001-11-20,0.7052
2001-11-21,0.7065
2001-11-23,0.7095
2001-11-26,0.708
2001-11-27,0.7074
2001-11-28,0.7025
2001-11-29,0.7026
2001-11-30,0.7015
2001-12-03,0.7034
2001-12-04,0.7034
2001-12-05,0.706
2001-12-06,0.7018
2001-12-07,0.6986
2001-12-10,0.6973
2001-12-11,0.6961
2001-12-12,0.6925
2001-12-13,0.6919
2001-12-14,0.6874
2001-12-17,0.6855
2001-12-18,0.6866
2001-12-19,0.6893
2001-12-20,0.6914
2001-12-21,0.6952
2001-12-24,0.6952
2001-12-26,0.6901
2001-12-27,0.6878
2001-12-28,0.6908
2001-12-31,0.6876
2002-01-02,0.692
2002-01-03,0.6944
2002-01-04,0.6918
2002-01-07,0.6952
2002-01-08,0.6932
2002-01-09,0.6957
2002-01-10,0.6929
2002-01-11,0.6921
2002-01-14,0.6905
2002-01-15,0.692
2002-01-16,0.6957
2002-01-17,0.697
2002-01-18,0.6961
2002-01-22,0.6995
2002-01-23,0.7006
2002-01-24,0.7028
2002-01-25,0.7094
2002-01-28,0.7105
2002-01-29,0.7076
2002-01-30,0.7062
2002-01-31,0.7082
2002-02-01,0.7063
2002-02-04,0.7044
2002-02-05,0.7057
2002-02-06,0.7073
2002-02-07,0.7084
2002-02-08,0.7054
2002-02-11,0.7024
2002-02-12,0.6982
2002-02-13,0.6994
2002-02-14,0.7
2002-02-15,0.6986
2002-02-19,0.6992
2002-02-20,0.7008
2002-02-21,0.7016
2002-02-22,0.6993
2002-02-25,0.7011
2002-02-26,0.703
2002-02-27,0.706
2002-02-28,0.7078
2002-03-01,0.7047
2002-03-04,0.7028
2002-03-05,0.7036
2002-03-06,0.7023
2002-03-07,0.702
2002-03-08,0.7029
2002-03-11,0.7032
2002-03-12,0.7069
2002-03-13,0.7064
2002-03-14,0.7042
2002-03-15,0.7023
2002-03-18,0.7015
2002-03-19,0.7036
2002-03-20,0.7013
2002-03-21,0.6999
2002-03-22,0.7011
2002-03-25,0.7015
2002-03-26,0.7008
2002-03-27,0.7023
2002-03-28,0.7021
2002-03-29,0.7018
2002-04-01,0.6941
2002-04-02,0.6965
2002-04-03,0.6969
2002-04-04,0.6969
2002-04-05,0.6969
2002-04-08,0.6988
2002-04-09,0.6971
2002-04-10,0.6961
2002-04-11,0.6953
2002-04-12,0.6958
2002-04-15,0.6958
2002-04-16,0.6946
2002-04-17,0.6926
2002-04-18,0.6907
2002-04-19,0.691
2002-04-22,0.6902
2002-04-23,0.6903
2002-04-24,0.6906
2002-04-25,0.6878
2002-04-26,0.6875
2002-04-29,0.6853
2002-04-30,0.6866
2002-05-01,0.6839
2002-05-02,0.6828
2002-05-03,0.6819
2002-05-06,0.6814
2002-05-07,0.6814
2002-05-08,0.6881
2002-05-09,0.6856
2002-05-10,0.6847
2002-05-13,0.6855
2002-05-14,0.6909
2002-05-15,0.6869
2002-05-16,0.6865
2002-05-17,0.6848
2002-05-20,0.6855
2002-05-21,0.6864
2002-05-22,0.6854
2002-05-23,0.6875
2002-05-24,0.686
2002-05-28,0.6841
2002-05-29,0.6849
2002-05-30,0.6824
2002-05-31,0.6838
2002-06-03,0.6839
2002-06-04,0.6847
2002-06-05,0.6862
2002-06-06,0.6853
2002-06-07,0.6847
2002-06-10,0.6845
2002-06-11,0.6809
2002-06-12,0.68
2002-06-13,0.6799
2002-06-14,0.6787
2002-06-17,0.6765
2002-06-18,0.6726
2002-06-19,0.6724
2002-06-20,0.6675
2002-06-21,0.6672
2002-06-24,0.6642
2002-06-25,0.6667
2002-06-26,0.6572
2002-06-27,0.6542
2002-06-28,0.656
2002-07-01,0.6533
2002-07-02,0.6536
2002-07-03,0.655
2002-07-05,0.6576
2002-07-08,0.6516
2002-07-09,0.6466
2002-07-10,0.6459
2002-07-11,0.6433
2002-07-12,0.6452
2002-07-15,0.6387
2002-07-16,0.6372
2002-07-17,0.6377
2002-07-18,0.6376
2002-07-19,0.6335
2002-07-22,0.6329
2002-07-23,0.6387
2002-07-24,0.6351
2002-07-25,0.6348
2002-07-26,0.6396
2002-07-29,0.6423
2002-07-30,0.6359
2002-07-31,0.64
2002-08-01,0.6419
2002-08-02,0.6366
2002-08-05,0.6384
2002-08-06,0.6501
2002-08-07,0.6513
2002-08-08,0.6545
2002-08-09,0.6564
2002-08-12,0.6529
2002-08-13,0.6532
2002-08-14,0.6476
2002-08-15,0.651
2002-08-16,0.6505
2002-08-19,0.6548
2002-08-20,0.6551
2002-08-21,0.6538
2002-08-22,0.6582
2002-08-23,0.6572
2002-08-26,0.6563
2002-08-27,0.6534
2002-08-28,0.6509
2002-08-29,0.6458
2002-08-30,0.6462
2002-09-03,0.64
2002-09-04,0.6393
2002-09-05,0.6386
2002-09-06,0.6411
2002-09-09,0.6416
2002-09-10,0.6433
2002-09-11,0.6455
2002-09-12,0.6431
2002-09-13,0.6416
2002-09-16,0.6477
2002-09-17,0.6518
2002-09-18,0.6441
2002-09-19,0.6433
2002-09-20,0.6428
2002-09-23,0.6421
2002-09-24,0.6425
2002-09-25,0.64
2002-09-26,0.6425
2002-09-27,0.6432
2002-09-30,0.6369
2002-10-01,0.6366
2002-10-02,0.6388
2002-10-03,0.6368
2002-10-04,0.6373
2002-10-07,0.6393
2002-10-08,0.6423
2002-10-09,0.6412
2002-10-10,0.64
2002-10-11,0.6408
2002-10-15,0.6434
2002-10-16,0.6434
2002-10-17,0.6441
2002-10-18,0.6468
2002-10-21,0.6486
2002-10-22,0.6467
2002-10-23,0.6452
2002-10-24,0.6461
2002-10-25,0.6438
2002-10-28,0.6409
2002-10-29,0.6416
2002-10-30,0.6423
2002-10-31,0.6398
2002-11-01,0.6395
2002-11-04,0.6433
2002-11-05,0.64
2002-11-06,0.6414
2002-11-07,0.6331
2002-11-08,0.6283
2002-11-12,0.6298
2002-11-13,0.6309
2002-11-14,0.6334
2002-11-15,0.6333
2002-11-18,0.6333
2002-11-19,0.6297
2002-11-20,0.6349
2002-11-21,0.6348
2002-11-22,0.6338
2002-11-25,0.6383
2002-11-26,0.6458
2002-11-27,0.6477
2002-11-29,0.643
2002-12-02,0.6429
2002-12-03,0.6375
2002-12-04,0.6377
2002-12-05,0.6366
2002-12-06,0.6357
2002-12-09,0.6335
2002-12-10,0.637
2002-12-11,0.6352
2002-12-12,0.6329
2002-12-13,0.6291
2002-12-16,0.6287
2002-12-17,0.6264
2002-12-18,0.625
2002-12-19,0.6255
2002-12-20,0.6244
2002-12-23,0.6301
2002-12-24,0.6266
2002-12-26,0.6259
2002-12-27,0.6241
2002-12-30,0.6233
2002-12-31,0.6213
2003-01-02,0.626
2003-01-03,0.6232
2003-01-06,0.6219
2003-01-07,0.6229
2003-01-08,0.6225
2003-01-09,0.6236
2003-01-10,0.6219
2003-01-13,0.6238
2003-01-14,0.6223
2003-01-15,0.6239
2003-01-16,0.6222
2003-01-17,0.6183
2003-01-21,0.6202
2003-01-22,0.6187
2003-01-23,0.616
2003-01-24,0.6127
2003-01-27,0.6116
2003-01-28,0.6098
2003-01-29,0.6076
2003-01-30,0.6067
2003-01-31,0.608
2003-02-03,0.6096
2003-02-04,0.6068
2003-02-05,0.6077
2003-02-06,0.6115
2003-02-07,0.6141
2003-02-10,0.6144
2003-02-11,0.6176
2003-02-12,0.619
2003-02-13,0.6169
2003-02-14,0.6209
2003-02-18,0.6281
2003-02-19,0.6267
2003-02-20,0.6279
2003-02-21,0.6304
2003-02-24,0.6305
2003-02-25,0.6358
2003-02-26,0.6327
2003-02-27,0.633
2003-02-28,0.6354
2003-03-03,0.6347
2003-03-04,0.6321
2003-03-05,0.6249
2003-03-06,0.6231
2003-03-07,0.6242
2003-03-10,0.6247
2003-03-11,0.6235
2003-03-12,0.62
2003-03-13,0.6228
2003-03-14,0.6321
2003-03-17,0.6377
2003-03-18,0.64
2003-03-19,0.6391
2003-03-20,0.6382
2003-03-21,0.6386
2003-03-24,0.635
2003-03-25,0.6367
2003-03-26,0.6352
2003-03-27,0.6379
2003-03-28,0.638
2003-03-31,0.6333
2003-04-01,0.6342
2003-04-02,0.6386
2003-04-03,0.6362
2003-04-04,0.6411
2003-04-07,0.6452
2003-04-08,0.6449
2003-04-09,0.6426
2003-04-10,0.6362
2003-04-11,0.6364
2003-04-14,0.6364
2003-04-15,0.6367
2003-04-16,0.6353
2003-04-17,0.635
2003-04-18,0.6356
2003-04-21,0.6414
2003-04-22,0.6342
2003-04-23,0.6323
2003-04-24,0.6261
2003-04-25,0.6283
2003-04-28,0.6287
2003-04-29,0.6288
2003-04-30,0.625
2003-05-01,0.621
2003-05-02,0.6242
2003-05-05,0.6227
2003-05-06,0.6196
2003-05-07,0.6277
2003-05-08,0.6237
2003-05-09,0.6232
2003-05-12,0.6213
2003-05-13,0.6214
2003-05-14,0.6187
2003-05-15,0.6149
2003-05-16,0.6157
2003-05-19,0.6115
2003-05-20,0.61
2003-05-21,0.6092
2003-05-22,0.6118
2003-05-23,0.6106
2003-05-27,0.6098
2003-05-28,0.6116
2003-05-29,0.6066
2003-05-30,0.61
2003-06-02,0.6108
2003-06-03,0.6143
2003-06-04,0.6123
2003-06-05,0.6025
2003-06-06,0.6016
2003-06-09,0.6078
2003-06-10,0.6052
2003-06-11,0.5997
2003-06-12,0.5994
2003-06-13,0.5997
2003-06-16,0.5947
2003-06-17,0.5938
2003-06-18,0.5953
2003-06-19,0.5974
2003-06-20,0.6008
2003-06-23,0.5994
2003-06-24,0.6022
2003-06-25,0.5957
2003-06-26,0.601
2003-06-27,0.6064
2003-06-30,0.605
2003-07-01,0.6015
2003-07-02,0.6007
2003-07-03,0.5982
2003-07-07,0.6055
2003-07-08,0.6125
2003-07-09,0.6133
2003-07-10,0.6125
2003-07-11,0.6126
2003-07-14,0.6158
2003-07-15,0.6255
2003-07-16,0.6269
2003-07-17,0.6292
2003-07-18,0.6302
2003-07-21,0.6246
2003-07-22,0.6259
2003-07-23,0.6215
2003-07-24,0.6207
2003-07-25,0.6174
2003-07-28,0.6146
2003-07-29,0.6163
2003-07-30,0.6185
2003-07-31,0.6215
2003-08-01,0.6232
2003-08-04,0.6219
2003-08-05,0.6217
2003-08-06,0.6219
2003-08-07,0.6184
2003-08-08,0.6219
2003-08-11,0.6224
2003-08-12,0.6239
2003-08-13,0.6218
2003-08-14,0.625
2003-08-15,0.6266
2003-08-18,0.6293
2003-08-19,0.63
2003-08-20,0.6281
2003-08-21,0.6311
2003-08-22,0.6347
2003-08-25,0.6358
2003-08-26,0.6356
2003-08-27,0.6351
2003-08-28,0.6341
2003-08-29,0.634
2003-09-02,0.6353
2003-09-03,0.6356
2003-09-04,0.6335
2003-09-05,0.6293
2003-09-08,0.6306
2003-09-09,0.6286
2003-09-10,0.629
2003-09-11,0.6275
2003-09-12,0.6226
2003-09-15,0.6243
2003-09-16,0.6301
2003-09-17,0.6233
2003-09-18,0.619
2003-09-19,0.6129
2003-09-22,0.6071
2003-09-23,0.6039
2003-09-24,0.6039
2003-09-25,0.6029
2003-09-26,0.6025
2003-09-29,0.6009
2003-09-30,0.6017
2003-10-01,0.6
2003-10-02,0.597
2003-10-03,0.6013
2003-10-06,0.5973
2003-10-07,0.6014
2003-10-08,0.6025
2003-10-09,0.6021
2003-10-10,0.6005
2003-10-14,0.5975
2003-10-15,0.5989
2003-10-16,0.5967
2003-10-17,0.5981
2003-10-20,0.5971
2003-10-21,0.5972
2003-10-22,0.5905
2003-10-23,0.5902
2003-10-24,0.5892
2003-10-27,0.5899
2003-10-28,0.5898
2003-10-29,0.5887
2003-10-30,0.5874
2003-10-31,0.5898
2003-11-03,0.5957
2003-11-04,0.5952
2003-11-05,0.5959
2003-11-06,0.5991
2003-11-07,0.5985
2003-11-10,0.5975
2003-11-12,0.5963
2003-11-13,0.5924
2003-11-14,0.5938
2003-11-17,0.5922
2003-11-18,0.5883
2003-11-19,0.5889
2003-11-20,0.5874
2003-11-21,0.5874
2003-11-24,0.59
2003-11-25,0.5888
2003-11-26,0.5851
2003-11-28,0.5808
2003-12-01,0.5811
2003-12-02,0.5783
2003-12-03,0.5798
2003-12-04,0.5814
2003-12-05,0.579
2003-12-08,0.5769
2003-12-09,0.5737
2003-12-10,0.5732
2003-12-11,0.5732
2003-12-12,0.5725
2003-12-15,0.5731
2003-12-16,0.5711
2003-12-17,0.5677
2003-12-18,0.5658
2003-12-19,0.5658
2003-12-22,0.5671
2003-12-23,0.5666
2003-12-24,0.5634
2003-12-26,0.5642
2003-12-29,0.5648
2003-12-30,0.5622
2003-12-31,0.5605
2004-01-02,0.5586
2004-01-05,0.5529
2004-01-06,0.5481
2004-01-07,0.5497
2004-01-08,0.5453
2004-01-09,0.5414
2004-01-12,0.5402
2004-01-13,0.5425
2004-01-14,0.5432
2004-01-15,0.5493
2004-01-16,0.5557
2004-01-20,0.5498
2004-01-21,0.5466
2004-01-22,0.5421
2004-01-23,0.5494
2004-01-26,0.5495
2004-01-27,0.5471
2004-01-28,0.5444
2004-01-29,0.5521
2004-01-30,0.549
2004-02-02,0.55
2004-02-03,0.5441
2004-02-04,0.5454
2004-02-05,0.5441
2004-02-06,0.5417
2004-02-09,0.5382
2004-02-10,0.5348
2004-02-11,0.5305
2004-02-12,0.5288
2004-02-13,0.5311
2004-02-17,0.5251
2004-02-18,0.5257
2004-02-19,0.5285
2004-02-20,0.5357
2004-02-23,0.5352
2004-02-24,0.5291
2004-02-25,0.5331
2004-02-26,0.5374
2004-02-27,0.5384
2004-03-01,0.5353
2004-03-02,0.5439
2004-03-03,0.5497
2004-03-04,0.5479
2004-03-05,0.5427
2004-03-08,0.5414
2004-03-09,0.5436
2004-03-10,0.5556
2004-03-11,0.5553
2004-03-12,0.5573
2004-03-15,0.5558
2004-03-16,0.5523
2004-03-17,0.5515
2004-03-18,0.5446
2004-03-19,0.5473
2004-03-22,0.541
2004-03-23,0.5405
2004-03-24,0.5449
2004-03-25,0.5525
2004-03-26,0.5524
2004-03-29,0.5506
2004-03-30,0.547
2004-03-31,0.5435
2004-04-01,0.5387
2004-04-02,0.5467
2004-04-05,0.5513
2004-04-06,0.5442
2004-04-07,0.5432
2004-04-08,0.5457
2004-04-09,0.5458
2004-04-12,0.5447
2004-04-13,0.5507
2004-04-14,0.5586
2004-04-15,0.5623
2004-04-16,0.5554
2004-04-19,0.5539
2004-04-20,0.5582
2004-04-21,0.5643
2004-04-22,0.5655
2004-04-23,0.5658
2004-04-26,0.56
2004-04-27,0.5579
2004-04-28,0.5643
2004-04-29,0.5633
2004-04-30,0.5636
2004-05-03,0.5643
2004-05-04,0.5584
2004-05-05,0.5577
2004-05-06,0.5574
2004-05-07,0.5605
2004-05-10,0.5642
2004-05-11,0.57
2004-05-12,0.5636
2004-05-13,0.5687
2004-05-14,0.5691
2004-05-17,0.5651
2004-05-18,0.5651
2004-05-19,0.5609
2004-05-20,0.5647
2004-05-21,0.5593
2004-05-24,0.5584
2004-05-25,0.5514
2004-05-26,0.5512
2004-05-27,0.5444
2004-05-28,0.5456
2004-06-01,0.5447
2004-06-02,0.544
2004-06-03,0.5439
2004-06-04,0.5445
2004-06-07,0.5439
2004-06-08,0.5446
2004-06-09,0.5467
2004-06-10,0.5441
2004-06-11,0.5502
2004-06-14,0.551
2004-06-15,0.5471
2004-06-16,0.5476
2004-06-17,0.5452
2004-06-18,0.5444
2004-06-21,0.5461
2004-06-22,0.5489
2004-06-23,0.5499
2004-06-24,0.549
2004-06-25,0.5489
2004-06-28,0.5466
2004-06-29,0.5528
2004-06-30,0.5517
2004-07-01,0.5507
2004-07-02,0.5464
2004-07-06,0.5428
2004-07-07,0.5385
2004-07-08,0.5386
2004-07-09,0.5389
2004-07-12,0.5365
2004-07-13,0.5394
2004-07-14,0.5387
2004-07-15,0.5392
2004-07-16,0.5345
2004-07-19,0.5338
2004-07-20,0.5389
2004-07-21,0.5448
2004-07-22,0.5414
2004-07-23,0.5458
2004-07-26,0.5437
2004-07-27,0.5489
2004-07-28,0.5488
2004-07-29,0.5502
2004-07-30,0.55
2004-08-02,0.5473
2004-08-03,0.5482
2004-08-04,0.548
2004-08-05,0.5485
2004-08-06,0.5417
2004-08-09,0.5434
2004-08-10,0.5439
2004-08-11,0.547
2004-08-12,0.5491
2004-08-13,0.5425
2004-08-16,0.5437
2004-08-17,0.5468
2004-08-18,0.5487
2004-08-19,0.5461
2004-08-20,0.5491
2004-08-23,0.5512
2004-08-24,0.5576
2004-08-25,0.5566
2004-08-26,0.5574
2004-08-27,0.558
2004-08-30,0.5579
2004-08-31,0.5546
2004-09-01,0.5574
2004-09-02,0.5582
2004-09-03,0.5631
2004-09-07,0.5639
2004-09-08,0.5592
2004-09-09,0.5601
2004-09-10,0.5562
2004-09-13,0.5569
2004-09-14,0.5555
2004-09-15,0.5627
2004-09-16,0.5584
2004-09-17,0.558
2004-09-20,0.5593
2004-09-21,0.5572
2004-09-22,0.5571
2004-09-23,0.5555
2004-09-24,0.5546
2004-09-27,0.5532
2004-09-28,0.5523
2004-09-29,0.5565
2004-09-30,0.5528
2004-10-01,0.5563
2004-10-04,0.5609
2004-10-05,0.5609
2004-10-06,0.5621
2004-10-07,0.5611
2004-10-08,0.5576
2004-10-12,0.5593
2004-10-13,0.559
2004-10-14,0.5564
2004-10-15,0.5541
2004-10-18,0.5552
2004-10-19,0.5544
2004-10-20,0.5498
2004-10-21,0.5465
2004-10-22,0.5471
2004-10-25,0.5434
2004-10-26,0.5444
2004-10-27,0.5458
2004-10-28,0.5459
2004-10-29,0.5451
2004-11-01,0.5458
2004-11-02,0.5439
2004-11-03,0.5422
2004-11-04,0.5423
2004-11-05,0.5393
2004-11-08,0.5387
2004-11-09,0.538
2004-11-10,0.5412
2004-11-12,0.539
2004-11-15,0.5411
2004-11-16,0.5393
2004-11-17,0.5382
2004-11-18,0.5401
2004-11-19,0.5376
2004-11-22,0.5379
2004-11-23,0.5344
2004-11-24,0.5315
2004-11-26,0.5273
2004-11-29,0.5278
2004-11-30,0.5243
2004-12-01,0.5182
2004-12-02,0.5202
2004-12-03,0.5161
2004-12-06,0.5149
2004-12-07,0.5139
2004-12-08,0.5186
2004-12-09,0.5212
2004-12-10,0.5226
2004-12-13,0.5199
2004-12-14,0.5198
2004-12-15,0.5142
2004-12-16,0.5161
2004-12-17,0.5157
2004-12-20,0.5133
2004-12-21,0.5191
2004-12-22,0.5229
2004-12-23,0.521
2004-12-24,0.5199
2004-12-27,0.5163
2004-12-28,0.5177
2004-12-29,0.522
2004-12-30,0.5203
2004-12-31,0.5219
2005-01-03,0.5247
2005-01-04,0.531
2005-01-05,0.5298
2005-01-06,0.5333
2005-01-07,0.5347
2005-01-10,0.5333
2005-01-11,0.532
2005-01-12,0.5282
2005-01-13,0.531
2005-01-14,0.5349
2005-01-18,0.535
2005-01-19,0.5336
2005-01-20,0.5342
2005-01-21,0.5336
2005-01-24,0.5325
2005-01-25,0.5363
2005-01-26,0.531
2005-01-27,0.5301
2005-01-28,0.5305
2005-01-31,0.5305
2005-02-01,0.5321
2005-02-02,0.5312
2005-02-03,0.5318
2005-02-04,0.5305
2005-02-07,0.5374
2005-02-08,0.5385
2005-02-09,0.5382
2005-02-10,0.5345
2005-02-11,0.5359
2005-02-14,0.5286
2005-02-15,0.5293
2005-02-16,0.5325
2005-02-17,0.5277
2005-02-18,0.5277
2005-02-22,0.5238
2005-02-23,0.5245
2005-02-24,0.5235
2005-02-25,0.5222
2005-02-28,0.5195
2005-03-01,0.5207
2005-03-02,0.5229
2005-03-03,0.5236
2005-03-04,0.5197
2005-03-07,0.5219
2005-03-08,0.5183
2005-03-09,0.5198
2005-03-10,0.5199
2005-03-11,0.5192
2005-03-14,0.5231
2005-03-15,0.5226
2005-03-16,0.5191
2005-03-17,0.5198
2005-03-18,0.5211
2005-03-21,0.527
2005-03-22,0.5264
2005-03-23,0.5344
2005-03-24,0.5345
2005-03-25,0.5352
2005-03-28,0.536
2005-03-29,0.5333
2005-03-30,0.5315
2005-03-31,0.5294
2005-04-01,0.5322
2005-04-04,0.5338
2005-04-05,0.5327
2005-04-06,0.5323
2005-04-07,0.5328
2005-04-08,0.5312
2005-04-11,0.5289
2005-04-12,0.5307
2005-04-13,0.5283
2005-04-14,0.5317
2005-04-15,0.5283
2005-04-18,0.5249
2005-04-19,0.5218
2005-04-20,0.5209
2005-04-21,0.5235
2005-04-22,0.5222
2005-04-25,0.5231
2005-04-26,0.5252
2005-04-27,0.525
2005-04-28,0.5236
2005-04-29,0.523
2005-05-02,0.5275
2005-05-03,0.5288
2005-05-04,0.5263
2005-05-05,0.525
2005-05-06,0.5285
2005-05-09,0.5309
2005-05-10,0.5311
2005-05-11,0.5338
2005-05-12,0.5362
2005-05-13,0.5397
2005-05-16,0.5444
2005-05-17,0.5434
2005-05-18,0.544
2005-05-19,0.5445
2005-05-20,0.5481
2005-05-23,0.5468
2005-05-24,0.5468
2005-05-25,0.5461
2005-05-26,0.5493
2005-05-27,0.5486
2005-05-31,0.5485
2005-06-01,0.5519
2005-06-02,0.5508
2005-06-03,0.5519
2005-06-06,0.5492
2005-06-07,0.5459
2005-06-08,0.5444
2005-06-09,0.5492
2005-06-10,0.5516
2005-06-13,0.5552
2005-06-14,0.5536
2005-06-15,0.5489
2005-06-16,0.5493
2005-06-17,0.5475
2005-06-20,0.5485
2005-06-21,0.5482
2005-06-22,0.5489
2005-06-23,0.5501
2005-06-24,0.5488
2005-06-27,0.5479
2005-06-28,0.5508
2005-06-29,0.5531
2005-06-30,0.5577
2005-07-01,0.5647
2005-07-05,0.5692
2005-07-06,0.5687
2005-07-07,0.5741
2005-07-08,0.576
2005-07-11,0.5694
2005-07-12,0.5633
2005-07-13,0.5697
2005-07-14,0.5687
2005-07-15,0.5704
2005-07-18,0.5707
2005-07-19,0.5759
2005-07-20,0.5779
2005-07-21,0.5724
2005-07-22,0.5743
2005-07-25,0.5729
2005-07-26,0.5742
2005-07-27,0.5735
2005-07-28,0.5699
2005-07-29,0.5684
2005-08-01,0.5651
2005-08-02,0.5641
2005-08-03,0.5615
2005-08-04,0.5619
2005-08-05,0.5634
2005-08-08,0.5598
2005-08-09,0.5604
2005-08-10,0.558
2005-08-11,0.5534
2005-08-12,0.551
2005-08-15,0.5529
2005-08-16,0.5526
2005-08-17,0.5532
2005-08-18,0.5571
2005-08-19,0.5576
2005-08-22,0.5549
2005-08-23,0.5557
2005-08-24,0.5566
2005-08-25,0.5542
2005-08-26,0.5535
2005-08-29,0.5554
2005-08-30,0.5605
2005-08-31,0.5552
2005-09-01,0.5471
2005-09-02,0.5434
2005-09-06,0.5429
2005-09-07,0.5437
2005-09-08,0.5438
2005-09-09,0.5435
2005-09-12,0.5484
2005-09-13,0.549
2005-09-14,0.5481
2005-09-15,0.5534
2005-09-16,0.5545
2005-09-19,0.5543
2005-09-20,0.5541
2005-09-21,0.5526
2005-09-22,0.5581
2005-09-23,0.5622
2005-09-26,0.5635
2005-09-27,0.5657
2005-09-28,0.5669
2005-09-29,0.5675
2005-09-30,0.5651
2005-10-03,0.5695
2005-10-04,0.5686
2005-10-05,0.5664
2005-10-06,0.5641
2005-10-07,0.5682
2005-10-11,0.5718
2005-10-12,0.5704
2005-10-13,0.572
2005-10-14,0.5657
2005-10-17,0.5697
2005-10-18,0.5719
2005-10-19,0.5673
2005-10-20,0.5646
2005-10-21,0.5652
2005-10-24,0.5646
2005-10-25,0.5601
2005-10-26,0.5629
2005-10-27,0.5607
2005-10-28,0.5624
2005-10-31,0.5653
2005-11-01,0.5672
2005-11-02,0.5632
2005-11-03,0.5643
2005-11-04,0.5711
2005-11-07,0.5734
2005-11-08,0.5742
2005-11-09,0.5742
2005-11-10,0.5727
2005-11-14,0.5764
2005-11-15,0.5758
2005-11-16,0.5825
2005-11-17,0.5817
2005-11-18,0.5832
2005-11-21,0.5826
2005-11-22,0.5835
2005-11-23,0.5809
2005-11-25,0.5829
2005-11-28,0.5807
2005-11-29,0.5813
2005-11-30,0.5773
2005-12-01,0.5784
2005-12-02,0.5779
2005-12-05,0.5748
2005-12-06,0.5746
2005-12-07,0.5764
2005-12-08,0.571
2005-12-09,0.5697
2005-12-12,0.5637
2005-12-13,0.5658
2005-12-14,0.5637
2005-12-15,0.5666
2005-12-16,0.5645
2005-12-19,0.5669
2005-12-20,0.57
2005-12-21,0.5746
2005-12-22,0.5749
2005-12-23,0.5772
2005-12-27,0.5778
2005-12-28,0.5805
2005-12-29,0.5793
2005-12-30,0.5818
2006-01-03,0.5746
2006-01-04,0.5686
2006-01-05,0.5693
2006-01-06,0.5651
2006-01-09,0.5667
2006-01-10,0.5667
2006-01-11,0.5668
2006-01-12,0.5678
2006-01-13,0.5645
2006-01-17,0.5673
2006-01-18,0.5675
2006-01-19,0.5676
2006-01-20,0.5662
2006-01-23,0.5605
2006-01-24,0.5591
2006-01-25,0.5595
2006-01-26,0.5609
2006-01-27,0.5639
2006-01-30,0.5654
2006-01-31,0.5612
2006-02-01,0.5624
2006-02-02,0.5616
2006-02-03,0.5673
2006-02-06,0.5727
2006-02-07,0.5733
2006-02-08,0.5745
2006-02-09,0.5743
2006-02-10,0.5729
2006-02-13,0.5735
2006-02-14,0.5766
2006-02-15,0.5747
2006-02-16,0.5762
2006-02-17,0.5746
2006-02-21,0.5732
2006-02-22,0.5739
2006-02-23,0.5707
2006-02-24,0.5731
2006-02-27,0.5744
2006-02-28,0.5702
2006-03-01,0.5723
2006-03-02,0.5717
2006-03-03,0.5704
2006-03-06,0.5717
2006-03-07,0.576
2006-03-08,0.5761
2006-03-09,0.5758
2006-03-10,0.5795
2006-03-13,0.5777
2006-03-14,0.5721
2006-03-15,0.5727
2006-03-16,0.5697
2006-03-17,0.5692
2006-03-20,0.5694
2006-03-21,0.5728
2006-03-22,0.572
2006-03-23,0.5758
2006-03-24,0.5738
2006-03-27,0.5724
2006-03-28,0.5715
2006-03-29,0.5762
2006-03-30,0.5731
2006-03-31,0.5749
2006-04-03,0.5751
2006-04-04,0.5695
2006-04-05,0.5715
2006-04-06,0.5713
2006-04-07,0.5745
2006-04-10,0.5745
2006-04-11,0.5725
2006-04-12,0.5712
2006-04-13,0.5705
2006-04-14,0.5711
2006-04-17,0.5645
2006-04-18,0.563
2006-04-19,0.5588
2006-04-20,0.5618
2006-04-21,0.5613
2006-04-24,0.5606
2006-04-25,0.5594
2006-04-26,0.5588
2006-04-27,0.5552
2006-04-28,0.5488
2006-05-01,0.5469
2006-05-02,0.5436
2006-05-03,0.5421
2006-05-04,0.541
2006-05-05,0.538
2006-05-08,0.5381
2006-05-09,0.5367
2006-05-10,0.5363
2006-05-11,0.5307
2006-05-12,0.5288
2006-05-15,0.5309
2006-05-16,0.5314
2006-05-17,0.5313
2006-05-18,0.5297
2006-05-19,0.5332
2006-05-22,0.5302
2006-05-23,0.5317
2006-05-24,0.5354
2006-05-25,0.5342
2006-05-26,0.5386
2006-05-30,0.5312
2006-05-31,0.5338
2006-06-01,0.5352
2006-06-02,0.5314
2006-06-05,0.5323
2006-06-06,0.5374
2006-06-07,0.5381
2006-06-08,0.5427
2006-06-09,0.5427
2006-06-12,0.5423
2006-06-13,0.5435
2006-06-14,0.5408
2006-06-15,0.5412
2006-06-16,0.541
2006-06-19,0.5434
2006-06-20,0.5435
2006-06-21,0.5417
2006-06-22,0.5463
2006-06-23,0.5493
2006-06-26,0.5498
2006-06-27,0.5483
2006-06-28,0.5507
2006-06-29,0.5522
2006-06-30,0.5408
2006-07-03,0.5432
2006-07-05,0.5452
2006-07-06,0.5442
2006-07-07,0.5402
2006-07-10,0.5429
2006-07-11,0.5426
2006-07-12,0.545
2006-07-13,0.5434
2006-07-14,0.5445
2006-07-17,0.5494
2006-07-18,0.5473
2006-07-19,0.5442
2006-07-20,0.5407
2006-07-21,0.538
2006-07-24,0.5408
2006-07-25,0.5433
2006-07-26,0.5413
2006-07-27,0.5369
2006-07-28,0.5363
2006-07-31,0.5352
2006-08-01,0.5344
2006-08-02,0.5325
2006-08-03,0.5306
2006-08-04,0.5236
2006-08-07,0.5235
2006-08-08,0.5242
2006-08-09,0.5239
2006-08-10,0.5294
2006-08-11,0.5276
2006-08-14,0.529
2006-08-15,0.5278
2006-08-16,0.5263
2006-08-17,0.528
2006-08-18,0.5317
2006-08-21,0.5272
2006-08-22,0.5296
2006-08-23,0.5283
2006-08-24,0.5295
2006-08-25,0.5295
2006-08-28,0.5272
2006-08-29,0.5287
2006-08-30,0.5252
2006-08-31,0.5257
2006-09-01,0.5249
2006-09-05,0.5284
2006-09-06,0.5316
2006-09-07,0.533
2006-09-08,0.536
2006-09-11,0.5368
2006-09-12,0.5334
2006-09-13,0.5329
2006-09-14,0.5295
2006-09-15,0.5324
2006-09-18,0.5327
2006-09-19,0.5311
2006-09-20,0.5293
2006-09-21,0.5271
2006-09-22,0.526
2006-09-25,0.5263
2006-09-26,0.5276
2006-09-27,0.5301
2006-09-28,0.5334
2006-09-29,0.5343
2006-10-02,0.5302
2006-10-03,0.5299
2006-10-04,0.5308
2006-10-05,0.5327
2006-10-06,0.5344
2006-10-10,0.5391
2006-10-11,0.5386
2006-10-12,0.5389
2006-10-13,0.5391
2006-10-16,0.5375
2006-10-17,0.5338
2006-10-18,0.5355
2006-10-19,0.533
2006-10-20,0.5311
2006-10-23,0.5345
2006-10-24,0.5335
2006-10-25,0.5327
2006-10-26,0.5298
2006-10-27,0.5272
2006-10-30,0.5256
2006-10-31,0.524
2006-11-01,0.5238
2006-11-02,0.5239
2006-11-03,0.526
2006-11-06,0.5272
2006-11-07,0.5236
2006-11-08,0.5247
2006-11-09,0.5245
2006-11-10,0.523
2006-11-13,0.5257
2006-11-14,0.5278
2006-11-15,0.5296
2006-11-16,0.529
2006-11-17,0.5281
2006-11-20,0.5273
2006-11-21,0.5268
2006-11-22,0.5223
2006-11-24,0.5177
2006-11-27,0.5163
2006-11-28,0.5133
2006-11-29,0.513
2006-11-30,0.5078
2006-12-01,0.5052
2006-12-04,0.5054
2006-12-05,0.5064
2006-12-06,0.5078
2006-12-07,0.5095
2006-12-08,0.5111
2006-12-11,0.5115
2006-12-12,0.5088
2006-12-13,0.5086
2006-12-14,0.509
2006-12-15,0.5118
2006-12-18,0.5139
2006-12-19,0.5085
2006-12-20,0.509
2006-12-21,0.5096
2006-12-22,0.511
2006-12-26,0.511
2006-12-27,0.5111
2006-12-28,0.5097
2006-12-29,0.5106
2007-01-02,0.5067
2007-01-03,0.5129
2007-01-04,0.5143
2007-01-05,0.518
2007-01-08,0.5159
2007-01-09,0.5155
2007-01-10,0.5172
2007-01-11,0.5144
2007-01-12,0.5108
2007-01-16,0.5101
2007-01-17,0.5071
2007-01-18,0.5072
2007-01-19,0.5061
2007-01-22,0.5058
2007-01-23,0.5039
2007-01-24,0.5083
2007-01-25,0.5075
2007-01-26,0.5103
2007-01-29,0.5104
2007-01-30,0.5098
2007-01-31,0.5099
2007-02-01,0.508
2007-02-02,0.5086
2007-02-05,0.5102
2007-02-06,0.5078
2007-02-07,0.5076
2007-02-08,0.5106
2007-02-09,0.5125
2007-02-12,0.5135
2007-02-13,0.5143
2007-02-14,0.5095
2007-02-15,0.512
2007-02-16,0.5128
2007-02-20,0.5116
2007-02-21,0.5122
2007-02-22,0.511
2007-02-23,0.5092
2007-02-26,0.5094
2007-02-27,0.5086
2007-02-28,0.5099
2007-03-01,0.5108
2007-03-02,0.5139
2007-03-05,0.5199
2007-03-06,0.5189
2007-03-07,0.5177
2007-03-08,0.5181
2007-03-09,0.5177
2007-03-12,0.5184
2007-03-13,0.5175
2007-03-14,0.5171
2007-03-15,0.5164
2007-03-16,0.5149
2007-03-19,0.5139
2007-03-20,0.5107
2007-03-21,0.5103
2007-03-22,0.5083
2007-03-23,0.5094
2007-03-26,0.5078
2007-03-27,0.5085
2007-03-28,0.5099
2007-03-29,0.5095
2007-03-30,0.508
2007-04-02,0.5054
2007-04-03,0.5055
2007-04-04,0.5062
2007-04-05,0.5074
2007-04-06,0.5088
2007-04-09,0.51
2007-04-10,0.5072
2007-04-11,0.5054
2007-04-12,0.5058
2007-04-13,0.5043
2007-04-16,0.5023
2007-04-17,0.4985
2007-04-18,0.499
2007-04-19,0.4993
2007-04-20,0.4988
2007-04-23,0.4996
2007-04-24,0.4993
2007-04-25,0.499
2007-04-26,0.5024
2007-04-27,0.5004
2007-04-30,0.5
2007-05-01,0.5002
2007-05-02,0.5023
2007-05-03,0.5031
2007-05-04,0.5017
2007-05-07,0.5014
2007-05-08,0.5025
2007-05-09,0.5009
2007-05-10,0.5042
2007-05-11,0.5044
2007-05-14,0.505
2007-05-15,0.5035
2007-05-16,0.5057
2007-05-17,0.5064
2007-05-18,0.5062
2007-05-21,0.5077
2007-05-22,0.5059
2007-05-23,0.503
2007-05-24,0.5037
2007-05-25,0.5039
2007-05-29,0.5047
2007-05-30,0.5064
2007-05-31,0.5051
2007-06-01,0.5049
2007-06-04,0.502
2007-06-05,0.5015
2007-06-06,0.5021
2007-06-07,0.5051
2007-06-08,0.5087
2007-06-11,0.508
2007-06-12,0.5063
2007-06-13,0.5069
2007-06-14,0.5077
2007-06-15,0.5059
2007-06-18,0.5045
2007-06-19,0.5029
2007-06-20,0.5016
2007-06-21,0.5019
2007-06-22,0.5006
2007-06-25,0.501
2007-06-26,0.5001
2007-06-27,0.5009
2007-06-28,0.4995
2007-06-29,0.4984
2007-07-02,0.496
2007-07-03,0.4958
2007-07-05,0.4972
2007-07-06,0.497
2007-07-09,0.4959
2007-07-10,0.4939
2007-07-11,0.4921
2007-07-12,0.4929
2007-07-13,0.4915
2007-07-16,0.4908
2007-07-17,0.4889
2007-07-18,0.487
2007-07-19,0.488
2007-07-20,0.4862
2007-07-23,0.4858
2007-07-24,0.4848
2007-07-25,0.4875
2007-07-26,0.4881
2007-07-27,0.4929
2007-07-30,0.4941
2007-07-31,0.4911
2007-08-01,0.4924
2007-08-02,0.4915
2007-08-03,0.4896
2007-08-06,0.4928
2007-08-07,0.495
2007-08-08,0.491
2007-08-09,0.4933
2007-08-10,0.4946
2007-08-13,0.4969
2007-08-14,0.5
2007-08-15,0.5019
2007-08-16,0.5043
2007-08-17,0.5043
2007-08-20,0.5043
2007-08-21,0.5047
2007-08-22,0.5021
2007-08-23,0.4991
2007-08-24,0.4975
2007-08-27,0.4967
2007-08-28,0.4984
2007-08-29,0.4955
2007-08-30,0.496
2007-08-31,0.4959
2007-09-03,0.4959
2007-09-04,0.4973
2007-09-05,0.4945
2007-09-06,0.494
2007-09-07,0.493
2007-09-10,0.4929
2007-09-11,0.4922
2007-09-12,0.4923
2007-09-13,0.4931
2007-09-14,0.4983
2007-09-17,0.502
2007-09-18,0.5007
2007-09-19,0.5004
2007-09-20,0.4967
2007-09-21,0.4949
2007-09-24,0.4945
2007-09-25,0.4958
2007-09-26,0.4961
2007-09-27,0.4942
2007-09-28,0.4905
2007-10-01,0.4893
2007-10-02,0.4898
2007-10-03,0.4909
2007-10-04,0.4904
2007-10-05,0.4893
2007-10-08,0.4893
2007-10-09,0.4919
2007-10-10,0.4894
2007-10-11,0.4916
2007-10-12,0.4916
2007-10-15,0.4897
2007-10-16,0.492
2007-10-17,0.4905
2007-10-18,0.4888
2007-10-19,0.4882
2007-10-22,0.4931
2007-10-23,0.4879
2007-10-24,0.488
2007-10-25,0.4882
2007-10-26,0.4875
2007-10-29,0.4852
2007-10-30,0.4838
2007-10-31,0.4813
2007-11-01,0.4804
2007-11-02,0.4803
2007-11-05,0.4808
2007-11-06,0.4794
2007-11-07,0.4752
2007-11-08,0.4738
2007-11-09,0.4782
2007-11-13,0.4824
2007-11-14,0.4858
2007-11-15,0.4882
2007-11-16,0.4883
2007-11-19,0.4883
2007-11-20,0.4842
2007-11-21,0.4858
2007-11-22,0.4858
2007-11-23,0.4863
2007-11-26,0.4835
2007-11-27,0.4842
2007-11-28,0.4834
2007-11-29,0.4844
2007-11-30,0.4862
2007-12-03,0.4841
2007-12-04,0.486
2007-12-05,0.4929
2007-12-06,0.4929
2007-12-07,0.4929
2007-12-10,0.4888
2007-12-11,0.4905
2007-12-12,0.4879
2007-12-13,0.4903
2007-12-14,0.4951
2007-12-17,0.4958
2007-12-18,0.4965
2007-12-19,0.5017
2007-12-20,0.5045
2007-12-21,0.5042
2007-12-24,0.5057
2007-12-26,0.5042
2007-12-27,0.5023
2007-12-28,0.5018
2007-12-31,0.504
2008-01-02,0.5044
2008-01-03,0.5068
2008-01-04,0.5061
2008-01-07,0.5075
2008-01-08,0.5068
2008-01-09,0.5111
2008-01-10,0.5111
2008-01-11,0.5104
2008-01-14,0.5106
2008-01-15,0.5084
2008-01-16,0.5092
2008-01-17,0.5065
2008-01-18,0.5121
2008-01-22,0.5108
2008-01-23,0.5124
2008-01-24,0.5068
2008-01-25,0.505
2008-01-28,0.5036
2008-01-29,0.5036
2008-01-30,0.503
2008-01-31,0.5026
2008-02-01,0.5079
2008-02-04,0.5056
2008-02-05,0.5095
2008-02-06,0.5101
2008-02-07,0.5149
2008-02-08,0.5135
2008-02-11,0.5132
2008-02-12,0.5096
2008-02-13,0.5097
2008-02-14,0.5074
2008-02-15,0.5099
2008-02-19,0.5125
2008-02-20,0.5153
2008-02-21,0.5098
2008-02-22,0.5084
2008-02-25,0.5084
2008-02-26,0.5064
2008-02-27,0.5019
2008-02-28,0.503
2008-02-29,0.5034
2008-03-03,0.5038
2008-03-04,0.5037
2008-03-05,0.5015
2008-03-06,0.4982
2008-03-07,0.4968
2008-03-10,0.4959
2008-03-11,0.499
2008-03-12,0.4948
2008-03-13,0.4923
2008-03-14,0.4928
2008-03-17,0.4998
2008-03-18,0.4947
2008-03-19,0.5036
2008-03-20,0.5045
2008-03-21,0.5044
2008-03-24,0.5037
2008-03-25,0.5001
2008-03-26,0.4995
2008-03-27,0.4976
2008-03-28,0.5028
2008-03-31,0.5037
2008-04-01,0.5057
2008-04-02,0.5044
2008-04-03,0.501
2008-04-04,0.5013
2008-04-07,0.5037
2008-04-08,0.5079
2008-04-09,0.5069
2008-04-10,0.5065
2008-04-11,0.5074
2008-04-14,0.5046
2008-04-15,0.5095
2008-04-16,0.5062
2008-04-17,0.5023
2008-04-18,0.5009
2008-04-21,0.5047
2008-04-22,0.5002
2008-04-23,0.5054
2008-04-24,0.5072
2008-04-25,0.5042
2008-04-28,0.5023
2008-04-29,0.5064
2008-04-30,0.5039
2008-05-01,0.5064
2008-05-02,0.5062
2008-05-05,0.5082
2008-05-06,0.5064
2008-05-07,0.5122
2008-05-08,0.5117
2008-05-09,0.5132
2008-05-12,0.5098
2008-05-13,0.5136
2008-05-14,0.5141
2008-05-15,0.5131
2008-05-16,0.5107
2008-05-19,0.5136
2008-05-20,0.5075
2008-05-21,0.5084
2008-05-22,0.5054
2008-05-23,0.5046
2008-05-27,0.5063
2008-05-28,0.5049
2008-05-29,0.5061
2008-05-30,0.5052
2008-06-02,0.5085
2008-06-03,0.5089
2008-06-04,0.5116
2008-06-05,0.5112
2008-06-06,0.5077
2008-06-09,0.5061
2008-06-10,0.5117
2008-06-11,0.509
2008-06-12,0.5137
2008-06-13,0.5129
2008-06-16,0.5092
2008-06-17,0.5117
2008-06-18,0.511
2008-06-19,0.5069
2008-06-20,0.5067
2008-06-23,0.51
2008-06-24,0.5074
2008-06-25,0.5083
2008-06-26,0.5032
2008-06-27,0.5016
2008-06-30,0.5024
2008-07-01,0.5018
2008-07-02,0.5019
2008-07-03,0.5044
2008-07-07,0.5077
2008-07-08,0.508
2008-07-09,0.5047
2008-07-10,0.5056
2008-07-11,0.5026
2008-07-14,0.5019
2008-07-15,0.4991
2008-07-16,0.5001
2008-07-17,0.4991
2008-07-18,0.5004
2008-07-21,0.5005
2008-07-22,0.5015
2008-07-23,0.4995
2008-07-24,0.5042
2008-07-25,0.503
2008-07-28,0.5014
2008-07-29,0.5049
2008-07-30,0.5048
2008-07-31,0.5049
2008-08-01,0.5065
2008-08-04,0.51
2008-08-05,0.512
2008-08-06,0.5134
2008-08-07,0.5144
2008-08-08,0.521
2008-08-11,0.5224
2008-08-12,0.5262
2008-08-13,0.5353
2008-08-14,0.5343
2008-08-15,0.5362
2008-08-18,0.5355
2008-08-19,0.536
2008-08-20,0.5375
2008-08-21,0.5331
2008-08-22,0.5393
2008-08-25,0.538
2008-08-26,0.5439
2008-08-27,0.5459
2008-08-28,0.5475
2008-08-29,0.5498
2008-09-02,0.5601
2008-09-03,0.562
2008-09-04,0.5653
2008-09-05,0.5654
2008-09-08,0.57
2008-09-09,0.5659
2008-09-10,0.5699
2008-09-11,0.5715
2008-09-12,0.5588
2008-09-15,0.5594
2008-09-16,0.5617
2008-09-17,0.5588
2008-09-18,0.5499
2008-09-19,0.5465
2008-09-22,0.541
2008-09-23,0.5389
2008-09-24,0.5405
2008-09-25,0.5433
2008-09-26,0.5435
2008-09-29,0.5542
2008-09-30,0.5617
2008-10-01,0.5617
2008-10-02,0.5664
2008-10-03,0.5637
2008-10-06,0.5754
2008-10-07,0.5684
2008-10-08,0.5777
2008-10-09,0.5806
2008-10-10,0.587
2008-10-14,0.572
2008-10-15,0.5737
2008-10-16,0.5799
2008-10-17,0.5778
2008-10-20,0.5836
2008-10-21,0.5939
2008-10-22,0.6183
2008-10-23,0.618
2008-10-24,0.6398
2008-10-27,0.6463
2008-10-28,0.6414
2008-10-29,0.6136
2008-10-30,0.6146
2008-10-31,0.6186
2008-11-03,0.6307
2008-11-04,0.6213
2008-11-05,0.619
2008-11-06,0.6324
2008-11-07,0.6334
2008-11-10,0.6394
2008-11-12,0.6661
2008-11-13,0.6757
2008-11-14,0.6729
2008-11-17,0.6653
2008-11-18,0.6648
2008-11-19,0.6625
2008-11-20,0.6762
2008-11-21,0.6749
2008-11-24,0.6589
2008-11-25,0.6515
2008-11-26,0.6571
2008-11-28,0.6516
2008-12-01,0.6739
2008-12-02,0.6689
2008-12-03,0.6765
2008-12-04,0.6761
2008-12-05,0.6847
2008-12-08,0.6743
2008-12-09,0.6768
2008-12-10,0.6743
2008-12-11,0.6688
2008-12-12,0.6723
2008-12-15,0.6545
2008-12-16,0.6527
2008-12-17,0.647
2008-12-18,0.6621
2008-12-19,0.6732
2008-12-22,0.6754
2008-12-23,0.6775
2008-12-24,0.6815
2008-12-26,0.6803
2008-12-29,0.6854
2008-12-30,0.6947
2008-12-31,0.684
2009-01-02,0.6887
2009-01-05,0.6848
2009-01-06,0.6767
2009-01-07,0.6556
2009-01-08,0.6583
2009-01-09,0.6562
2009-01-12,0.6744
2009-01-13,0.6883
2009-01-14,0.6841
2009-01-15,0.6848
2009-01-16,0.6786
2009-01-20,0.7131
2009-01-21,0.7284
2009-01-22,0.7225
2009-01-23,0.7322
2009-01-26,0.7163
2009-01-27,0.7068
2009-01-28,0.6985
2009-01-29,0.7012
2009-01-30,0.6938
2009-02-02,0.7028
2009-02-03,0.6947
2009-02-04,0.691
2009-02-05,0.6834
2009-02-06,0.6768
2009-02-09,0.6695
2009-02-10,0.6847
2009-02-11,0.696
2009-02-12,0.7019
2009-02-13,0.6934
2009-02-17,0.703
2009-02-18,0.7025
2009-02-19,0.699
2009-02-20,0.6977
2009-02-23,0.6871
2009-02-24,0.6941
2009-02-25,0.701
2009-02-26,0.6973
2009-02-27,0.7005
2009-03-02,0.7148
2009-03-03,0.7126
2009-03-04,0.7071
2009-03-05,0.708
2009-03-06,0.7087
2009-03-09,0.7269
2009-03-10,0.7225
2009-03-11,0.7257
2009-03-12,0.7241
2009-03-13,0.7157
2009-03-16,0.7097
2009-03-17,0.7134
2009-03-18,0.7156
2009-03-19,0.6857
2009-03-20,0.6928
2009-03-23,0.6898
2009-03-24,0.6789
2009-03-25,0.6856
2009-03-26,0.6898
2009-03-27,0.6981
2009-03-30,0.7068
2009-03-31,0.6993
2009-04-01,0.6943
2009-04-02,0.6803
2009-04-03,0.6756
2009-04-06,0.6797
2009-04-07,0.6782
2009-04-08,0.6806
2009-04-09,0.6839
2009-04-10,0.6833
2009-04-13,0.6743
2009-04-14,0.6708
2009-04-15,0.6671
2009-04-16,0.6707
2009-04-17,0.6767
2009-04-20,0.6881
2009-04-21,0.6808
2009-04-22,0.6898
2009-04-23,0.6833
2009-04-24,0.6804
2009-04-27,0.6813
2009-04-28,0.6846
2009-04-29,0.6756
2009-04-30,0.6757
2009-05-01,0.672
2009-05-04,0.6673
2009-05-05,0.6623
2009-05-06,0.6639
2009-05-07,0.6658
2009-05-08,0.6627
2009-05-11,0.6603
2009-05-12,0.6562
2009-05-13,0.6594
2009-05-14,0.6581
2009-05-15,0.6569
2009-05-18,0.6532
2009-05-19,0.6451
2009-05-20,0.6382
2009-05-21,0.6344
2009-05-22,0.6292
2009-05-26,0.6274
2009-05-27,0.6224
2009-05-28,0.6267
2009-05-29,0.6188
2009-06-01,0.608
2009-06-02,0.6055
2009-06-03,0.6096
2009-06-04,0.6183
2009-06-05,0.6243
2009-06-08,0.6259
2009-06-09,0.6147
2009-06-10,0.6122
2009-06-11,0.6043
2009-06-12,0.6052
2009-06-15,0.6147
2009-06-16,0.6081
2009-06-17,0.6138
2009-06-18,0.6109
2009-06-19,0.6047
2009-06-22,0.6119
2009-06-23,0.6118
2009-06-24,0.6066
2009-06-25,0.6121
2009-06-26,0.6061
2009-06-29,0.6049
2009-06-30,0.6078
2009-07-01,0.6052
2009-07-02,0.6098
2009-07-03,0.6121
2009-07-06,0.6161
2009-07-07,0.6189
2009-07-08,0.6239
2009-07-09,0.6135
2009-07-10,0.6179
2009-07-13,0.6181
2009-07-14,0.6137
2009-07-15,0.6083
2009-07-16,0.6091
2009-07-17,0.6124
2009-07-20,0.6063
2009-07-21,0.6091
2009-07-22,0.6083
2009-07-23,0.6038
2009-07-24,0.6086
2009-07-27,0.6066
2009-07-28,0.6069
2009-07-29,0.6105
2009-07-30,0.6067
2009-07-31,0.5983
2009-08-03,0.5898
2009-08-04,0.5906
2009-08-05,0.589
2009-08-06,0.5962
2009-08-07,0.5999
2009-08-10,0.6065
2009-08-11,0.606
2009-08-12,0.6047
2009-08-13,0.6031
2009-08-14,0.605
2009-08-17,0.6126
2009-08-18,0.6091
2009-08-19,0.604
2009-08-20,0.6063
2009-08-21,0.606
2009-08-24,0.6091
2009-08-25,0.6086
2009-08-26,0.616
2009-08-27,0.6168
2009-08-28,0.6123
2009-08-31,0.613
2009-09-01,0.6185
2009-09-02,0.6147
2009-09-03,0.6115
2009-09-04,0.6106
2009-09-08,0.6056
2009-09-09,0.604
2009-09-10,0.6006
2009-09-11,0.599
2009-09-14,0.6028
2009-09-15,0.6084
2009-09-16,0.606
2009-09-17,0.6053
2009-09-18,0.6148
2009-09-21,0.6162
2009-09-22,0.6105
2009-09-23,0.6096
2009-09-24,0.6224
2009-09-25,0.6263
2009-09-28,0.6285
2009-09-29,0.628
2009-09-30,0.6248
2009-10-01,0.627
2009-10-02,0.6298
2009-10-05,0.6279
2009-10-06,0.6288
2009-10-07,0.629
2009-10-08,0.6215
2009-10-09,0.6291
2009-10-13,0.6291
2009-10-14,0.626
2009-10-15,0.6154
2009-10-16,0.6116
2009-10-19,0.6098
2009-10-20,0.6105
2009-10-21,0.602
2009-10-22,0.6026
2009-10-23,0.6116
2009-10-26,0.6116
2009-10-27,0.6122
2009-10-28,0.6107
2009-10-29,0.6039
2009-10-30,0.6068
2009-11-02,0.6094
2009-11-03,0.6104
2009-11-04,0.6035
2009-11-05,0.6037
2009-11-06,0.6029
2009-11-09,0.5981
2009-11-10,0.5995
2009-11-12,0.6045
2009-11-13,0.6003
2009-11-16,0.5954
2009-11-17,0.5964
2009-11-18,0.5968
2009-11-19,0.6003
2009-11-20,0.605
2009-11-23,0.6024
2009-11-24,0.6032
2009-11-25,0.5998
2009-11-27,0.6063
2009-11-30,0.6094
2009-12-01,0.6015
2009-12-02,0.6009
2009-12-03,0.6032
2009-12-04,0.6055
2009-12-07,0.6087
2009-12-08,0.6134
2009-12-09,0.6157
2009-12-10,0.6151
2009-12-11,0.6159
2009-12-14,0.6141
2009-12-15,0.616
2009-12-16,0.6109
2009-12-17,0.6198
2009-12-18,0.6218
2009-12-21,0.6218
2009-12-22,0.6267
2009-12-23,0.6268
2009-12-24,0.6273
2009-12-28,0.625
2009-12-29,0.6292
2009-12-30,0.6231
2009-12-31,0.6185
2010-01-04,0.6208
2010-01-05,0.6246
2010-01-06,0.6244
2010-01-07,0.6285
2010-01-08,0.6253
2010-01-11,0.6193
2010-01-12,0.618
2010-01-13,0.6139
2010-01-14,0.6127
2010-01-15,0.6158
2010-01-19,0.6109
2010-01-20,0.614
2010-01-21,0.6168
2010-01-22,0.6203
2010-01-25,0.6159
2010-01-26,0.6208
2010-01-27,0.6171
2010-01-28,0.6157
2010-01-29,0.6246
2010-02-01,0.628
2010-02-02,0.6263
2010-02-03,0.6283
2010-02-04,0.6344
2010-02-05,0.6402
2010-02-08,0.639
2010-02-09,0.6378
2010-02-10,0.6408
2010-02-11,0.638
2010-02-12,0.6382
2010-02-16,0.6356
2010-02-17,0.6368
2010-02-18,0.6418
2010-02-19,0.6478
2010-02-22,0.6461
2010-02-23,0.6467
2010-02-24,0.648
2010-02-25,0.6579
2010-02-26,0.6562
2010-03-01,0.6678
2010-03-02,0.6693
2010-03-03,0.6612
2010-03-04,0.6653
2010-03-05,0.6616
2010-03-08,0.664
2010-03-09,0.6665
2010-03-10,0.6677
2010-03-11,0.6644
2010-03-12,0.6584
2010-03-15,0.6648
2010-03-16,0.6582
2010-03-17,0.6538
2010-03-18,0.6559
2010-03-19,0.666
2010-03-22,0.6635
2010-03-23,0.6637
2010-03-24,0.6705
2010-03-25,0.6719
2010-03-26,0.6709
2010-03-29,0.668
2010-03-30,0.6627
2010-03-31,0.6585
2010-04-01,0.654
2010-04-02,0.658
2010-04-05,0.6543
2010-04-06,0.6566
2010-04-07,0.6559
2010-04-08,0.6548
2010-04-09,0.6506
2010-04-12,0.6507
2010-04-13,0.6487
2010-04-14,0.6458
2010-04-15,0.6466
2010-04-16,0.6496
2010-04-19,0.6552
2010-04-20,0.6504
2010-04-21,0.6495
2010-04-22,0.6507
2010-04-23,0.6509
2010-04-26,0.6466
2010-04-27,0.6542
2010-04-28,0.6596
2010-04-29,0.6535
2010-04-30,0.6533
2010-05-03,0.6561
2010-05-04,0.6607
2010-05-05,0.6608
2010-05-06,0.6716
2010-05-07,0.6785
2010-05-10,0.6676
2010-05-11,0.6688
2010-05-12,0.6732
2010-05-13,0.6822
2010-05-14,0.687
2010-05-17,0.695
2010-05-18,0.6926
2010-05-19,0.6969
2010-05-20,0.6972
2010-05-21,0.6913
2010-05-24,0.6927
2010-05-25,0.6968
2010-05-26,0.6944
2010-05-27,0.6864
2010-05-28,0.69
2010-06-01,0.6815
2010-06-02,0.683
2010-06-03,0.6842
2010-06-04,0.69
2010-06-07,0.6898
2010-06-08,0.6934
2010-06-09,0.6856
2010-06-10,0.6815
2010-06-11,0.6875
2010-06-14,0.677
2010-06-15,0.6744
2010-06-16,0.6739
2010-06-17,0.6754
2010-06-18,0.6763
2010-06-21,0.6745
2010-06-22,0.6734
2010-06-23,0.6688
2010-06-24,0.6673
2010-06-25,0.6673
2010-06-28,0.6623
2010-06-29,0.6631
2010-06-30,0.669
2010-07-01,0.6611
2010-07-02,0.6588
2010-07-06,0.6588
2010-07-07,0.6588
2010-07-08,0.6598
2010-07-09,0.6625
2010-07-12,0.666
2010-07-13,0.659
2010-07-14,0.6543
2010-07-15,0.6504
2010-07-16,0.6541
2010-07-19,0.6569
2010-07-20,0.6555
2010-07-21,0.6579
2010-07-22,0.6543
2010-07-23,0.6483
2010-07-26,0.6456
2010-07-27,0.6436
2010-07-28,0.6406
2010-07-29,0.6414
2010-07-30,0.6364
2010-08-02,0.629
2010-08-03,0.6273
2010-08-04,0.6294
2010-08-05,0.6305
2010-08-06,0.6258
2010-08-09,0.6272
2010-08-10,0.6339
2010-08-11,0.6374
2010-08-12,0.6421
2010-08-13,0.6418
2010-08-16,0.6378
2010-08-17,0.6416
2010-08-18,0.6402
2010-08-19,0.6405
2010-08-20,0.6445
2010-08-23,0.6438
2010-08-24,0.6464
2010-08-25,0.6468
2010-08-26,0.6421
2010-08-27,0.644
2010-08-30,0.6463
2010-08-31,0.6511
2010-09-01,0.6463
2010-09-02,0.6496
2010-09-03,0.6472
2010-09-07,0.653
2010-09-08,0.6446
2010-09-09,0.6473
2010-09-10,0.6499
2010-09-13,0.6466
2010-09-14,0.6427
2010-09-15,0.6393
2010-09-16,0.6405
2010-09-17,0.6396
2010-09-20,0.6425
2010-09-21,0.643
2010-09-22,0.639
2010-09-23,0.636
2010-09-24,0.6318
2010-09-27,0.6309
2010-09-28,0.6326
2010-09-29,0.6324
2010-09-30,0.6357
2010-10-01,0.6318
2010-10-04,0.631
2010-10-05,0.6283
2010-10-06,0.6288
2010-10-07,0.6277
2010-10-08,0.6269
2010-10-12,0.633
2010-10-13,0.6312
2010-10-14,0.6253
2010-10-15,0.6239
2010-10-18,0.6287
2010-10-19,0.6354
2010-10-20,0.6306
2010-10-21,0.6348
2010-10-22,0.6379
2010-10-25,0.635
2010-10-26,0.6301
2010-10-27,0.6336
2010-10-28,0.6272
2010-10-29,0.6242
2010-11-01,0.6231
2010-11-02,0.6246
2010-11-03,0.6219
2010-11-04,0.6142
2010-11-05,0.6169
2010-11-08,0.6192
2010-11-09,0.6231
2010-11-10,0.6222
2010-11-12,0.6184
2010-11-15,0.6225
2010-11-16,0.6297
2010-11-17,0.6273
2010-11-18,0.6246
2010-11-19,0.6265
2010-11-22,0.6277
2010-11-23,0.632
2010-11-24,0.634
2010-11-26,0.6404
2010-11-29,0.6428
2010-11-30,0.6419
2010-12-01,0.6409
2010-12-02,0.6406
2010-12-03,0.636
2010-12-06,0.6378
2010-12-07,0.6328
2010-12-08,0.6332
2010-12-09,0.6356
2010-12-10,0.6326
2010-12-13,0.6296
2010-12-14,0.6331
2010-12-15,0.6405
2010-12-16,0.6405
2010-12-17,0.646
2010-12-20,0.6443
2010-12-21,0.6467
2010-12-22,0.6498
2010-12-23,0.6494
2010-12-27,0.6501
2010-12-28,0.651
2010-12-29,0.6467
2010-12-30,0.6497
2011-01-03,0.6456
2011-01-04,0.6416
2011-01-05,0.6453
2011-01-06,0.6456
2011-01-07,0.6427
2011-01-10,0.6417
2011-01-11,0.6399
2011-01-12,0.6363
2011-01-13,0.6301
2011-01-14,0.63
2011-01-18,0.625
2011-01-19,0.6254
2011-01-20,0.6299
2011-01-21,0.6251
2011-01-24,0.6252
2011-01-25,0.6322
2011-01-26,0.6295
2011-01-27,0.6287
2011-01-28,0.6314
2011-01-31,0.6234
2011-02-01,0.6202
2011-02-02,0.6185
2011-02-03,0.6189
2011-02-04,0.6215
2011-02-07,0.6207
2011-02-08,0.6215
2011-02-09,0.6215
2011-02-10,0.6199
2011-02-11,0.6255
2011-02-14,0.6241
2011-02-15,0.62
2011-02-16,0.6225
2011-02-17,0.6184
2011-02-18,0.6156
2011-02-22,0.62
2011-02-23,0.6165
2011-02-24,0.6209
2011-02-25,0.622
2011-02-28,0.6155
2011-03-01,0.6132
2011-03-02,0.6131
2011-03-03,0.6148
2011-03-04,0.6154
2011-03-07,0.6171
2011-03-08,0.6187
2011-03-09,0.6172
2011-03-10,0.6225
2011-03-11,0.6237
2011-03-14,0.618
2011-03-15,0.6225
2011-03-16,0.6239
2011-03-17,0.6195
2011-03-18,0.6178
2011-03-21,0.6144
2011-03-22,0.6102
2011-03-23,0.6155
2011-03-24,0.6189
2011-03-25,0.6217
2011-03-28,0.6241
2011-03-29,0.6257
2011-03-30,0.6235
2011-03-31,0.6231
2011-04-01,0.6199
2011-04-04,0.62
2011-04-05,0.6142
2011-04-06,0.613
2011-04-07,0.6133
2011-04-08,0.612
2011-04-11,0.6103
2011-04-12,0.6149
2011-04-13,0.6141
2011-04-14,0.6116
2011-04-15,0.6126
2011-04-18,0.6162
2011-04-19,0.6129
2011-04-20,0.6096
2011-04-21,0.6034
2011-04-22,0.6054
2011-04-25,0.6062
2011-04-26,0.6073
2011-04-27,0.605
2011-04-28,0.6011
2011-04-29,0.5991
2011-05-02,0.5992
2011-05-03,0.6047
2011-05-04,0.6052
2011-05-05,0.6088
2011-05-06,0.6091
2011-05-09,0.6121
2011-05-10,0.6123
2011-05-11,0.6093
2011-05-12,0.6139
2011-05-13,0.6181
2011-05-16,0.6158
2011-05-17,0.6171
2011-05-18,0.6193
2011-05-19,0.6181
2011-05-20,0.6164
2011-05-23,0.621
2011-05-24,0.6179
2011-05-25,0.6144
2011-05-26,0.6118
2011-05-27,0.6063
2011-05-31,0.6083
2011-06-01,0.6101
2011-06-02,0.6126
2011-06-03,0.6099
2011-06-06,0.6112
2011-06-07,0.6081
2011-06-08,0.6105
2011-06-09,0.6104
2011-06-10,0.6152
2011-06-13,0.6132
2011-06-14,0.6102
2011-06-15,0.6166
2011-06-16,0.62
2011-06-17,0.6178
2011-06-20,0.6171
2011-06-21,0.6161
2011-06-22,0.6199
2011-06-23,0.6259
2011-06-24,0.6256
2011-06-27,0.6261
2011-06-28,0.6244
2011-06-29,0.6223
2011-06-30,0.6224
2011-07-01,0.6223
2011-07-05,0.6217
2011-07-06,0.6251
2011-07-07,0.6263
2011-07-08,0.6238
2011-07-11,0.6277
2011-07-12,0.6274
2011-07-13,0.6207
2011-07-14,0.6202
2011-07-15,0.6192
2011-07-18,0.6241
2011-07-19,0.6198
2011-07-20,0.6196
2011-07-21,0.6135
2011-07-22,0.6128
2011-07-25,0.6141
2011-07-26,0.6101
2011-07-27,0.6114
2011-07-28,0.6121
2011-07-29,0.6077
2011-08-01,0.6143
2011-08-02,0.614
2011-08-03,0.6095
2011-08-04,0.6132
2011-08-05,0.6112
2011-08-08,0.6115
2011-08-09,0.6175
2011-08-10,0.6185
2011-08-11,0.6162
2011-08-12,0.6141
2011-08-15,0.6102
2011-08-16,0.6089
2011-08-17,0.6027
2011-08-18,0.6065
2011-08-19,0.6044
2011-08-22,0.6078
2011-08-23,0.6057
2011-08-24,0.6107
2011-08-25,0.6139
2011-08-26,0.6127
2011-08-29,0.6098
2011-08-30,0.6143
2011-08-31,0.6147
2011-09-01,0.6181
2011-09-02,0.6177
2011-09-06,0.6268
2011-09-07,0.627
2011-09-08,0.6242
2011-09-09,0.6301
2011-09-12,0.6324
2011-09-13,0.6327
2011-09-14,0.634
2011-09-15,0.6326
2011-09-16,0.6328
2011-09-19,0.638
2011-09-20,0.6362
2011-09-21,0.6402
2011-09-22,0.6511
2011-09-23,0.6462
2011-09-26,0.643
2011-09-27,0.6377
2011-09-28,0.6391
2011-09-29,0.6376
2011-09-30,0.64
2011-10-03,0.6462
2011-10-04,0.6492
2011-10-05,0.6478
2011-10-06,0.6494
2011-10-07,0.6399
2011-10-11,0.6413
2011-10-12,0.6346
2011-10-13,0.6358
2011-10-14,0.6326
2011-10-17,0.6338
2011-10-18,0.6388
2011-10-19,0.633
2011-10-20,0.6359
2011-10-21,0.6272
2011-10-24,0.6255
2011-10-25,0.6252
2011-10-26,0.6287
2011-10-27,0.6219
2011-10-28,0.62
2011-10-31,0.6195
2011-11-01,0.6271
2011-11-02,0.626
2011-11-03,0.6266
2011-11-04,0.624
2011-11-07,0.6241
2011-11-08,0.622
2011-11-09,0.6266
2011-11-10,0.6275
2011-11-14,0.629
2011-11-15,0.6322
2011-11-16,0.6341
2011-11-17,0.6329
2011-11-18,0.6336
2011-11-21,0.6385
2011-11-22,0.6391
2011-11-23,0.6447
2011-11-25,0.6465
2011-11-28,0.6436
2011-11-29,0.64
2011-11-30,0.6367
2011-12-01,0.637
2011-12-02,0.6414
2011-12-05,0.6374
2011-12-06,0.6418
2011-12-07,0.6373
2011-12-08,0.6396
2011-12-09,0.6393
2011-12-12,0.6411
2011-12-13,0.644
2011-12-14,0.6475
2011-12-15,0.6457
2011-12-16,0.6446
2011-12-19,0.6439
2011-12-20,0.638
2011-12-21,0.6378
2011-12-22,0.6383
2011-12-23,0.6404
2011-12-27,0.6381
2011-12-28,0.6461
2011-12-29,0.6499
2011-12-30,0.6436
2012-01-03,0.6388
2012-01-04,0.6395
2012-01-05,0.646
2012-01-06,0.648
2012-01-09,0.6478
2012-01-10,0.6456
2012-01-11,0.6525
2012-01-12,0.6525
2012-01-13,0.6536
2012-01-17,0.6512
2012-01-18,0.6489
2012-01-19,0.6458
2012-01-20,0.6435
2012-01-23,0.6418
2012-01-24,0.6412
2012-01-25,0.6423
2012-01-26,0.6367
2012-01-27,0.6363
2012-01-30,0.6373
2012-01-31,0.6348
2012-02-01,0.631
2012-02-02,0.6324
2012-02-03,0.6338
2012-02-06,0.6316
2012-02-07,0.6293
2012-02-08,0.6321
2012-02-09,0.6314
2012-02-10,0.635
2012-02-13,0.6337
2012-02-14,0.6373
2012-02-15,0.6365
2012-02-16,0.6331
2012-02-17,0.6324
2012-02-21,0.6331
2012-02-22,0.6379
2012-02-23,0.6369
2012-02-24,0.6302
2012-02-27,0.6311
2012-02-28,0.6294
2012-02-29,0.6269
2012-03-01,0.6268
2012-03-02,0.6308
2012-03-05,0.6301
2012-03-06,0.6361
2012-03-07,0.6351
2012-03-08,0.632
2012-03-09,0.6379
2012-03-12,0.6404
2012-03-13,0.6355
2012-03-14,0.6375
2012-03-15,0.6382
2012-03-16,0.6311
2012-03-19,0.6292
2012-03-20,0.6306
2012-03-21,0.631
2012-03-22,0.6326
2012-03-23,0.6304
2012-03-26,0.6274
2012-03-27,0.6261
2012-03-28,0.6307
2012-03-29,0.6285
2012-03-30,0.6256
2012-04-02,0.6241
2012-04-03,0.6263
2012-04-04,0.6298
2012-04-05,0.632
2012-04-06,0.6298
2012-04-09,0.6298
2012-04-10,0.6315
2012-04-11,0.6292
2012-04-12,0.6274
2012-04-13,0.6309
2012-04-16,0.6303
2012-04-17,0.6277
2012-04-18,0.6242
2012-04-19,0.6227
2012-04-20,0.6202
2012-04-23,0.621
2012-04-24,0.6198
2012-04-25,0.6193
2012-04-26,0.6177
2012-04-27,0.6158
2012-04-30,0.6163
2012-05-01,0.6165
2012-05-02,0.6176
2012-05-03,0.6179
2012-05-04,0.6193
2012-05-07,0.6176
2012-05-08,0.6189
2012-05-09,0.62
2012-05-10,0.6188
2012-05-11,0.6219
2012-05-14,0.6205
2012-05-15,0.624
2012-05-16,0.6276
2012-05-17,0.632
2012-05-18,0.6334
2012-05-21,0.6333
2012-05-22,0.6339
2012-05-23,0.6373
2012-05-24,0.637
2012-05-25,0.6391
2012-05-29,0.6398
2012-05-30,0.6438
2012-05-31,0.6491
2012-06-01,0.6501
2012-06-04,0.6501
2012-06-05,0.6513
2012-06-06,0.6462
2012-06-07,0.6428
2012-06-08,0.648
2012-06-11,0.6445
2012-06-12,0.6426
2012-06-13,0.6428
2012-06-14,0.6438
2012-06-15,0.6388
2012-06-18,0.6384
2012-06-19,0.6356
2012-06-20,0.6349
2012-06-21,0.6397
2012-06-22,0.6418
2012-06-25,0.6429
2012-06-26,0.6402
2012-06-27,0.6431
2012-06-28,0.645
2012-06-29,0.6375
2012-07-02,0.6378
2012-07-03,0.6369
2012-07-05,0.6439
2012-07-06,0.646
2012-07-09,0.6449
2012-07-10,0.6449
2012-07-11,0.6438
2012-07-12,0.6483
2012-07-13,0.6431
2012-07-16,0.6396
2012-07-17,0.6405
2012-07-18,0.6395
2012-07-19,0.6362
2012-07-20,0.6398
2012-07-23,0.6447
2012-07-24,0.6443
2012-07-25,0.646
2012-07-26,0.6376
2012-07-27,0.6358
2012-07-30,0.6372
2012-07-31,0.6375
2012-08-01,0.6412
2012-08-02,0.6452
2012-08-03,0.639
2012-08-06,0.64
2012-08-07,0.6387
2012-08-08,0.6386
2012-08-09,0.6401
2012-08-10,0.6378
2012-08-13,0.6373
2012-08-14,0.6373
2012-08-15,0.6375
2012-08-16,0.6354
2012-08-17,0.6371
2012-08-20,0.6367
2012-08-21,0.6334
2012-08-22,0.6329
2012-08-23,0.6296
2012-08-24,0.6323
2012-08-27,0.6329
2012-08-28,0.6318
2012-08-29,0.6314
2012-08-30,0.6332
2012-08-31,0.6304
2012-09-04,0.6294
2012-09-05,0.6287
2012-09-06,0.6281
2012-09-07,0.6244
2012-09-10,0.6246
2012-09-11,0.6222
2012-09-12,0.6207
2012-09-13,0.6202
2012-09-14,0.6156
2012-09-17,0.6149
2012-09-18,0.6153
2012-09-19,0.6166
2012-09-20,0.6174
2012-09-21,0.6153
2012-09-24,0.6173
2012-09-25,0.6161
2012-09-26,0.6194
2012-09-27,0.6166
2012-09-28,0.6199
2012-10-01,0.6195
2012-10-02,0.6178
2012-10-03,0.622
2012-10-04,0.6186
2012-10-05,0.6174
2012-10-09,0.6255
2012-10-10,0.6247
2012-10-11,0.6239
2012-10-12,0.6221
2012-10-15,0.6223
2012-10-16,0.6211
2012-10-17,0.6186
2012-10-18,0.6195
2012-10-19,0.6249
2012-10-22,0.6239
2012-10-23,0.6277
2012-10-24,0.6244
2012-10-25,0.6204
2012-10-26,0.6212
2012-10-29,0.624
2012-10-30,0.6218
2012-10-31,0.6207
2012-11-01,0.6195
2012-11-02,0.6236
2012-11-05,0.6259
2012-11-06,0.6256
2012-11-07,0.626
2012-11-08,0.6258
2012-11-09,0.6285
2012-11-13,0.6295
2012-11-14,0.631
2012-11-15,0.6303
2012-11-16,0.6303
2012-11-19,0.6286
2012-11-20,0.6279
2012-11-21,0.6275
2012-11-23,0.6238
2012-11-26,0.6245
2012-11-27,0.6239
2012-11-28,0.6251
2012-11-29,0.624
2012-11-30,0.6239
2012-12-03,0.621
2012-12-04,0.6212
2012-12-05,0.621
2012-12-06,0.6224
2012-12-07,0.6238
2012-12-10,0.6224
2012-12-11,0.621
2012-12-12,0.6199
2012-12-13,0.62
2012-12-14,0.6196
2012-12-17,0.6172
2012-12-18,0.6152
2012-12-19,0.6144
2012-12-20,0.6147
2012-12-21,0.6185
2012-12-24,0.6206
2012-12-26,0.6204
2012-12-27,0.6209
2012-12-28,0.6189
2012-12-31,0.6149
2013-01-02,0.6152
2013-01-03,0.6192
2013-01-04,0.6236
2013-01-07,0.6219
2013-01-08,0.6234
2013-01-09,0.6241
2013-01-10,0.6202
2013-01-11,0.62
2013-01-14,0.622
2013-01-15,0.6215
2013-01-16,0.6246
2013-01-17,0.6254
2013-01-18,0.6299
2013-01-22,0.6304
2013-01-23,0.631
2013-01-24,0.6334
2013-01-25,0.633
2013-01-28,0.6375
2013-01-29,0.6349
2013-01-30,0.6332
2013-01-31,0.6307
2013-02-01,0.6352
2013-02-04,0.6354
2013-02-05,0.6389
2013-02-06,0.6388
2013-02-07,0.6365
2013-02-08,0.6324
2013-02-11,0.6382
2013-02-12,0.6388
2013-02-13,0.6433
2013-02-14,0.6451
2013-02-15,0.6444
2013-02-19,0.648
2013-02-20,0.6536
2013-02-21,0.6552
2013-02-22,0.6555
2013-02-25,0.6617
2013-02-26,0.6612
2013-02-27,0.6608
2013-02-28,0.6582
2013-03-01,0.6652
2013-03-04,0.663
2013-03-05,0.6623
2013-03-06,0.6651
2013-03-07,0.6652
2013-03-08,0.67
2013-03-11,0.6712
2013-03-12,0.6722
2013-03-13,0.67
2013-03-14,0.6649
2013-03-15,0.6612
2013-03-18,0.6617
2013-03-19,0.6615
2013-03-20,0.6608
2013-03-21,0.6588
2013-03-22,0.6562
2013-03-25,0.6586
2013-03-26,0.6598
2013-03-27,0.6617
2013-03-28,0.6586
2013-03-29,0.6582
2013-04-01,0.6565
2013-04-02,0.6617
2013-04-03,0.6605
2013-04-04,0.658
2013-04-05,0.6521
2013-04-08,0.6554
2013-04-09,0.6529
2013-04-10,0.653
2013-04-11,0.6492
2013-04-12,0.6505
2013-04-15,0.6527
2013-04-16,0.6529
2013-04-17,0.6555
2013-04-18,0.6544
2013-04-19,0.6556
2013-04-22,0.6552
2013-04-23,0.655
2013-04-24,0.6554
2013-04-25,0.6479
2013-04-26,0.646
2013-04-29,0.6453
2013-04-30,0.6435
2013-05-01,0.6419
2013-05-02,0.6444
2013-05-03,0.6425
2013-05-06,0.6436
2013-05-07,0.6465
2013-05-08,0.6425
2013-05-09,0.6451
2013-05-10,0.6521
2013-05-13,0.654
2013-05-14,0.6554
2013-05-15,0.658
2013-05-16,0.6535
2013-05-17,0.6591
2013-05-20,0.6569
2013-05-21,0.6592
2013-05-22,0.665
2013-05-23,0.6614
2013-05-24,0.6611
2013-05-28,0.664
2013-05-29,0.6613
2013-05-30,0.6576
2013-05-31,0.6585
2013-06-03,0.6515
2013-06-04,0.6534
2013-06-05,0.6497
2013-06-06,0.641
2013-06-07,0.6428
2013-06-10,0.6428
2013-06-11,0.6416
2013-06-12,0.6371
2013-06-13,0.637
2013-06-14,0.6375
2013-06-17,0.6366
2013-06-18,0.64
2013-06-19,0.6387
2013-06-20,0.6465
2013-06-21,0.6505
2013-06-24,0.6492
2013-06-25,0.6486
2013-06-26,0.6522
2013-06-27,0.6564
2013-06-28,0.6575
2013-07-01,0.6559
2013-07-02,0.6592
2013-07-03,0.6551
2013-07-05,0.6707
2013-07-08,0.6697
2013-07-09,0.674
2013-07-10,0.6696
2013-07-11,0.6611
2013-07-12,0.6619
2013-07-15,0.6628
2013-07-16,0.6613
2013-07-17,0.6586
2013-07-18,0.6582
2013-07-19,0.6553
2013-07-22,0.6508
2013-07-23,0.6513
2013-07-24,0.6507
2013-07-25,0.6522
2013-07-26,0.6507
2013-07-29,0.6513
2013-07-30,0.656
2013-07-31,0.6589
2013-08-01,0.6603
2013-08-02,0.6546
2013-08-05,0.6516
2013-08-06,0.6507
2013-08-07,0.6446
2013-08-08,0.6429
2013-08-09,0.6449
2013-08-12,0.6462
2013-08-13,0.6472
2013-08-14,0.6439
2013-08-15,0.6421
2013-08-16,0.6402
2013-08-19,0.6384
2013-08-20,0.6378
2013-08-21,0.6378
2013-08-22,0.6418
2013-08-23,0.6419
2013-08-26,0.6423
2013-08-27,0.644
2013-08-28,0.6443
2013-08-29,0.6457
2013-08-30,0.6465
2013-09-03,0.6433
2013-09-04,0.6393
2013-09-05,0.6413
2013-09-06,0.6397
2013-09-09,0.636
2013-09-10,0.6357
2013-09-11,0.6326
2013-09-12,0.6322
2013-09-13,0.6305
2013-09-16,0.6279
2013-09-17,0.6289
2013-09-18,0.6264
2013-09-19,0.6233
2013-09-20,0.6242
2013-09-23,0.6224
2013-09-24,0.6248
2013-09-25,0.6219
2013-09-26,0.6245
2013-09-27,0.6198
2013-09-30,0.6181
2013-10-01,0.617
2013-10-02,0.6164
2013-10-03,0.6185
2013-10-04,0.6223
2013-10-07,0.6218
2013-10-08,0.6215
2013-10-09,0.6272
2013-10-10,0.626
2013-10-11,0.6272
2013-10-15,0.626
2013-10-16,0.6288
2013-10-17,0.6186
2013-10-18,0.6179
2013-10-21,0.6192
2013-10-22,0.6165
2013-10-23,0.6184
2013-10-24,0.6178
2013-10-25,0.6189
2013-10-28,0.6199
2013-10-29,0.6227
2013-10-30,0.622
2013-10-31,0.6224
2013-11-01,0.6281
2013-11-04,0.627
2013-11-05,0.6233
2013-11-06,0.6219
2013-11-07,0.6223
2013-11-08,0.6252
2013-11-12,0.6283
2013-11-13,0.6237
2013-11-14,0.622
2013-11-15,0.6208
2013-11-18,0.6207
2013-11-19,0.6207
2013-11-20,0.6192
2013-11-21,0.619
2013-11-22,0.6169
2013-11-25,0.6193
2013-11-26,0.6178
2013-11-27,0.6147
2013-11-29,0.6108
2013-12-02,0.6111
2013-12-03,0.6092
2013-12-04,0.6115
2013-12-05,0.6124
2013-12-06,0.6125
2013-12-09,0.6096
2013-12-10,0.6089
2013-12-11,0.6102
2013-12-12,0.6125
2013-12-13,0.6137
2013-12-16,0.6131
2013-12-17,0.6152
2013-12-18,0.6102
2013-12-19,0.6104
2013-12-20,0.6114
2013-12-23,0.6114
2013-12-24,0.6108
2013-12-26,0.6088
2013-12-27,0.6064
2013-12-30,0.6053
2013-12-31,0.6034
2014-01-02,0.6082
2014-01-03,0.6089
2014-01-06,0.6093
2014-01-07,0.609
2014-01-08,0.6075
2014-01-09,0.6076
2014-01-10,0.6072
2014-01-13,0.6105
2014-01-14,0.6079
2014-01-15,0.6107
2014-01-16,0.6122
2014-01-17,0.6087
2014-01-21,0.6072
2014-01-22,0.6035
2014-01-23,0.602
2014-01-24,0.6064
2014-01-27,0.6028
2014-01-28,0.6031
2014-01-29,0.6038
2014-01-30,0.6065
2014-01-31,0.6079
2014-02-03,0.6132
2014-02-04,0.6135
2014-02-05,0.6132
2014-02-06,0.6118
2014-02-07,0.6099
2014-02-10,0.6091
2014-02-11,0.6072
2014-02-12,0.6032
2014-02-13,0.6009
2014-02-14,0.5975
2014-02-18,0.5989
2014-02-19,0.5982
2014-02-20,0.601
2014-02-21,0.6013
2014-02-24,0.6009
2014-02-25,0.5989
2014-02-26,0.6007
2014-02-27,0.5991
2014-02-28,0.597
2014-03-03,0.5984
2014-03-04,0.6001
2014-03-05,0.5978
2014-03-06,0.5973
2014-03-07,0.5979
2014-03-10,0.6012
2014-03-11,0.6014
2014-03-12,0.6022
2014-03-13,0.5996
2014-03-14,0.6013
2014-03-17,0.6008
2014-03-18,0.6034
2014-03-19,0.6014
2014-03-20,0.6057
2014-03-21,0.6061
2014-03-24,0.6064
2014-03-25,0.6058
2014-03-26,0.6036
2014-03-27,0.6014
2014-03-28,0.6011
2014-03-31,0.5997
2014-04-01,0.601
2014-04-02,0.6012
2014-04-03,0.603
2014-04-04,0.6026
2014-04-07,0.6018
2014-04-08,0.5973
2014-04-09,0.597
2014-04-10,0.5959
2014-04-11,0.5975
2014-04-14,0.5973
2014-04-15,0.5979
2014-04-16,0.5955
2014-04-17,0.5949
2014-04-18,0.5955
2014-04-21,0.5955
2014-04-22,0.5941
2014-04-23,0.5964
2014-04-24,0.5953
2014-04-25,0.5949
2014-04-28,0.5948
2014-04-29,0.5942
2014-04-30,0.5923
2014-05-01,0.5917
2014-05-02,0.5929
2014-05-05,0.5928
2014-05-06,0.5891
2014-05-07,0.5895
2014-05-08,0.5902
2014-05-09,0.5935
2014-05-12,0.5927
2014-05-13,0.5939
2014-05-14,0.5958
2014-05-15,0.5956
2014-05-16,0.5943
2014-05-19,0.5945
2014-05-20,0.5936
2014-05-21,0.5928
2014-05-22,0.5932
2014-05-23,0.5945
2014-05-27,0.5952
2014-05-28,0.5985
2014-05-29,0.5981
2014-05-30,0.5965
2014-06-02,0.5968
2014-06-03,0.5969
2014-06-04,0.5971
2014-06-05,0.5954
2014-06-06,0.5955
2014-06-09,0.5953
2014-06-10,0.5969
2014-06-11,0.5954
2014-06-12,0.5934
2014-06-13,0.5899
2014-06-16,0.5887
2014-06-17,0.5894
2014-06-18,0.5899
2014-06-19,0.5866
2014-06-20,0.5878
2014-06-23,0.5879
2014-06-24,0.5892
2014-06-25,0.5887
2014-06-26,0.5876
2014-06-27,0.5877
2014-06-30,0.5846
2014-07-01,0.5832
2014-07-02,0.5826
2014-07-03,0.583
2014-07-07,0.5838
2014-07-08,0.5839
2014-07-09,0.5838
2014-07-10,0.584
2014-07-11,0.5845
2014-07-14,0.5855
2014-07-15,0.5831
2014-07-16,0.5837
2014-07-17,0.5847
2014-07-18,0.5859
2014-07-21,0.5859
2014-07-22,0.5862
2014-07-23,0.587
2014-07-24,0.5889
2014-07-25,0.5892
2014-07-28,0.5885
2014-07-29,0.5904
2014-07-30,0.5916
2014-07-31,0.5921
2014-08-01,0.5941
2014-08-04,0.5938
2014-08-05,0.5926
2014-08-06,0.5941
2014-08-07,0.5935
2014-08-08,0.596
2014-08-11,0.5957
2014-08-12,0.595
2014-08-13,0.5989
2014-08-14,0.599
2014-08-15,0.5993
2014-08-18,0.5981
2014-08-19,0.6017
2014-08-20,0.6012
2014-08-21,0.6028
2014-08-22,0.6034
2014-08-25,0.603
2014-08-26,0.6035
2014-08-27,0.6034
2014-08-28,0.6032
2014-08-29,0.603
2014-09-02,0.606
2014-09-03,0.6079
2014-09-04,0.6117
2014-09-05,0.613
2014-09-08,0.6195
2014-09-09,0.6216
2014-09-10,0.6198
2014-09-11,0.6163
2014-09-12,0.6156
2014-09-15,0.6156
2014-09-16,0.6139
2014-09-17,0.6124
2014-09-18,0.6108
2014-09-19,0.613
2014-09-22,0.612
2014-09-23,0.6109
2014-09-24,0.6118
2014-09-25,0.613
2014-09-26,0.6152
2014-09-29,0.6149
2014-09-30,0.6165
2014-10-01,0.6167
2014-10-02,0.6196
2014-10-03,0.6265
2014-10-06,0.6239
2014-10-07,0.6222
2014-10-08,0.6224
2014-10-09,0.6202
2014-10-10,0.6231
2014-10-14,0.6277
2014-10-15,0.6266
2014-10-16,0.6225
2014-10-17,0.6217
2014-10-20,0.6197
2014-10-21,0.6198
2014-10-22,0.6223
2014-10-23,0.6236
2014-10-24,0.6212
2014-10-27,0.6198
2014-10-28,0.6189
2014-10-29,0.6192
2014-10-30,0.6241
2014-10-31,0.625
2014-11-03,0.6255
2014-11-04,0.6254
2014-11-05,0.6256
2014-11-06,0.6304
2014-11-07,0.6312
2014-11-10,0.6306
2014-11-12,0.6323
2014-11-13,0.6363
2014-11-14,0.6387
2014-11-17,0.6392
2014-11-18,0.6391
2014-11-19,0.6382
2014-11-20,0.6376
2014-11-21,0.6381
2014-11-24,0.6369
2014-11-25,0.6364
2014-11-26,0.6334
2014-11-28,0.6395
2014-12-01,0.6352
2014-12-02,0.6389
2014-12-03,0.6369
2014-12-04,0.6367
2014-12-05,0.641
2014-12-08,0.64
2014-12-09,0.6372
2014-12-10,0.6374
2014-12-11,0.6365
2014-12-12,0.6358
2014-12-15,0.6384
2014-12-16,0.6355
2014-12-17,0.6389
2014-12-18,0.6385
2014-12-19,0.6407
2014-12-22,0.6403
2014-12-23,0.6445
2014-12-24,0.6431
2014-12-29,0.6442
2014-12-30,0.6421
2014-12-31,0.6419
2015-01-02,0.651
2015-01-05,0.6564
2015-01-06,0.659
2015-01-07,0.6634
2015-01-08,0.6615
2015-01-09,0.66
2015-01-12,0.6593
2015-01-13,0.6594
2015-01-14,0.6564
2015-01-15,0.6596
2015-01-16,0.6609
2015-01-20,0.6595
2015-01-21,0.6615
2015-01-22,0.6644
2015-01-23,0.6657
2015-01-26,0.6628
2015-01-27,0.6581
2015-01-28,0.6594
2015-01-29,0.6648
2015-01-30,0.6655
2015-02-02,0.6655
2015-02-03,0.661
2015-02-04,0.6575
2015-02-05,0.6539
2015-02-06,0.6559
2015-02-09,0.6572
2015-02-10,0.6557
2015-02-11,0.6565
2015-02-12,0.6502
2015-02-13,0.6496
2015-02-17,0.6515
2015-02-18,0.6481
2015-02-19,0.6472
2015-02-20,0.65
2015-02-23,0.6466
2015-02-24,0.6479
2015-02-25,0.6452
2015-02-26,0.6483
2015-02-27,0.6477
2015-03-02,0.6506
2015-03-03,0.6497
2015-03-04,0.6551
2015-03-05,0.6566
2015-03-06,0.6639
2015-03-09,0.6624
2015-03-10,0.6629
2015-03-11,0.6691
2015-03-12,0.6708
2015-03-13,0.6777
2015-03-16,0.6757
2015-03-17,0.6782
2015-03-18,0.6809
2015-03-19,0.6789
2015-03-20,0.6701
2015-03-23,0.6695
2015-03-24,0.6725
2015-03-25,0.6705
2015-03-26,0.6737
2015-03-27,0.6721
2015-03-30,0.676
2015-03-31,0.6734
2015-04-01,0.6746
2015-04-02,0.6738
2015-04-03,0.6704
2015-04-06,0.6685
2015-04-07,0.6731
2015-04-08,0.6701
2015-04-09,0.6785
2015-04-10,0.6827
2015-04-13,0.6822
2015-04-14,0.6761
2015-04-15,0.6765
2015-04-16,0.6701
2015-04-17,0.6693
2015-04-20,0.6706
2015-04-21,0.6692
2015-04-22,0.6655
2015-04-23,0.6646
2015-04-24,0.6589
2015-04-27,0.6564
2015-04-28,0.6524
2015-04-29,0.6458
2015-04-30,0.6524
2015-05-01,0.6606
2015-05-04,0.6615
2015-05-05,0.6588
2015-05-06,0.656
2015-05-07,0.6569
2015-05-08,0.647
2015-05-11,0.6413
2015-05-12,0.6376
2015-05-13,0.635
2015-05-14,0.6343
2015-05-15,0.634
2015-05-18,0.6378
2015-05-19,0.6442
2015-05-20,0.6433
2015-05-21,0.6381
2015-05-22,0.6458
2015-05-26,0.6494
2015-05-27,0.6526
2015-05-28,0.654
2015-05-29,0.6542
2015-06-01,0.6585
2015-06-02,0.6523
2015-06-03,0.6514
2015-06-04,0.6507
2015-06-05,0.655
2015-06-08,0.6545
2015-06-09,0.6501
2015-06-10,0.6439
2015-06-11,0.6455
2015-06-12,0.6416
2015-06-15,0.6422
2015-06-16,0.6395
2015-06-17,0.6366
2015-06-18,0.6296
2015-06-19,0.6297
2015-06-22,0.632
2015-06-23,0.6349
2015-06-24,0.6377
2015-06-25,0.6358
2015-06-26,0.6354
2015-06-29,0.6344
2015-06-30,0.6358
2015-07-01,0.6403
2015-07-02,0.6405
2015-07-06,0.6402
2015-07-07,0.6475
2015-07-08,0.6513
2015-07-09,0.6504
2015-07-10,0.645
2015-07-13,0.6444
2015-07-14,0.6417
2015-07-15,0.6402
2015-07-16,0.641
2015-07-17,0.64
2015-07-20,0.6416
2015-07-21,0.6431
2015-07-22,0.6403
2015-07-23,0.6438
2015-07-24,0.6446
2015-07-27,0.6412
2015-07-28,0.6403
2015-07-29,0.64
2015-07-30,0.6418
2015-07-31,0.6396
2015-08-03,0.6409
2015-08-04,0.6405
2015-08-05,0.6409
2015-08-06,0.6443
2015-08-07,0.6465
2015-08-10,0.6433
2015-08-11,0.6422
2015-08-12,0.6394
2015-08-13,0.6412
2015-08-14,0.64
2015-08-17,0.6411
2015-08-18,0.6387
2015-08-19,0.6392
2015-08-20,0.6374
2015-08-21,0.637
2015-08-24,0.6357
2015-08-25,0.637
2015-08-26,0.6455
2015-08-27,0.6489
2015-08-28,0.651
2015-08-31,0.6509
2015-09-01,0.6518
2015-09-02,0.6532
2015-09-03,0.6556
2015-09-04,0.6581
2015-09-08,0.6502
2015-09-09,0.6509
2015-09-10,0.647
2015-09-11,0.6483
2015-09-14,0.6484
2015-09-15,0.6514
2015-09-16,0.6452
2015-09-17,0.6448
2015-09-18,0.6421
2015-09-21,0.6449
2015-09-22,0.6512
2015-09-23,0.656
2015-09-24,0.6556
2015-09-25,0.6591
2015-09-28,0.6575
2015-09-29,0.6593
2015-09-30,0.6616
2015-10-01,0.6595
2015-10-02,0.6572
2015-10-05,0.6594
2015-10-06,0.6567
2015-10-07,0.653
2015-10-08,0.6529
2015-10-09,0.653
2015-10-13,0.6561
2015-10-14,0.6475
2015-10-15,0.6462
2015-10-16,0.6476
2015-10-19,0.6464
2015-10-20,0.6464
2015-10-21,0.6467
2015-10-22,0.6494
2015-10-23,0.6519
2015-10-26,0.651
2015-10-27,0.6531
2015-10-28,0.6528
2015-10-29,0.6538
2015-10-30,0.6475
2015-11-02,0.6482
2015-11-03,0.6492
2015-11-04,0.6503
2015-11-05,0.6563
2015-11-06,0.6635
2015-11-09,0.6612
2015-11-10,0.6618
2015-11-12,0.6576
2015-11-13,0.6575
2015-11-16,0.6577
2015-11-17,0.6573
2015-11-18,0.6575
2015-11-19,0.6524
2015-11-20,0.6579
2015-11-23,0.6612
2015-11-24,0.6641
2015-11-25,0.6619
2015-11-27,0.6649
2015-11-30,0.6647
2015-12-01,0.6634
2015-12-02,0.6699
2015-12-03,0.6628
2015-12-04,0.6623
2015-12-07,0.6633
2015-12-08,0.6667
2015-12-09,0.6593
2015-12-10,0.6589
2015-12-11,0.6573
2015-12-14,0.6609
2015-12-15,0.6647
2015-12-16,0.6661
2015-12-17,0.6722
2015-12-18,0.6705
2015-12-21,0.6709
2015-12-22,0.6752
2015-12-23,0.6728
2015-12-24,0.6692
2015-12-28,0.6719
2015-12-29,0.6759
2015-12-30,0.6742
2015-12-31,0.6782
2016-01-04,0.6809
2016-01-05,0.6819
2016-01-06,0.6837
2016-01-07,0.6859
2016-01-08,0.6886
2016-01-11,0.6866
2016-01-12,0.6943
2016-01-13,0.6911
2016-01-14,0.694
2016-01-15,0.6998
2016-01-19,0.7057
2016-01-20,0.7059
2016-01-21,0.7043
2016-01-22,0.6989
2016-01-25,0.702
2016-01-26,0.6973
2016-01-27,0.7012
2016-01-28,0.6968
2016-01-29,0.705
2016-02-01,0.696
2016-02-02,0.6945
2016-02-03,0.6861
2016-02-04,0.6859
2016-02-05,0.6912
2016-02-08,0.6937
2016-02-09,0.6909
2016-02-10,0.6909
2016-02-11,0.6921
2016-02-12,0.6916
2016-02-16,0.6998
2016-02-17,0.6985
2016-02-18,0.6977
2016-02-19,0.6972
2016-02-22,0.7064
2016-02-23,0.7123
2016-02-24,0.7178
2016-02-25,0.7175
2016-02-26,0.7211
2016-02-29,0.7181
2016-03-01,0.7169
2016-03-02,0.7113
2016-03-03,0.7066
2016-03-04,0.7029
2016-03-07,0.7015
2016-03-08,0.703
2016-03-09,0.7024
2016-03-10,0.699
2016-03-11,0.6932
2016-03-14,0.6981
2016-03-15,0.7059
2016-03-16,0.7092
2016-03-17,0.6901
2016-03-18,0.689
2016-03-21,0.6943
2016-03-22,0.7034
2016-03-23,0.7087
2016-03-24,0.7071
2016-03-25,0.7077
2016-03-28,0.7018
2016-03-29,0.7002
2016-03-30,0.6949
2016-03-31,0.6954
2016-04-01,0.704
2016-04-04,0.7003
2016-04-05,0.7068
2016-04-06,0.7061
2016-04-07,0.7101
2016-04-08,0.709
2016-04-11,0.7022
2016-04-12,0.702
2016-04-13,0.7031
2016-04-14,0.7068
2016-04-15,0.7034
2016-04-18,0.7005
2016-04-19,0.6946
2016-04-20,0.6957
2016-04-21,0.6974
2016-04-22,0.6949
2016-04-25,0.69
2016-04-26,0.6844
2016-04-27,0.6871
2016-04-28,0.6858
2016-04-29,0.6838
2016-05-02,0.6818
2016-05-03,0.6876
2016-05-04,0.6908
2016-05-05,0.6903
2016-05-06,0.6926
2016-05-09,0.694
2016-05-10,0.6919
2016-05-11,0.6906
2016-05-12,0.6919
2016-05-13,0.6959
2016-05-16,0.6939
2016-05-17,0.6904
2016-05-18,0.6842
2016-05-19,0.6846
2016-05-20,0.689
2016-05-23,0.6923
2016-05-24,0.6839
2016-05-25,0.6805
2016-05-26,0.6815
2016-05-27,0.6829
2016-05-31,0.6882
2016-06-01,0.6947
2016-06-02,0.6935
2016-06-03,0.6887
2016-06-06,0.692
2016-06-07,0.6866
2016-06-08,0.6875
2016-06-09,0.6912
2016-06-10,0.6973
2016-06-13,0.7031
2016-06-14,0.7077
2016-06-15,0.705
2016-06-16,0.7105
2016-06-17,0.7
2016-06-20,0.6808
2016-06-21,0.6818
2016-06-22,0.6811
2016-06-23,0.6757
2016-06-24,0.7332
2016-06-27,0.7566
2016-06-28,0.7522
2016-06-29,0.7402
2016-06-30,0.7552
2016-07-01,0.753
2016-07-05,0.768
2016-07-06,0.7739
2016-07-07,0.7736
2016-07-08,0.7729
2016-07-11,0.7701
2016-07-12,0.7555
2016-07-13,0.7587
2016-07-14,0.7501
2016-07-15,0.7579
2016-07-18,0.7531
2016-07-19,0.762
2016-07-20,0.7588
2016-07-21,0.7567
2016-07-22,0.7639
2016-07-25,0.7616
2016-07-26,0.7614
2016-07-27,0.7637
2016-07-28,0.7604
2016-07-29,0.7536
2016-08-01,0.7571
2016-08-02,0.7504
2016-08-03,0.7499
2016-08-04,0.7609
2016-08-05,0.7652
2016-08-08,0.7668
2016-08-09,0.7686
2016-08-10,0.7693
2016-08-11,0.7716
2016-08-12,0.7732
2016-08-15,0.7768
2016-08-16,0.7681
2016-08-17,0.7685
2016-08-18,0.7606
2016-08-19,0.7656
2016-08-22,0.7614
2016-08-23,0.7588
2016-08-24,0.7555
2016-08-25,0.7589
2016-08-26,0.7594
2016-08-29,0.764
2016-08-30,0.7643
2016-08-31,0.7617
2016-09-01,0.7534
2016-09-02,0.7519
2016-09-06,0.7447
2016-09-07,0.7497
2016-09-08,0.7518
2016-09-09,0.7543
2016-09-12,0.7511
2016-09-13,0.7585
2016-09-14,0.7573
2016-09-15,0.7567
2016-09-16,0.7639
2016-09-19,0.7662
2016-09-20,0.7708
2016-09-21,0.7705
2016-09-22,0.7638
2016-09-23,0.7717
2016-09-26,0.7705
2016-09-27,0.7689
2016-09-28,0.7695
2016-09-29,0.7698
2016-09-30,0.7683
2016-10-03,0.7788
2016-10-04,0.7846
2016-10-05,0.7846
2016-10-06,0.7907
2016-10-07,0.8042
2016-10-11,0.8185
2016-10-12,0.82
2016-10-13,0.8196
2016-10-14,0.8204
2016-10-17,0.8206
2016-10-18,0.8123
2016-10-19,0.8144
2016-10-20,0.8159
2016-10-21,0.819
2016-10-24,0.8194
2016-10-25,0.8221
2016-10-26,0.8174
2016-10-27,0.8215
2016-10-28,0.8227
2016-10-31,0.8189
2016-11-01,0.8185
2016-11-02,0.812
2016-11-03,0.803
2016-11-04,0.7971
2016-11-07,0.8063
2016-11-08,0.8083
2016-11-09,0.8017
2016-11-10,0.7985
2016-11-14,0.802
2016-11-15,0.805
2016-11-16,0.8032
2016-11-17,0.8032
2016-11-18,0.8112
2016-11-21,0.8017
2016-11-22,0.8049
2016-11-23,0.8027
2016-11-25,0.8024
2016-11-28,0.8057
2016-11-29,0.7997
2016-11-30,0.8012
2016-12-01,0.7939
2016-12-02,0.7883
2016-12-05,0.7869
2016-12-06,0.787
2016-12-07,0.7934
2016-12-08,0.7953
2016-12-09,0.7943
2016-12-12,0.7888
2016-12-13,0.7883
2016-12-14,0.787
2016-12-15,0.8072
2016-12-16,0.8014
2016-12-19,0.8052
2016-12-20,0.8092
2016-12-21,0.8098
2016-12-22,0.8129
2016-12-23,0.8162
2016-12-27,0.8156
2016-12-28,0.8182
2016-12-29,0.8172
2016-12-30,0.8106
2017-01-03,0.8159
2017-01-04,0.8131
2017-01-05,0.8055
2017-01-06,0.8121
2017-01-09,0.8219
2017-01-10,0.822
2017-01-11,0.8252
2017-01-12,0.8189
2017-01-13,0.8198
2017-01-17,0.8072
2017-01-18,0.8124
2017-01-19,0.8118
2017-01-23,0.801
2017-01-24,0.798
2017-01-25,0.7924
2017-01-26,0.795
2017-01-27,0.798
2017-01-30,0.8014
2017-01-31,0.7946
2017-02-01,0.791
2017-02-02,0.7974
2017-02-03,0.7997
2017-02-06,0.8032
2017-02-07,0.8009
2017-02-08,0.7973
2017-02-09,0.799
2017-02-10,0.7999
2017-02-13,0.7994
2017-02-14,0.8022
2017-02-15,0.8022
2017-02-16,0.8015
2017-02-17,0.8046
2017-02-21,0.8022
2017-02-22,0.8028
2017-02-23,0.7969
2017-02-24,0.8001
2017-02-27,0.8017
2017-02-28,0.8047
2017-03-01,0.8118
2017-03-02,0.8152
2017-03-03,0.8164
2017-03-06,0.8168
2017-03-07,0.8191
2017-03-08,0.8229
2017-03-09,0.822
2017-03-10,0.8225
2017-03-13,0.8174
2017-03-14,0.8218
2017-03-15,0.8182
2017-03-16,0.8084
2017-03-17,0.8083
2017-03-20,0.8087
2017-03-21,0.8013
2017-03-22,0.8015
2017-03-23,0.7983
2017-03-24,0.8006
2017-03-27,0.7947
2017-03-28,0.7998
2017-03-29,0.8057
2017-03-30,0.8007
2017-03-31,0.7976
2017-04-03,0.8013
2017-04-04,0.8041
2017-04-05,0.8008
2017-04-06,0.8009
2017-04-07,0.8066
2017-04-10,0.8053
2017-04-11,0.801
2017-04-12,0.8
2017-04-13,0.7986
2017-04-14,0.798
2017-04-17,0.7945
2017-04-18,0.7831
2017-04-19,0.7819
2017-04-20,0.7794
2017-04-21,0.7823
2017-04-24,0.7823
2017-04-25,0.7791
2017-04-26,0.7789
2017-04-27,0.7759
2017-04-28,0.7729
2017-05-01,0.7742
2017-05-02,0.7739
2017-05-03,0.7742
2017-05-04,0.7746
2017-05-05,0.7722
2017-05-08,0.7727
2017-05-09,0.7729
2017-05-10,0.7729
2017-05-11,0.7761
2017-05-12,0.7764
2017-05-15,0.7742
2017-05-16,0.7745
2017-05-17,0.7726
2017-05-18,0.7687
2017-05-19,0.7682
2017-05-22,0.7689
2017-05-23,0.7702
2017-05-24,0.7731
2017-05-25,0.772
2017-05-26,0.7816
2017-05-30,0.7777
2017-05-31,0.7749
2017-06-01,0.7756
2017-06-02,0.7761
2017-06-05,0.7742
2017-06-06,0.7751
2017-06-07,0.7727
2017-06-08,0.7729
2017-06-09,0.7851
2017-06-12,0.79
2017-06-13,0.785
2017-06-14,0.7808
2017-06-15,0.7832
2017-06-16,0.7826
2017-06-19,0.7847
2017-06-20,0.7919
2017-06-21,0.7895
2017-06-22,0.79
2017-06-23,0.7857
2017-06-26,0.7854
2017-06-27,0.7818
2017-06-28,0.773
2017-06-29,0.7702
2017-06-30,0.7695
2017-07-03,0.7721
2017-07-05,0.7732
2017-07-06,0.7712
2017-07-07,0.7764
2017-07-10,0.7762
2017-07-11,0.7781
2017-07-12,0.7759
2017-07-13,0.7739
2017-07-14,0.7646
2017-07-17,0.7658
2017-07-18,0.7677
2017-07-19,0.7671
2017-07-20,0.7707
2017-07-21,0.7711
2017-07-24,0.7676
2017-07-25,0.7665
2017-07-26,0.7664
2017-07-27,0.7654
2017-07-28,0.762
2017-07-31,0.7578
2017-08-01,0.7572
2017-08-02,0.7555
2017-08-03,0.7608
2017-08-04,0.7671
2017-08-07,0.768
2017-08-08,0.7711
2017-08-09,0.7694
2017-08-10,0.7705
2017-08-11,0.7699
2017-08-14,0.7707
2017-08-15,0.7775
2017-08-16,0.7776
2017-08-17,0.7759
2017-08-18,0.7784
2017-08-21,0.775
2017-08-22,0.7792
2017-08-23,0.782
2017-08-24,0.7811
2017-08-25,0.7768
2017-08-28,0.7736
2017-08-29,0.773
2017-08-30,0.7732
2017-08-31,0.7759
2017-09-01,0.7709
2017-09-05,0.7685
2017-09-06,0.7649
2017-09-07,0.7637
2017-09-08,0.7569
2017-09-11,0.7591
2017-09-12,0.753
2017-09-13,0.7565
2017-09-14,0.7464
2017-09-15,0.7365
2017-09-18,0.7416
2017-09-19,0.7398
2017-09-20,0.7372
2017-09-21,0.7366
2017-09-22,0.739
2017-09-25,0.7431
2017-09-26,0.745
2017-09-27,0.7462
2017-09-28,0.7443
2017-09-29,0.7462
2017-10-02,0.7537
2017-10-03,0.7547
2017-10-04,0.7537
2017-10-05,0.7615
2017-10-06,0.7655
2017-10-10,0.7567
2017-10-11,0.757
2017-10-12,0.7591
2017-10-13,0.7517
2017-10-16,0.7527
2017-10-17,0.7586
2017-10-18,0.7586
2017-10-19,0.7587
2017-10-20,0.7588
2017-10-23,0.7575
2017-10-24,0.762
2017-10-25,0.7546
2017-10-26,0.7587
2017-10-27,0.7629
2017-10-30,0.7579
2017-10-31,0.753
2017-11-01,0.7543
2017-11-02,0.7652
2017-11-03,0.7653
2017-11-06,0.7607
2017-11-07,0.7603
2017-11-08,0.7629
2017-11-09,0.7614
2017-11-13,0.7633
2017-11-14,0.7617
2017-11-15,0.7596
2017-11-16,0.7577
2017-11-17,0.7563
2017-11-20,0.7552
2017-11-21,0.7557
2017-11-22,0.7524
2017-11-24,0.7499
2017-11-27,0.75
2017-11-28,0.7558
2017-11-29,0.7443
2017-11-30,0.7404
2017-12-01,0.7405
2017-12-04,0.7427
2017-12-05,0.7435
2017-12-06,0.7473
2017-12-07,0.7445
2017-12-08,0.7481
2017-12-11,0.7483
2017-12-12,0.7506
2017-12-13,0.7482
2017-12-14,0.744
2017-12-15,0.751
2017-12-18,0.7464
2017-12-19,0.7487
2017-12-20,0.7458
2017-12-21,0.7478
2017-12-22,0.7474
2017-12-26,0.748
2017-12-27,0.7461
2017-12-28,0.7435
2017-12-29,0.7392
2018-01-02,0.7355
2018-01-03,0.7395
2018-01-04,0.7386
2018-01-05,0.7374
2018-01-08,0.7371
2018-01-09,0.7398
2018-01-10,0.74
2018-01-11,0.7384
2018-01-12,0.7305
2018-01-16,0.726
2018-01-17,0.7234
2018-01-18,0.72
2018-01-19,0.7217
2018-01-22,0.7172
2018-01-23,0.7159
2018-01-24,0.7043
2018-01-25,0.7011
2018-01-26,0.7053
2018-01-29,0.7121
2018-01-30,0.708
2018-01-31,0.7047
2018-02-01,0.7019
2018-02-02,0.7079
2018-02-05,0.7132
2018-02-06,0.7168
2018-02-07,0.7204
2018-02-08,0.7186
2018-02-09,0.725
2018-02-12,0.7236
2018-02-13,0.7198
2018-02-14,0.7166
2018-02-15,0.7112
2018-02-16,0.7115
2018-02-20,0.7132
2018-02-21,0.7171
2018-02-22,0.7174
2018-02-23,0.7154
2018-02-26,0.7167
2018-02-27,0.7191
2018-02-28,0.725
2018-03-01,0.727
2018-03-02,0.7263
2018-03-05,0.7217
2018-03-06,0.7201
2018-03-07,0.72
2018-03-08,0.7234
2018-03-09,0.7213
2018-03-12,0.7195
2018-03-13,0.7149
2018-03-14,0.7171
2018-03-15,0.7168
2018-03-16,0.7184
2018-03-19,0.7127
2018-03-20,0.7136
2018-03-21,0.711
2018-03-22,0.7093
2018-03-23,0.7067
2018-03-26,0.7024
2018-03-27,0.7062
2018-03-28,0.7087
2018-03-29,0.7128
2018-03-30,0.7129
2018-04-02,0.7127
2018-04-03,0.7108
2018-04-04,0.7104
2018-04-05,0.7147
2018-04-06,0.7098
2018-04-09,0.7074
2018-04-10,0.7062
2018-04-11,0.7045
2018-04-12,0.702
2018-04-13,0.7015
2018-04-16,0.6977
2018-04-17,0.6993
2018-04-18,0.7029
2018-04-19,0.7046
2018-04-20,0.7126
2018-04-23,0.7167
2018-04-24,0.7156
2018-04-25,0.7173
2018-04-26,0.718
2018-04-27,0.7254
2018-04-30,0.7272
2018-05-01,0.7347
2018-05-02,0.7348
2018-05-03,0.737
2018-05-04,0.7388
2018-05-07,0.7371
2018-05-08,0.7396
2018-05-09,0.7371
2018-05-10,0.7415
2018-05-11,0.7381
2018-05-14,0.7356
2018-05-15,0.7401
2018-05-16,0.7419
2018-05-17,0.7404
2018-05-18,0.7421
2018-05-21,0.7453
2018-05-22,0.7438
2018-05-23,0.7496
2018-05-24,0.7472
2018-05-25,0.7507
2018-05-29,0.7543
2018-05-30,0.7521
2018-05-31,0.7525
2018-06-01,0.7486
2018-06-04,0.7511
2018-06-05,0.7485
2018-06-06,0.7447
2018-06-07,0.7448
2018-06-08,0.7459
2018-06-11,0.747
2018-06-12,0.7454
2018-06-13,0.7475
2018-06-14,0.75
2018-06-15,0.7528
2018-06-18,0.7549
2018-06-19,0.7592
2018-06-20,0.7568
2018-06-21,0.7547
2018-06-22,0.7543
2018-06-25,0.7534
2018-06-26,0.7551
2018-06-27,0.7611
2018-06-28,0.7637
2018-06-29,0.7577
2018-07-02,0.7614
2018-07-03,0.7591
2018-07-05,0.756
2018-07-06,0.754
2018-07-09,0.7575
2018-07-10,0.7538
2018-07-11,0.7552
2018-07-12,0.7554
2018-07-13,0.7567
2018-07-16,0.7555
2018-07-17,0.7598
2018-07-18,0.7663
2018-07-19,0.77
2018-07-20,0.7625
2018-07-23,0.7631
2018-07-24,0.7613
2018-07-25,0.7605
2018-07-26,0.7623
2018-07-27,0.7623
2018-07-30,0.761
2018-07-31,0.7619
2018-08-01,0.7622
2018-08-02,0.7672
2018-08-03,0.768
2018-08-06,0.7724
2018-08-07,0.7718
2018-08-08,0.7764
2018-08-09,0.777
2018-08-10,0.7831
2018-08-13,0.7839
2018-08-14,0.7851
2018-08-15,0.7883
2018-08-16,0.786
2018-08-17,0.7852
2018-08-20,0.7834
2018-08-21,0.7776
2018-08-22,0.7746
2018-08-23,0.7794
2018-08-24,0.7777
2018-08-27,0.7757
2018-08-28,0.776
2018-08-29,0.7689
2018-08-30,0.7694
2018-08-31,0.7714
2018-09-04,0.7792
2018-09-05,0.775
2018-09-06,0.7732
2018-09-07,0.7732
2018-09-10,0.7677
2018-09-11,0.7683
2018-09-12,0.7675
2018-09-13,0.7631
2018-09-14,0.7643
2018-09-17,0.7607
2018-09-18,0.76
2018-09-19,0.7598
2018-09-20,0.7555
2018-09-21,0.7653
2018-09-24,0.7617
2018-09-25,0.7598
2018-09-26,0.7586
2018-09-27,0.7631
2018-09-28,0.7661
2018-10-01,0.7673
2018-10-02,0.7702
2018-10-03,0.7696
2018-10-04,0.7684
2018-10-05,0.7633
2018-10-09,0.7611
2018-10-10,0.7572
2018-10-11,0.758
2018-10-12,0.7602
2018-10-15,0.7594
2018-10-16,0.757
2018-10-17,0.7612
2018-10-18,0.7656
2018-10-19,0.7666
2018-10-22,0.7708
2018-10-23,0.7703
2018-10-24,0.7753
2018-10-25,0.7796
2018-10-26,0.7797
2018-10-29,0.7808
2018-10-30,0.7855
2018-10-31,0.7825
2018-11-01,0.7708
2018-11-02,0.7713
2018-11-05,0.768
2018-11-06,0.7648
2018-11-07,0.7608
2018-11-08,0.7624
2018-11-09,0.7705
2018-11-13,0.7674
2018-11-14,0.7686
2018-11-15,0.7844
2018-11-16,0.7789
2018-11-19,0.7787
2018-11-20,0.7807
2018-11-21,0.7827
2018-11-23,0.781
2018-11-26,0.7807
2018-11-27,0.7856
2018-11-28,0.7833
2018-11-29,0.7819
2018-11-30,0.783
2018-12-03,0.7848
2018-12-04,0.7862
2018-12-06,0.7827
2018-12-07,0.7844
2018-12-10,0.7963
2018-12-11,0.7985
2018-12-12,0.79
2018-12-13,0.7915
2018-12-14,0.7955
2018-12-17,0.7933
2018-12-18,0.7909
2018-12-19,0.7893
2018-12-20,0.7905
2018-12-21,0.7886
2018-12-26,0.7889
2018-12-27,0.792
2018-12-28,0.7875
2018-12-31,0.7835
2019-01-02,0.7938
2019-01-03,0.7916
2019-01-04,0.7849
2019-01-07,0.7839
2019-01-08,0.7859
2019-01-09,0.7835
2019-01-10,0.7832
2019-01-11,0.7791
2019-01-15,0.7836
2019-01-16,0.7775
2019-01-17,0.7728
2019-01-18,0.7753
2019-01-22,0.7719
2019-01-23,0.7649
2019-01-24,0.7676
2019-01-25,0.759
2019-01-28,0.76
2019-01-29,0.7607
2019-01-30,0.7656
2019-01-31,0.7613
2019-02-01,0.7637
2019-02-04,0.7652
2019-02-05,0.7724
2019-02-06,0.7718
2019-02-07,0.7712
2019-02-08,0.7732
2019-02-11,0.7775
2019-02-12,0.776
2019-02-13,0.7773
2019-02-14,0.7817
2019-02-15,0.7778
2019-02-19,0.7671
2019-02-21,0.7657
2019-02-22,0.7653
2019-02-25,0.7658
2019-02-26,0.7546
2019-02-27,0.7509
2019-02-28,0.7534
2019-03-01,0.7563
2019-03-04,0.7584
2019-03-05,0.761
2019-03-06,0.7606
2019-03-07,0.763
2019-03-08,0.7686
2019-03-11,0.7637
2019-03-12,0.7633
2019-03-13,0.7559
2019-03-14,0.753
2019-03-15,0.7531
2019-03-18,0.7563
2019-03-19,0.754
2019-03-20,0.7581
2019-03-21,0.7649
2019-03-22,0.7565
2019-03-25,0.7574
2019-03-26,0.7567
2019-03-27,0.758
2019-03-28,0.7641
2019-03-29,0.7673
2019-04-01,0.7608
2019-04-02,0.7672
2019-04-03,0.7587
2019-04-04,0.765
2019-04-05,0.7686
2019-04-08,0.7664
2019-04-09,0.7664
2019-04-10,0.7634
2019-04-11,0.7652
2019-04-12,0.7642
2019-04-15,0.7631
2019-04-16,0.7663
2019-04-17,0.7671
2019-04-18,0.7691
2019-04-19,0.7691
2019-04-22,0.7702
2019-04-23,0.7726
2019-04-24,0.7724
2019-04-25,0.7751
2019-04-26,0.7734
2019-04-29,0.7738
2019-04-30,0.7675
2019-05-01,0.7639
2019-05-02,0.7673
2019-05-03,0.7611
2019-05-06,0.7638
2019-05-07,0.7662
2019-05-08,0.7684
2019-05-09,0.7685
2019-05-10,0.7671
2019-05-13,0.7715
2019-05-14,0.7739
2019-05-15,0.7765
2019-05-16,0.7811
2019-05-17,0.786
2019-05-20,0.7863
2019-05-21,0.7845
2019-05-22,0.789
2019-05-23,0.7895
2019-05-24,0.7874
2019-05-28,0.7894
2019-05-29,0.7917
2019-05-30,0.7925
2019-05-31,0.7924
2019-06-03,0.7923
2019-06-04,0.789
2019-06-05,0.787
2019-06-06,0.7866
2019-06-07,0.7849
2019-06-10,0.7884
2019-06-11,0.7859
2019-06-12,0.7878
2019-06-13,0.7888
2019-06-14,0.7936
2019-06-17,0.7957
2019-06-18,0.797
2019-06-19,0.7921
2019-06-20,0.7874
2019-06-21,0.7872
2019-06-24,0.7857
2019-06-25,0.7861
2019-06-26,0.7876
2019-06-27,0.789
2019-06-28,0.7872
2019-07-01,0.7909
2019-07-02,0.7937
2019-07-03,0.7957
2019-07-05,0.7996
2019-07-08,0.7998
2019-07-09,0.8024
2019-07-10,0.7996
2019-07-11,0.7969
2019-07-12,0.7966
2019-07-15,0.7985
2019-07-16,0.8059
2019-07-17,0.804
2019-07-18,0.8004
2019-07-19,0.8
2019-07-22,0.8016
2019-07-23,0.8033
2019-07-24,0.8001
2019-07-25,0.8019
2019-07-26,0.8073
2019-07-29,0.8173
2019-07-30,0.8232
2019-07-31,0.8183
2019-08-01,0.8234
2019-08-02,0.8243
2019-08-05,0.822
2019-08-06,0.8231
2019-08-07,0.8225
2019-08-08,0.8239
2019-08-09,0.8275
2019-08-12,0.8285
2019-08-13,0.8287
2019-08-14,0.8286
2019-08-15,0.8256
2019-08-16,0.8229
2019-08-19,0.8239
2019-08-20,0.8228
2019-08-21,0.8236
2019-08-22,0.8163
2019-08-23,0.8156
2019-08-26,0.8175
2019-08-27,0.8138
2019-08-28,0.8165
2019-08-29,0.8199
2019-08-30,0.822
2019-09-03,0.8274
2019-09-04,0.8203
2019-09-05,0.8106
2019-09-06,0.8131
2019-09-09,0.8085
2019-09-10,0.8094
2019-09-11,0.8111
2019-09-12,0.8093
2019-09-13,0.8024
2019-09-16,0.805
2019-09-17,0.8004
2019-09-18,0.8014
2019-09-19,0.8012
2019-09-20,0.8007
2019-09-23,0.8046
2019-09-24,0.8016
2019-09-25,0.8089
2019-09-26,0.8102
2019-09-27,0.8122
2019-09-30,0.8127
2019-10-01,0.8169
2019-10-02,0.8121
2019-10-03,0.8071
2019-10-04,0.8124
2019-10-07,0.8116
2019-10-08,0.8193
2019-10-09,0.8187
2019-10-10,0.8076
2019-10-11,0.7885
2019-10-15,0.7851
2019-10-16,0.778
2019-10-17,0.778
2019-10-18,0.775
2019-10-21,0.7702
2019-10-22,0.7723
2019-10-23,0.776
2019-10-24,0.7806
2019-10-25,0.7792
2019-10-28,0.7776
2019-10-29,0.7749
2019-10-30,0.7769
2019-10-31,0.7729
2019-11-01,0.7722
2019-11-04,0.7748
2019-11-05,0.777
2019-11-06,0.7769
2019-11-07,0.7795
2019-11-08,0.7819
2019-11-12,0.7779
2019-11-13,0.7788
2019-11-14,0.7765
2019-11-15,0.7751
2019-11-18,0.7713
2019-11-19,0.7736
2019-11-20,0.7741
2019-11-21,0.7743
2019-11-22,0.7795
2019-11-25,0.7761
2019-11-26,0.7782
2019-11-27,0.7763
2019-11-29,0.7729
2019-12-02,0.773
2019-12-03,0.7691
2019-12-04,0.7637
2019-12-05,0.7596
2019-12-06,0.7618
2019-12-09,0.7601
2019-12-10,0.7588
2019-12-11,0.759
2019-12-12,0.7614
2019-12-13,0.7491
2019-12-16,0.7502
2019-12-17,0.7624
2019-12-18,0.7646
2019-12-19,0.7672
2019-12-20,0.7671
2019-12-23,0.7742
2019-12-24,0.7719
2019-12-26,0.7688
2019-12-27,0.7639
2019-12-30,0.761
2019-12-31,0.7536
2020-01-02,0.7617
2020-01-03,0.7639
2020-01-06,0.7597
2020-01-07,0.7618
2020-01-08,0.7628
2020-01-09,0.7652
2020-01-10,0.7657
2020-01-13,0.7702
2020-01-14,0.7682
2020-01-15,0.7675
2020-01-16,0.7648
2020-01-17,0.7675
2020-01-21,0.7665
2020-01-22,0.7613
2020-01-23,0.7631
2020-01-24,0.7651
2020-01-27,0.766
2020-01-28,0.7695
2020-01-29,0.7685
2020-01-30,0.763
2020-01-31,0.7579
2020-02-03,0.7689
2020-02-04,0.7675
2020-02-05,0.7692
2020-02-06,0.7731
2020-02-07,0.7747
2020-02-10,0.7741
2020-02-11,0.7725
2020-02-12,0.7705
2020-02-13,0.7662
2020-02-14,0.7669
2020-02-18,0.7682
2020-02-19,0.7732
2020-02-20,0.7766
2020-02-21,0.7712
2020-02-24,0.7738
2020-02-25,0.769
2020-02-26,0.7739
2020-02-27,0.7766
2020-02-28,0.7826
2020-03-02,0.7818
2020-03-03,0.7796
2020-03-04,0.7791
2020-03-05,0.7729
2020-03-06,0.7686
2020-03-09,0.7634
2020-03-10,0.7732
2020-03-11,0.776
2020-03-12,0.7974
2020-03-13,0.8061
2020-03-16,0.8145
2020-03-17,0.8322
2020-03-18,0.8503
2020-03-19,0.8575
2020-03-20,0.8516
2020-03-23,0.8702
2020-03-24,0.8486
2020-03-25,0.8501
2020-03-26,0.8237
2020-03-27,0.8091
2020-03-30,0.807
2020-03-31,0.803
2020-04-01,0.8068
2020-04-02,0.8078
2020-04-03,0.8178
2020-04-06,0.8131
2020-04-07,0.8102
2020-04-08,0.8068
2020-04-09,0.8027
2020-04-10,0.801
2020-04-13,0.7988
2020-04-14,0.7926
2020-04-15,0.7985
2020-04-16,0.8043
2020-04-17,0.7998
2020-04-20,0.8021
2020-04-21,0.8153
2020-04-22,0.8109
2020-04-23,0.8085
2020-04-24,0.8107
2020-04-27,0.8051
2020-04-28,0.804
2020-04-29,0.8046
2020-04-30,0.7935
2020-05-01,0.7994
2020-05-04,0.8045
2020-05-05,0.8033
2020-05-06,0.8099
2020-05-07,0.8098
2020-05-08,0.8041
2020-05-11,0.811
2020-05-12,0.8131
2020-05-13,0.818
2020-05-14,0.8201
2020-05-15,0.8245
2020-05-18,0.8189
2020-05-19,0.816
2020-05-20,0.8159
2020-05-21,0.8179
2020-05-22,0.8212
2020-05-26,0.8106
2020-05-27,0.8176
2020-05-28,0.8114
2020-05-29,0.8117
2020-06-01,0.8018
2020-06-02,0.798
2020-06-03,0.7937
2020-06-04,0.7931
2020-06-05,0.7872
2020-06-08,0.7878
2020-06-09,0.7852
2020-06-10,0.7838
2020-06-11,0.7915
2020-06-12,0.7983
2020-06-15,0.7973
2020-06-16,0.7945
2020-06-17,0.7983
2020-06-18,0.8045
2020-06-19,0.8089
2020-06-22,0.8034
2020-06-23,0.798
2020-06-24,0.8044
2020-06-25,0.8061
2020-06-26,0.8106
2020-06-29,0.8144
2020-06-30,0.8085
2020-07-01,0.8017
2020-07-02,0.802
2020-07-06,0.8012
2020-07-07,0.7954
2020-07-08,0.7941
2020-07-09,0.7928
2020-07-10,0.7903
2020-07-13,0.7928
2020-07-14,0.7971
2020-07-15,0.7945
2020-07-16,0.7923
2020-07-17,0.7968
2020-07-20,0.79
2020-07-21,0.7852
2020-07-22,0.7856
2020-07-23,0.7838
2020-07-24,0.7818
2020-07-27,0.776
2020-07-28,0.7722
2020-07-29,0.7708
2020-07-30,0.7672
2020-07-31,0.7614
2020-08-03,0.7661
2020-08-04,0.7658
2020-08-05,0.761
2020-08-06,0.7606
2020-08-07,0.7667
2020-08-10,0.7644
2020-08-11,0.7647
2020-08-12,0.7665
2020-08-13,0.7644
2020-08-14,0.7629
2020-08-17,0.7631
2020-08-18,0.756
2020-08-19,0.7581
2020-08-20,0.7582
2020-08-21,0.7635
2020-08-24,0.7646
2020-08-25,0.7613
2020-08-26,0.7584
2020-08-27,0.7559
2020-08-28,0.7496
2020-08-31,0.7477
2020-09-01,0.7454
2020-09-02,0.751
2020-09-03,0.754
2020-09-04,0.7559
2020-09-08,0.7669
2020-09-09,0.7686
2020-09-10,0.7785
2020-09-11,0.782
2020-09-14,0.7766
2020-09-15,0.7772
2020-09-16,0.7704
2020-09-17,0.7719
2020-09-18,0.7722
2020-09-21,0.7816
2020-09-22,0.7858
2020-09-23,0.7843
2020-09-24,0.785
2020-09-25,0.787
2020-09-28,0.7773
2020-09-29,0.7784
2020-09-30,0.7739
2020-10-01,0.7751
2020-10-02,0.7735
2020-10-05,0.7709
2020-10-06,0.7725
2020-10-07,0.7744
2020-10-08,0.7726
2020-10-09,0.7691
2020-10-13,0.7711
2020-10-14,0.7679
2020-10-15,0.7742
2020-10-16,0.7733
2020-10-19,0.7693
2020-10-20,0.7721
2020-10-21,0.7609
2020-10-22,0.7639
2020-10-23,0.7669
2020-10-26,0.768
2020-10-27,0.7653
2020-10-28,0.7694
2020-10-29,0.7758
2020-10-30,0.7732
2020-11-02,0.775
2020-11-03,0.7663
2020-11-04,0.768
2020-11-05,0.7624
2020-11-06,0.7598
2020-11-09,0.7612
2020-11-10,0.7556
2020-11-12,0.7609
2020-11-13,0.759
2020-11-16,0.7577
2020-11-17,0.7549
2020-11-18,0.7519
2020-11-19,0.7561
2020-11-20,0.7522
2020-11-23,0.7519
2020-11-24,0.7491
2020-11-25,0.7475
2020-11-30,0.7497
2020-12-01,0.7467
2020-12-02,0.7492
2020-12-03,0.741
2020-12-04,0.7416
2020-12-07,0.7489
2020-12-08,0.7486
2020-12-09,0.7467
2020-12-10,0.7523
2020-12-11,0.7577
2020-12-14,0.7505
2020-12-15,0.7444
2020-12-16,0.7406
2020-12-17,0.7348
2020-12-18,0.7409
2020-12-21,0.7488
2020-12-22,0.7491
2020-12-23,0.7402
2020-12-28,0.7437
2020-12-29,0.7401
2020-12-30,0.735
2020-12-31,0.732
2021-01-04,0.738
2021-01-05,0.7342
2021-01-06,0.7357
2021-01-07,0.738
2021-01-08,0.7362
2021-01-11,0.7395
2021-01-12,0.7333
2021-01-13,0.7336
2021-01-14,0.7305
2021-01-15,0.7353
2021-01-19,0.7338
2021-01-21,0.7288
2021-01-22,0.7307
2021-01-25,0.7316
2021-01-26,0.7284
2021-01-27,0.7306
2021-01-28,0.7285
2021-01-29,0.7287
2021-02-01,0.7314
2021-02-02,0.7329
2021-02-03,0.7325
2021-02-04,0.7318
2021-02-05,0.7292
2021-02-08,0.7279
2021-02-09,0.7248
2021-02-10,0.722
2021-02-11,0.7235
2021-02-12,0.7218
2021-02-16,0.7189
2021-02-17,0.7221
2021-02-18,0.7165
2021-02-19,0.713
2021-02-22,0.7104
2021-02-23,0.7096
2021-02-24,0.7089
2021-02-25,0.709
2021-02-26,0.717
2021-03-01,0.7175
2021-03-02,0.7162
2021-03-03,0.7154
2021-03-04,0.7143
2021-03-05,0.7237
2021-03-08,0.7241
2021-03-09,0.7203
2021-03-10,0.7195
2021-03-11,0.7153
2021-03-12,0.7181
2021-03-15,0.7212
2021-03-16,0.7198
2021-03-17,0.72
2021-03-18,0.7175
2021-03-19,0.7209
2021-03-22,0.7217
2021-03-23,0.7249
2021-03-24,0.7287
2021-03-25,0.7288
2021-03-26,0.725
2021-03-29,0.725
2021-03-30,0.7284
2021-03-31,0.7249
2021-04-01,0.7233
2021-04-02,0.7233
2021-04-05,0.7191
2021-04-06,0.7221
2021-04-07,0.7269
2021-04-08,0.7279
2021-04-09,0.7281
2021-04-12,0.7277
2021-04-13,0.7277
2021-04-14,0.7252
2021-04-15,0.7256
2021-04-16,0.7233
2021-04-19,0.7155
2021-04-20,0.7166
2021-04-21,0.7176
2021-04-22,0.722
2021-04-23,0.7223
2021-04-26,0.7199
2021-04-27,0.719
2021-04-28,0.7185
2021-04-29,0.7165
2021-04-30,0.7226
2021-05-03,0.7188
2021-05-04,0.7208
2021-05-05,0.7188
2021-05-06,0.7205
2021-05-07,0.7143
2021-05-10,0.7066
2021-05-11,0.7068
2021-05-12,0.7102
2021-05-13,0.7126
2021-05-14,0.7094
2021-05-17,0.7079
2021-05-18,0.705
2021-05-19,0.7058
2021-05-20,0.7051
2021-05-21,0.7063
2021-05-24,0.7069
2021-05-25,0.7081
2021-05-26,0.7078
2021-05-27,0.7056
2021-05-28,0.7048
2021-06-01,0.7058
2021-06-02,0.7054
2021-06-03,0.7093
2021-06-04,0.7055
2021-06-07,0.7053
2021-06-08,0.7069
2021-06-09,0.708
2021-06-10,0.706
2021-06-11,0.7085
2021-06-14,0.7084
2021-06-15,0.7106
2021-06-16,0.7087
2021-06-17,0.7186
2021-06-18,0.7237
2021-06-21,0.7186
2021-06-22,0.7183
2021-06-23,0.7155
2021-06-24,0.7191
2021-06-25,0.7195
2021-06-28,0.7197
2021-06-29,0.7223
2021-06-30,0.7243
2021-07-01,0.7257
2021-07-02,0.7249
2021-07-06,0.7251
2021-07-07,0.7251
2021-07-08,0.7264
2021-07-09,0.7224
2021-07-12,0.7201
2021-07-13,0.7222
2021-07-14,0.7218
2021-07-15,0.7221
2021-07-16,0.7254
2021-07-19,0.7305
2021-07-20,0.7345
2021-07-21,0.7302
2021-07-22,0.7273
2021-07-23,0.7273
2021-07-26,0.7231
2021-07-27,0.7203
2021-07-28,0.7203
2021-07-29,0.716
2021-07-30,0.7188
2021-08-02,0.7201
2021-08-03,0.7192
2021-08-04,0.7188
2021-08-05,0.7179
2021-08-06,0.7208
2021-08-09,0.7219
2021-08-10,0.7225
2021-08-11,0.7212
2021-08-12,0.7229
2021-08-13,0.7217
2021-08-16,0.7221
2021-08-17,0.7279
2021-08-18,0.7273
2021-08-19,0.7314
2021-08-20,0.7339
2021-08-23,0.729
2021-08-24,0.7291
2021-08-25,0.7287
2021-08-26,0.7293
2021-08-27,0.7263
2021-08-30,0.7268
2021-08-31,0.7274
2021-09-01,0.7252
2021-09-02,0.7233
2021-09-03,0.7214
2021-09-07,0.7251
2021-09-08,0.7267
2021-09-09,0.7218
2021-09-10,0.7222
2021-09-13,0.7223
2021-09-14,0.7221
2021-09-15,0.7227
2021-09-16,0.7254
2021-09-17,0.727
2021-09-20,0.7323
2021-09-21,0.7319
2021-09-22,0.7316
2021-09-23,0.7275
2021-09-24,0.7309
2021-09-27,0.7293
2021-09-28,0.7387
2021-09-29,0.7441
2021-09-30,0.7424
2021-10-01,0.7368
2021-10-04,0.7352
2021-10-05,0.7331
2021-10-06,0.737
2021-10-07,0.7335
2021-10-08,0.7337
2021-10-12,0.735
2021-10-13,0.7329
2021-10-14,0.7308
2021-10-15,0.727
2021-10-18,0.7285
2021-10-19,0.7243
2021-10-20,0.7235
2021-10-21,0.724
2021-10-22,0.7277
2021-10-25,0.7261
2021-10-26,0.7261
2021-10-27,0.7279
2021-10-28,0.7244
2021-10-29,0.7307
2021-11-01,0.731
2021-11-02,0.7346
2021-11-03,0.7321
2021-11-04,0.7411
2021-11-05,0.7412
2021-11-08,0.7373
2021-11-09,0.738
2021-11-10,0.7424
2021-11-12,0.7456
2021-11-15,0.7438
2021-11-16,0.7447
2021-11-17,0.7414
2021-11-18,0.7413
2021-11-19,0.7422
2021-11-22,0.7456
2021-11-23,0.7469
2021-11-24,0.7501
2021-11-26,0.7506
2021-11-29,0.7524
2021-11-30,0.7546
2021-12-01,0.7514
2021-12-02,0.7516
2021-12-03,0.7556
2021-12-06,0.7546
2021-12-07,0.7555
2021-12-08,0.7555
2021-12-09,0.7583
2021-12-10,0.754
2021-12-13,0.7557
2021-12-14,0.7561
2021-12-15,0.7568
2021-12-16,0.7505
2021-12-17,0.7536
2021-12-20,0.7563
2021-12-21,0.7545
2021-12-22,0.7493
2021-12-23,0.7457
2021-12-27,0.7442
2021-12-28,0.7445
2021-12-29,0.7421
2021-12-30,0.7407
2022-01-03,0.7424
2022-01-04,0.7383
2022-01-05,0.7368
2022-01-06,0.7386
2022-01-07,0.7362
2022-01-10,0.7371
2022-01-11,0.7341
2022-01-12,0.73
2022-01-13,0.7287
2022-01-14,0.7315
2022-01-18,0.7359
2022-01-19,0.7339
2022-01-20,0.733
2022-01-21,0.7374
2022-01-24,0.7437
2022-01-25,0.741
2022-01-26,0.7399
2022-01-27,0.7471
2022-01-28,0.7453
2022-01-31,0.7441
2022-02-01,0.7405
2022-02-02,0.7372
2022-02-03,0.7352
2022-02-04,0.7384
2022-02-07,0.7389
2022-02-08,0.7379
2022-02-09,0.7386
2022-02-10,0.7334
2022-02-11,0.7352
2022-02-14,0.7399
2022-02-15,0.7386
2022-02-16,0.7361
2022-02-17,0.734
2022-02-18,0.7361
2022-02-22,0.7355
2022-02-23,0.7377
2022-02-24,0.7485
2022-02-25,0.7459
2022-02-28,0.7452
2022-03-01,0.7509
2022-03-02,0.7482
2022-03-03,0.7504
2022-03-04,0.7568
2022-03-07,0.7625
2022-03-08,0.7633
2022-03-09,0.7599
2022-03-10,0.7629
2022-03-11,0.7655
2022-03-14,0.7666
2022-03-15,0.7654
2022-03-16,0.7636
2022-03-17,0.7599
2022-03-18,0.7594
2022-03-21,0.7575
2022-03-22,0.7543
2022-03-23,0.7569
2022-03-24,0.7586
2022-03-25,0.758
2022-03-28,0.7639
2022-03-29,0.7619
2022-03-30,0.7605
2022-03-31,0.7603
2022-04-01,0.7625
2022-04-04,0.7624
2022-04-05,0.7633
2022-04-06,0.7644
2022-04-07,0.7657
2022-04-08,0.7673
2022-04-11,0.7673
2022-04-12,0.7674
2022-04-13,0.765
2022-04-14,0.7662
2022-04-15,0.7653
2022-04-18,0.7681
2022-04-19,0.7687
2022-04-20,0.766
2022-04-21,0.7668
2022-04-22,0.7783
2022-04-25,0.7875
2022-04-26,0.7926
2022-04-27,0.797
2022-04-28,0.8037
2022-04-29,0.7959
2022-05-02,0.7985
2022-05-03,0.7994
2022-05-04,0.8008
2022-05-05,0.8108
2022-05-06,0.8101
2022-05-09,0.8107
2022-05-10,0.8121
2022-05-11,0.8119
2022-05-12,0.8198
2022-05-13,0.8169
2022-05-16,0.815
2022-05-17,0.8021
2022-05-18,0.8067
2022-05-19,0.7997
2022-05-20,0.8005
2022-05-23,0.7955
2022-05-24,0.7972
2022-05-25,0.7975
2022-05-26,0.7948
2022-05-27,0.7928
2022-05-31,0.7921
2022-06-01,0.8018
2022-06-02,0.7964
2022-06-03,0.8003
2022-06-06,0.7972
2022-06-07,0.794
2022-06-08,0.7964
2022-06-09,0.7993
2022-06-10,0.811
2022-06-13,0.8217
2022-06-14,0.8326
2022-06-15,0.8294
2022-06-16,0.8103
2022-06-17,0.8196
2022-06-21,0.8145
2022-06-22,0.8143
2022-06-23,0.817
2022-06-24,0.8148
2022-06-27,0.8127
2022-06-28,0.8197
2022-06-29,0.823
2022-06-30,0.8222
2022-07-01,0.83
2022-07-05,0.8381
2022-07-06,0.8398
2022-07-07,0.8338
2022-07-08,0.8308
2022-07-11,0.8398
2022-07-12,0.84
2022-07-13,0.839
2022-07-14,0.8455
2022-07-15,0.8434
2022-07-18,0.8341
2022-07-19,0.8318
2022-07-20,0.8341
2022-07-21,0.8356
2022-07-22,0.832
2022-07-25,0.8304
2022-07-26,0.8308
2022-07-27,0.8315
2022-07-28,0.8247
2022-07-29,0.8208
2022-08-01,0.8145
2022-08-02,0.8185
2022-08-03,0.8243
2022-08-04,0.8237
2022-08-05,0.8291
2022-08-08,0.8266
2022-08-09,0.8272
2022-08-10,0.8167
2022-08-11,0.8177
2022-08-12,0.8243
2022-08-15,0.8271
2022-08-16,0.8271
2022-08-17,0.8313
2022-08-18,0.8354
2022-08-19,0.8467
2022-08-22,0.8509
2022-08-23,0.8443
2022-08-24,0.8473
2022-08-25,0.8472
2022-08-26,0.849
2022-08-29,0.8534
2022-08-30,0.8583
2022-08-31,0.8586
2022-09-01,0.8665
2022-09-02,0.8634
2022-09-06,0.8659
2022-09-07,0.8716
2022-09-08,0.8704
2022-09-09,0.8621
2022-09-12,0.8546
2022-09-13,0.8676
2022-09-14,0.8648
2022-09-15,0.8717
2022-09-16,0.8757
2022-09-19,0.877
2022-09-20,0.8768
2022-09-21,0.8826
2022-09-22,0.8874
2022-09-23,0.9157
2022-09-26,0.9343
2022-09-27,0.93
2022-09-28,0.9232
2022-09-29,0.9051
2022-09-30,0.8981
2022-10-03,0.8872
2022-10-04,0.8737
2022-10-05,0.8869
2022-10-06,0.8982
2022-10-07,0.8996
2022-10-11,0.8954
2022-10-12,0.9012
2022-10-13,0.8815
2022-10-14,0.8922
2022-10-17,0.8751
2022-10-18,0.8844
2022-10-19,0.8903
2022-10-20,0.8859
2022-10-21,0.8856
2022-10-24,0.8853
2022-10-25,0.8719
2022-10-26,0.861
2022-10-27,0.864
2022-10-28,0.8641
2022-10-31,0.8684
2022-11-01,0.8726
2022-11-02,0.8721
2022-11-03,0.8942
2022-11-04,0.8866
2022-11-07,0.8724
2022-11-08,0.8624
2022-11-09,0.8775
2022-11-10,0.8564
2022-11-14,0.8527
2022-11-15,0.841
2022-11-16,0.8411
2022-11-17,0.8466
2022-11-18,0.8402
2022-11-21,0.8485
2022-11-22,0.8418
2022-11-23,0.8306
2022-11-25,0.8263
2022-11-28,0.8305
2022-11-29,0.8336
2022-11-30,0.836
2022-12-01,0.8162
2022-12-02,0.8135
2022-12-05,0.8218
2022-12-06,0.8195
2022-12-07,0.8201
2022-12-08,0.8173
2022-12-09,0.8123
2022-12-12,0.814
2022-12-13,0.8081
2022-12-14,0.8059
2022-12-15,0.8193
2022-12-16,0.8218
2022-12-19,0.821
2022-12-20,0.8233
2022-12-21,0.8284
2022-12-22,0.8311
2022-12-23,0.8296
2022-12-27,0.8311
2022-12-28,0.831
2022-12-29,0.8292
2022-12-30,0.828
2023-01-03,0.8354
2023-01-04,0.829
2023-01-05,0.8402
2023-01-06,0.8289
2023-01-09,0.8193
2023-01-10,0.8227
2023-01-11,0.8247
2023-01-12,0.8209
2023-01-13,0.8201
2023-01-17,0.8154
2023-01-18,0.8085
2023-01-19,0.8087
2023-01-20,0.8081
2023-01-23,0.8084
2023-01-24,0.8115
2023-01-25,0.8081
2023-01-26,0.8084
2023-01-27,0.8078
2023-01-30,0.8082
2023-01-31,0.8114
2023-02-01,0.8125
2023-02-02,0.8157
2023-02-03,0.8283
2023-02-06,0.8327
2023-02-07,0.8324
2023-02-08,0.8269
2023-02-09,0.8226
2023-02-10,0.8291
2023-02-13,0.824
2023-02-14,0.8226
2023-02-15,0.8312
2023-02-16,0.8321
2023-02-17,0.8325
2023-02-21,0.8257
2023-02-22,0.8289
2023-02-23,0.8322
2023-02-24,0.837
2023-02-27,0.8308
2023-02-28,0.8269
2023-03-01,0.831
2023-03-02,0.8374
2023-03-03,0.8336
2023-03-06,0.83
2023-03-07,0.8434
2023-03-08,0.8448
2023-03-09,0.8388
2023-03-10,0.8304
2023-03-13,0.8224
2023-03-14,0.8233
2023-03-15,0.8311
2023-03-16,0.8257
2023-03-17,0.8237
2023-03-20,0.8159
2023-03-21,0.82
2023-03-22,0.8175
2023-03-23,0.8116
2023-03-24,0.818
2023-03-27,0.8145
2023-03-28,0.8103
2023-03-29,0.8121
2023-03-30,0.8085
2023-03-31,0.8085
2023-04-03,0.8063
2023-04-04,0.8001
2023-04-05,0.802
2023-04-06,0.8028
2023-04-07,0.805
2023-04-10,0.8092
2023-04-11,0.8059
2023-04-12,0.8019
2023-04-13,0.798
2023-04-14,0.8053
2023-04-17,0.8091
2023-04-18,0.8052
2023-04-19,0.8037
2023-04-20,0.8033
2023-04-21,0.8052
2023-04-24,0.8028
2023-04-25,0.8066
2023-04-26,0.8009
2023-04-27,0.8019
2023-04-28,0.7948
2023-05-01,0.8003
2023-05-02,0.8016
2023-05-03,0.797
2023-05-04,0.7949
2023-05-05,0.7905
2023-05-08,0.7916
2023-05-09,0.7925
2023-05-10,0.7928
2023-05-11,0.7999
2023-05-12,0.8023
2023-05-15,0.7983
2023-05-16,0.8004
2023-05-17,0.8016
2023-05-18,0.8049
2023-05-19,0.8023
2023-05-22,0.8048
2023-05-23,0.805
2023-05-24,0.8085
2023-05-25,0.8114
2023-05-26,0.8102
2023-05-30,0.8063
2023-05-31,0.8067
2023-06-01,0.7977
2023-06-02,0.8021
2023-06-05,0.8039
2023-06-06,0.8053
2023-06-07,0.8031
2023-06-08,0.797
2023-06-09,0.795
2023-06-12,0.8007
2023-06-13,0.793
2023-06-14,0.7876
2023-06-15,0.7836
2023-06-16,0.7803
2023-06-20,0.7854
2023-06-21,0.7851
2023-06-22,0.7843
2023-06-23,0.7873
2023-06-26,0.7859
2023-06-27,0.7842
2023-06-28,0.7913
2023-06-29,0.7926
2023-06-30,0.7868
2023-07-03,0.7877
2023-07-05,0.7868
2023-07-06,0.7861
2023-07-07,0.7789
2023-07-10,0.779
2023-07-11,0.7751
2023-07-12,0.7696
2023-07-13,0.7635
2023-07-14,0.7626
2023-07-17,0.7646
2023-07-18,0.766
2023-07-19,0.7753
2023-07-20,0.7783
2023-07-21,0.778
2023-07-24,0.7795
2023-07-25,0.7766
2023-07-26,0.7734
2023-07-27,0.777
2023-07-28,0.777
2023-07-31,0.7778
2023-08-01,0.7843
2023-08-02,0.7867
2023-08-03,0.7868
2023-08-04,0.7828
2023-08-07,0.7831
2023-08-08,0.7856
2023-08-09,0.7865
2023-08-10,0.7858
2023-08-11,0.7878
2023-08-14,0.788
2023-08-15,0.7846
2023-08-16,0.7844
2023-08-17,0.7841
2023-08-18,0.7851
2023-08-21,0.7851
2023-08-22,0.7854
2023-08-23,0.7865
2023-08-24,0.7915
2023-08-25,0.7955
2023-08-28,0.7942
2023-08-29,0.7928
2023-08-30,0.7858
2023-08-31,0.7895
2023-09-01,0.794
2023-09-05,0.7947
2023-09-06,0.8001
2023-09-07,0.801
2023-09-08,0.8015
2023-09-11,0.7981
2023-09-12,0.8015
2023-09-13,0.8008
2023-09-14,0.8058
2023-09-15,0.807
2023-09-18,0.8063
2023-09-19,0.8069
2023-09-20,0.8072
2023-09-21,0.8131
2023-09-22,0.8159
2023-09-25,0.8185
2023-09-26,0.8218
2023-09-27,0.8242
2023-09-28,0.8181
2023-09-29,0.8187
2023-10-02,0.8244
2023-10-03,0.8286
2023-10-04,0.8226
2023-10-05,0.8216
2023-10-06,0.816
2023-10-10,0.8138
2023-10-11,0.8127
2023-10-12,0.8187
2023-10-13,0.8238
2023-10-16,0.8198
2023-10-17,0.8193
2023-10-18,0.823
2023-10-19,0.8234
2023-10-20,0.8228
2023-10-23,0.8173
2023-10-24,0.8217
2023-10-25,0.8237
2023-10-26,0.8256
2023-10-27,0.823
2023-10-30,0.8226
2023-10-31,0.8241
2023-11-01,0.8246
2023-11-02,0.8214
2023-11-03,0.8081
2023-11-06,0.807
2023-11-07,0.8133
2023-11-08,0.8129
2023-11-09,0.8144
2023-11-13,0.8151
2023-11-14,0.8011
2023-11-15,0.8044
2023-11-16,0.805
2023-11-17,0.8045
2023-11-20,0.7997
2023-11-21,0.7974
2023-11-22,0.8021
2023-11-24,0.7936
2023-11-27,0.7928
2023-11-28,0.7866
2023-11-29,0.788
2023-11-30,0.7911
2023-12-01,0.7885
2023-12-04,0.7916
2023-12-05,0.7943
2023-12-06,0.7943
2023-12-07,0.7948
2023-12-08,0.7975
2023-12-11,0.7968
2023-12-12,0.7969
2023-12-13,0.7983
2023-12-14,0.7833
2023-12-15,0.7868
2023-12-18,0.7916
2023-12-19,0.7843
2023-12-20,0.7899
2023-12-21,0.7894
2023-12-22,0.7862
2023-12-26,0.7868
2023-12-27,0.7814
2023-12-28,0.7847
2023-12-29,0.7847
2024-01-02,0.7916
2024-01-03,0.7911
2024-01-04,0.7879
2024-01-05,0.7849
2024-01-08,0.7833
2024-01-09,0.7862
2024-01-10,0.7855
2024-01-11,0.7867
2024-01-12,0.7846
2024-01-16,0.7901
2024-01-17,0.7895
2024-01-18,0.7882
2024-01-19,0.7888
2024-01-22,0.7857
2024-01-23,0.7898
2024-01-24,0.7841
2024-01-25,0.7874
2024-01-26,0.7862
2024-01-29,0.7886
2024-01-30,0.7885
2024-01-31,0.7854
2024-02-01,0.7857
2024-02-02,0.792
2024-02-05,0.798
2024-02-06,0.7943
2024-02-07,0.7918
2024-02-08,0.7924
2024-02-09,0.7919
2024-02-12,0.7917
2024-02-13,0.7933
2024-02-14,0.7961
2024-02-15,0.7949
2024-02-16,0.7943
2024-02-20,0.7908
2024-02-21,0.7921
2024-02-22,0.7906
2024-02-23,0.7888
2024-02-26,0.7886
2024-02-27,0.7878
2024-02-28,0.7893
2024-02-29,0.7916
2024-03-01,0.7904
2024-03-04,0.7873
2024-03-05,0.7867
2024-03-06,0.7839
2024-03-07,0.7815
2024-03-08,0.7781
2024-03-11,0.7808
2024-03-12,0.7821
2024-03-13,0.7813
2024-03-14,0.7844
2024-03-15,0.7848
2024-03-18,0.7852
2024-03-19,0.7866
2024-03-20,0.7866
2024-03-21,0.7893
2024-03-22,0.7935
2024-03-25,0.7906
2024-03-26,0.7918
2024-03-27,0.7917
2024-03-28,0.7915
2024-03-29,0.7913
2024-04-01,0.7971
2024-04-02,0.7952
2024-04-03,0.7915
2024-04-04,0.7893
2024-04-05,0.7916
2024-04-08,0.7902
2024-04-09,0.7889
2024-04-10,0.7972
2024-04-11,0.7978
2024-04-12,0.8028
2024-04-15,0.8022
2024-04-16,0.8041
2024-04-17,0.8037
2024-04-18,0.8022
2024-04-19,0.8066
2024-04-22,0.8103
2024-04-23,0.8042
2024-04-24,0.8042
2024-04-25,0.8004
2024-04-26,0.8017
2024-04-29,0.7966
2024-04-30,0.7991
2024-05-01,0.8008
2024-05-02,0.7996
2024-05-03,0.7968
2024-05-06,0.7952
2024-05-07,0.7978
2024-05-08,0.7998
2024-05-09,0.7997
2024-05-10,0.7982
2024-05-13,0.796
2024-05-14,0.7944
2024-05-15,0.79
2024-05-16,0.7885
2024-05-17,0.7872
2024-05-20,0.7869
2024-05-21,0.7868
2024-05-22,0.785
2024-05-23,0.7863
2024-05-24,0.7846
2024-05-28,0.7821
2024-05-29,0.7865
2024-05-30,0.785
2024-05-31,0.7851
2024-06-03,0.7816
2024-06-04,0.7822
2024-06-05,0.783
2024-06-06,0.7821
2024-06-07,0.7857
2024-06-10,0.7854
2024-06-11,0.7859
2024-06-12,0.7786
2024-06-13,0.7835
2024-06-14,0.7883
2024-06-17,0.7881
2024-06-18,0.7875
2024-06-20,0.7892
2024-06-21,0.7908
2024-06-24,0.7884
2024-06-25,0.7888
2024-06-26,0.7921
2024-06-27,0.7903
2024-06-28,0.7911
2024-07-01,0.7905
2024-07-02,0.7887
2024-07-03,0.7833
2024-07-05,0.7808
2024-07-08,0.7795
2024-07-09,0.782
2024-07-10,0.7787
2024-07-11,0.774
2024-07-12,0.7701
2024-07-15,0.7701
2024-07-16,0.7717
2024-07-17,0.7688
2024-07-18,0.7708
2024-07-19,0.7739
2024-07-22,0.7745
2024-07-23,0.7742
2024-07-24,0.7737
2024-07-25,0.7762
2024-07-26,0.7774
2024-07-29,0.778
2024-07-30,0.7795
2024-07-31,0.7788
2024-08-01,0.783
2024-08-02,0.7814
2024-08-05,0.7834
2024-08-06,0.7877
2024-08-07,0.7863
2024-08-08,0.7849
2024-08-09,0.7833
2024-08-12,0.7827
2024-08-13,0.7795
2024-08-14,0.7783
2024-08-15,0.7774
2024-08-16,0.7748
2024-08-19,0.7702
2024-08-20,0.7676
2024-08-21,0.7647
2024-08-22,0.7637
2024-08-23,0.7577
2024-08-26,0.7584
2024-08-27,0.7556
2024-08-28,0.7575
2024-08-29,0.7584
2024-08-30,0.7615
2024-09-03,0.7632
2024-09-04,0.7609
2024-09-05,0.7596
2024-09-06,0.7613
2024-09-09,0.7644
2024-09-10,0.7654
2024-09-11,0.7676
2024-09-12,0.7645
2024-09-13,0.761
2024-09-16,0.7575
2024-09-17,0.7596
2024-09-18,0.7576
2024-09-19,0.7531
2024-09-20,0.7516
2024-09-23,0.749
2024-09-24,0.7476
2024-09-25,0.7497
2024-09-26,0.7447
2024-09-27,0.7466
2024-09-30,0.7463
2024-10-01,0.7529
2024-10-02,0.7535
2024-10-03,0.7625
2024-10-04,0.763
2024-10-07,0.7645
2024-10-08,0.7638
2024-10-09,0.7645
2024-10-10,0.7661
2024-10-11,0.7651
2024-10-15,0.7644
2024-10-16,0.7692
2024-10-17,0.7688
2024-10-18,0.7679
2024-10-21,0.7704
2024-10-22,0.7711
2024-10-23,0.7726
2024-10-24,0.7714
2024-10-25,0.7705
2024-10-28,0.7704
2024-10-29,0.7689
2024-10-30,0.7685
2024-10-31,0.7778
2024-11-01,0.7717
2024-11-04,0.7727
2024-11-05,0.7683
2024-11-06,0.7754
2024-11-07,0.7701
2024-11-08,0.7749
2024-11-12,0.7854
2024-11-13,0.7868
2024-11-14,0.787
2024-11-15,0.7918
2024-11-18,0.7896
2024-11-19,0.7895
2024-11-20,0.7912
2024-11-21,0.7945
2024-11-22,0.799
2024-11-25,0.7966
2024-11-26,0.797
2024-11-27,0.7888
2024-11-29,0.7875
2024-12-02,0.7912
2024-12-03,0.7888
2024-12-04,0.7867
2024-12-05,0.7841
2024-12-06,0.7847
2024-12-09,0.7823
2024-12-10,0.7838
2024-12-11,0.7835
2024-12-12,0.7865
2024-12-13,0.7918
2024-12-16,0.788
2024-12-17,0.7863
2024-12-18,0.7876
2024-12-19,0.7981
2024-12-20,0.7945
2024-12-23,0.7981
2024-12-24,0.7982
2024-12-26,0.7986
2024-12-27,0.7954
2024-12-30,0.7985
2024-12-31,0.7987
2025-01-02,0.808
2025-01-03,0.8052
2025-01-06,0.7981
2025-01-07,0.8001
2025-01-08,0.8087
2025-01-09,0.8128
2025-01-10,0.8187
2025-01-13,0.8225
2025-01-14,0.8205
2025-01-15,0.8187
2025-01-16,0.8166
2025-01-17,0.821
2025-01-21,0.811
2025-01-22,0.8114
2025-01-23,0.8099
2025-01-24,0.8003
2025-01-27,0.8013
2025-01-28,0.8043
2025-01-29,0.8042
2025-01-30,0.803
2025-01-31,0.8034
2025-02-03,0.8072
2025-02-04,0.8008
2025-02-05,0.799
2025-02-06,0.8042
2025-02-07,0.8067
2025-02-10,0.8074
2025-02-11,0.805
2025-02-12,0.8036
2025-02-13,0.7982
2025-02-14,0.7931
2025-02-18,0.7928
2025-02-19,0.7955
2025-02-20,0.791
2025-02-21,0.7907
2025-02-24,0.7911
2025-02-25,0.7904
2025-02-26,0.7876
2025-02-27,0.7919
2025-02-28,0.7942
2025-03-03,0.7867
2025-03-04,0.7858
2025-03-05,0.7774
2025-03-06,0.7756
2025-03-07,0.7741
2025-03-10,0.7747
2025-03-11,0.7723
2025-03-12,0.771
2025-03-13,0.7725
2025-03-14,0.7742
2025-03-17,0.7699
2025-03-18,0.77
2025-03-19,0.7711
2025-03-20,0.7708
2025-03-21,0.7754
2025-03-24,0.7744
2025-03-25,0.7723
2025-03-26,0.7759
2025-03-27,0.7714
2025-03-28,0.7727
2025-03-31,0.7754
2025-04-01,0.7738
2025-04-02,0.7708
2025-04-03,0.7626
2025-04-04,0.7736
2025-04-07,0.7856
2025-04-08,0.7831
2025-04-09,0.783
2025-04-10,0.7728
2025-04-11,0.7662
2025-04-14,0.759
2025-04-15,0.7563
2025-04-16,0.7549
2025-04-17,0.7542
2025-04-18,0.7531
2025-04-21,0.7471
2025-04-22,0.7476
2025-04-23,0.7544
2025-04-24,0.7514
2025-04-25,0.7501
2025-04-28,0.7465
2025-04-29,0.7464
2025-04-30,0.7494
2025-05-01,0.7534
2025-05-02,0.7528
2025-05-05,0.7528
2025-05-06,0.748
2025-05-07,0.7494
2025-05-08,0.7526
2025-05-09,0.7509
2025-05-12,0.7579
2025-05-13,0.753
2025-05-14,0.7517
2025-05-15,0.7523
2025-05-16,0.7543
2025-05-19,0.7487
2025-05-20,0.7479
2025-05-21,0.7437
2025-05-22,0.7448
2025-05-23,0.7401
2025-05-27,0.7405
2025-05-28,0.7428
2025-05-29,0.7413
2025-05-30,0.7425
2025-06-02,0.7381
2025-06-03,0.7396
2025-06-04,0.7369
2025-06-05,0.7362
2025-06-06,0.739
2025-06-09,0.7373
2025-06-10,0.7403
2025-06-11,0.7377
2025-06-12,0.7359
2025-06-13,0.7356
2025-06-16,0.7353
2025-06-17,0.7399
2025-06-18,0.7423
2025-06-20,0.7427
2025-06-23,0.7412
2025-06-24,0.7344
2025-06-25,0.7339
2025-06-26,0.7271
2025-06-27,0.7289
2025-06-30,0.7288
2025-07-01,0.7284
2025-07-02,0.7341
2025-07-03,0.7323
2025-07-07,0.7332
2025-07-08,0.7366
2025-07-09,0.7361
2025-07-10,0.737
2025-07-11,0.7406
2025-07-14,0.7442
2025-07-15,0.7465
2025-07-16,0.7448
2025-07-17,0.7455
2025-07-18,0.7441
2025-07-21,0.7409
2025-07-22,0.7395
2025-07-23,0.7371
2025-07-24,0.7394
2025-07-25,0.7447
2025-07-28,0.7467
2025-07-29,0.7497
2025-07-30,0.7534
2025-07-31,0.7564
2025-08-01,0.7542
2025-08-04,0.7524
2025-08-05,0.7514
2025-08-06,0.7485
2025-08-07,0.7444
2025-08-08,0.7438
2025-08-11,0.7455
2025-08-12,0.7402
2025-08-13,0.7368
2025-08-14,0.739
2025-08-15,0.7372
2025-08-18,0.7396
2025-08-19,0.741
2025-08-20,0.7435
2025-08-21,0.7453
2025-08-22,0.7392
2025-08-25,0.7412
2025-08-26,0.7416
2025-08-27,0.7425
2025-08-28,0.7399
2025-08-29,0.7401
2025-09-02,0.7467
2025-09-03,0.7436
2025-09-04,0.744
2025-09-05,0.7384
2025-09-08,0.738
2025-09-09,0.7389
2025-09-10,0.7381
2025-09-11,0.737
2025-09-12,0.7382
2025-09-15,0.7348
2025-09-16,0.7324
2025-09-17,0.732
2025-09-18,0.7379
2025-09-19,0.7416
2025-09-22,0.7405
2025-09-23,0.7398
2025-09-24,0.7435
2025-09-25,0.749
2025-09-26,0.746
2025-09-29,0.7444
2025-09-30,0.7439
2025-10-01,0.7422
2025-10-02,0.745
2025-10-03,0.7418
2025-10-06,0.7421
2025-10-07,0.744
2025-10-08,0.7468
2025-10-09,0.7512
2025-10-10,0.7495
2025-10-14,0.7507
2025-10-15,0.7465
2025-10-16,0.7449
2025-10-17,0.7449
2025-10-20,0.7452
2025-10-21,0.7468
2025-10-22,0.7478
2025-10-23,0.7506
2025-10-24,0.752
2025-10-27,0.7501
2025-10-28,0.753
2025-10-29,0.7551
2025-10-30,0.7606
2025-10-31,0.761
2025-11-03,0.7605
2025-11-04,0.7666
2025-11-05,0.7662
2025-11-06,0.763
2025-11-07,0.7596
2025-11-10,0.7601
2025-11-12,0.7616
2025-11-13,0.7568
2025-11-14,0.7601
2025-11-17,0.7588
2025-11-18,0.7603
2025-11-19,0.7647
2025-11-20,0.7646
2025-11-21,0.7634
2025-11-24,0.7636
2025-11-25,0.7591
2025-11-26,0.756
2025-11-28,0.7553
2025-12-01,0.7559
2025-12-02,0.7584
2025-12-03,0.75
2025-12-04,0.7488
2025-12-05,0.7505
2025-12-08,0.7507
2025-12-09,0.7508
2025-12-10,0.7496
2025-12-11,0.7447
2025-12-12,0.749
2025-12-15,0.7474
2025-12-16,0.7447
2025-12-17,0.7468
2025-12-18,0.7469
2025-12-19,0.7474
2025-12-22,0.7431
2025-12-23,0.7416
2025-12-24,0.7405
2025-12-26,0.7412
2025-12-29,0.7409
2025-12-30,0.7418
2025-12-31,0.7437
2026-01-02,0.7418
2026-01-05,0.7393
2026-01-06,0.7409
2026-01-07,0.7422
2026-01-08,0.7446
2026-01-09,0.7455
2026-01-12,0.7426
2026-01-13,0.7443
2026-01-14,0.7438
2026-01-15,0.747
2026-01-16,0.7472
2026-01-20,0.7423
2026-01-21,0.7446
2026-01-22,0.7413
2026-01-23,0.7358
2026-01-26,0.73
2026-01-27,0.7256
2026-01-28,0.7253
2026-01-29,0.7249
2026-01-30,0.7284
2026-02-02,0.7324
2026-02-03,0.7299
2026-02-04,0.7321
2026-02-05,0.738
2026-02-06,0.735
2026-02-09,0.7317
2026-02-10,0.7319
2026-02-11,0.7324
2026-02-12,0.7336
2026-02-13,0.7329
2026-02-17,0.7386
2026-02-18,0.7388
2026-02-19,0.7437
2026-02-20,0.7407
2026-02-23,0.7402
2026-02-24,0.739
2026-02-25,0.7379
2026-02-26,0.7405
2026-02-27,0.7432
2026-03-02,0.7467
2026-03-03,0.7502
2026-03-04,0.7479
2026-03-05,0.7508
2026-03-06,0.7464
2026-03-09,0.7465
2026-03-10,0.7429
2026-03-11,0.7463
2026-03-12,0.7491
2026-03-13,0.7553
2026-03-16,0.7518
2026-03-17,0.7493
2026-03-18,0.7506
2026-03-19,0.7484
2026-03-20,0.7517
2026-03-23,0.7471
2026-03-24,0.7472
2026-03-25,0.7478
2026-03-26,0.7489
2026-03-27,0.7523
2026-03-30,0.7581
2026-03-31,0.7585
2026-04-01,0.7501
2026-04-02,0.7552
2026-04-03,0.7575
2026-04-06,0.7556
2026-04-07,0.7553
2026-04-08,0.7441
2026-04-09,0.7439
2026-04-10,0.7429
2026-04-13,0.743
2026-04-14,0.7373
2026-04-15,0.737
2026-04-16,0.7386
2026-04-17,0.7377
2026-04-20,0.7384
2026-04-21,0.7401
2026-04-22,0.7405
2026-04-23,0.741
2026-04-24,0.7398
2026-04-27,0.7378
2026-04-28,0.74
2026-04-29,0.7411
2026-04-30,0.7364
2026-05-01,0.7342
2026-05-04,0.7388
2026-05-05,0.7366
2026-05-06,0.7355
2026-05-07,0.7346
2026-05-08,0.7339
2026-05-11,0.7325
2026-05-12,0.7392
2026-05-13,0.7396
2026-05-14,0.7418
2026-05-15,0.7501
2026-05-18,0.7452
2026-05-19,0.7462
2026-05-20,0.744
2026-05-21,0.7459
2026-05-22,0.7441
2026-05-26,0.7442
2026-05-27,0.7445
2026-05-28,0.7442
2026-05-29,0.7421
2026-06-01,0.7434
2026-06-02,0.7418
2026-06-03,0.7443
2026-06-04,0.744
2026-06-05,0.7485
2026-06-08,0.7492
2026-06-09,0.7469
2026-06-10,0.7467
2026-06-11,0.7498
2026-06-12,0.7455
2026-06-15,0.7448
2026-06-16,0.7442
2026-06-17,0.7463
2026-06-18,0.756
2026-06-22,0.7548
2026-06-23,0.758
2026-06-24,0.7599
2026-06-25,0.7567
2026-06-26,0.7563
2026-06-29,0.7544
2026-06-30,0.7542
2026-07-01,0.753
2026-07-02,0.7483
2026-07-06,0.748
2026-07-07,0.7478
2026-07-08,0.7484
2026-07-09,0.7458
2026-07-10,0.7451
2026-07-13,0.7473
2026-07-14,0.7472
2026-07-15,0.7409
2026-07-16,0.7416
2026-07-17,0.7437
2026-07-20,0.7452
2026-07-21,0.7477
2026-07-22,0.7475
2026-07-23,0.7511
2026-07-24,0.7494
2026-07-27,0.7517
2026-07-28,0.7513
2026-07-29,0.7526
2026-07-30,0.7428
2026-07-31,0.7424
2026-08-03,0.7444
2026-08-04,0.7432
2026-08-05,0.7428
2026-08-06,0.7432
2026-08-07,0.7409
2026-08-10,0.7393
2026-08-11,0.7399
2026-08-12,0.7401
2026-08-13,0.7409
2026-08-14,0.7377
2026-08-17,0.7372
2026-08-18,0.7384
2026-08-19,0.7349
2026-08-20,0.7332
2026-08-21,0.7329
2026-08-24,0.7336
2026-08-25,0.7329
2026-08-26,0.7356
2026-08-27,0.7353
2026-08-28,0.7377
2026-08-31,0.738
2026-09-01,0.7393
2026-09-02,0.7406
2026-09-03,0.7388
2026-09-04,0.7396
2026-09-08,0.7384
2026-09-09,0.7381
2026-09-10,0.739
2026-09-11,0.7394
2026-09-14,0.7411
2026-09-15,0.7419
2026-09-16,0.7434
2026-09-17,0.7492
2026-09-18,0.7478
