Date,Close
1971-01-04,0.8978
1971-01-05,0.8974
1971-01-06,0.8968
1971-01-07,0.8969
1971-01-08,0.8965
1971-01-11,0.8958
1971-01-12,0.8955
1971-01-13,0.8947
1971-01-14,0.8929
1971-01-15,0.8934
1971-01-18,0.8936
1971-01-19,0.8925
1971-01-20,0.8925
1971-01-21,0.8921
1971-01-22,0.8917
1971-01-25,0.89
1971-01-26,0.8896
1971-01-27,0.8895
1971-01-28,0.8892
1971-01-29,0.889
1971-02-01,0.8887
1971-02-02,0.8888
1971-02-03,0.8887
1971-02-04,0.8893
1971-02-05,0.8901
1971-02-08,0.8887
1971-02-09,0.8899
1971-02-10,0.8896
1971-02-11,0.8897
1971-02-16,0.8883
1971-02-17,0.8883
1971-02-18,0.8884
1971-02-19,0.8885
1971-02-22,0.8884
1971-02-23,0.8883
1971-02-24,0.8883
1971-02-25,0.889
1971-02-26,0.8896
1971-03-01,0.8895
1971-03-02,0.8887
1971-03-03,0.8883
1971-03-04,0.8889
1971-03-05,0.8887
1971-03-08,0.8884
1971-03-09,0.8884
1971-03-10,0.8884
1971-03-11,0.8886
1971-03-12,0.8883
1971-03-15,0.8883
1971-03-16,0.8887
1971-03-17,0.8883
1971-03-18,0.8885
1971-03-19,0.8885
1971-03-22,0.8883
1971-03-23,0.8883
1971-03-24,0.8883
1971-03-25,0.8887
1971-03-26,0.8886
1971-03-29,0.8883
1971-03-30,0.8888
1971-03-31,0.8893
1971-04-01,0.8901
1971-04-02,0.8909
1971-04-05,0.8895
1971-04-06,0.8885
1971-04-07,0.8892
1971-04-08,0.8893
1971-04-09,0.8893
1971-04-12,0.8892
1971-04-13,0.8893
1971-04-14,0.8889
1971-04-15,0.8886
1971-04-16,0.8887
1971-04-19,0.8884
1971-04-20,0.8883
1971-04-21,0.8883
1971-04-22,0.8886
1971-04-23,0.8885
1971-04-26,0.8886
1971-04-27,0.8885
1971-04-28,0.8883
1971-04-29,0.8884
1971-04-30,0.8883
1971-05-03,0.8885
1971-05-04,0.8887
1971-05-05,0.8883
1971-05-06,0.8887
1971-05-07,0.8885
1971-05-10,0.889
1971-05-11,0.8892
1971-05-12,0.8887
1971-05-13,0.8887
1971-05-14,0.8887
1971-05-17,0.8884
1971-05-18,0.8885
1971-05-19,0.8883
1971-05-20,0.8884
1971-05-21,0.8883
1971-05-24,0.8883
1971-05-25,0.8885
1971-05-26,0.8883
1971-05-27,0.8886
1971-05-28,0.8889
1971-06-01,0.8894
1971-06-02,0.8892
1971-06-03,0.8886
1971-06-04,0.8885
1971-06-07,0.8884
1971-06-08,0.8886
1971-06-09,0.8883
1971-06-10,0.8884
1971-06-11,0.8883
1971-06-14,0.8886
1971-06-15,0.8886
1971-06-16,0.8884
1971-06-17,0.8885
1971-06-18,0.8884
1971-06-21,0.8884
1971-06-22,0.8885
1971-06-23,0.8883
1971-06-24,0.8884
1971-06-25,0.8884
1971-06-28,0.8887
1971-06-29,0.8885
1971-06-30,0.8883
1971-07-01,0.8885
1971-07-02,0.8885
1971-07-06,0.8888
1971-07-07,0.8886
1971-07-08,0.8882
1971-07-09,0.8887
1971-07-12,0.8887
1971-07-13,0.8888
1971-07-14,0.8886
1971-07-15,0.8886
1971-07-16,0.8885
1971-07-19,0.8887
1971-07-20,0.8888
1971-07-21,0.8885
1971-07-22,0.8886
1971-07-23,0.8885
1971-07-26,0.8889
1971-07-27,0.8889
1971-07-28,0.8887
1971-07-29,0.8887
1971-07-30,0.8887
1971-08-02,0.889
1971-08-03,0.8892
1971-08-04,0.8884
1971-08-05,0.8895
1971-08-06,0.8887
1971-08-09,0.8884
1971-08-10,0.8886
1971-08-11,0.8883
1971-08-12,0.8883
1971-08-13,0.8883
1971-08-23,0.8826
1971-08-24,0.8791
1971-08-25,0.8741
1971-08-26,0.8693
1971-08-27,0.8704
1971-08-30,0.8707
1971-08-31,0.8759
1971-09-01,0.8757
1971-09-02,0.8746
1971-09-03,0.8737
1971-09-07,0.8743
1971-09-08,0.8742
1971-09-09,0.8741
1971-09-10,0.8739
1971-09-13,0.8736
1971-09-14,0.8714
1971-09-15,0.8698
1971-09-16,0.8698
1971-09-17,0.8695
1971-09-20,0.8687
1971-09-21,0.869
1971-09-22,0.8687
1971-09-23,0.8665
1971-09-24,0.8657
1971-09-27,0.8665
1971-09-28,0.8673
1971-09-29,0.8653
1971-09-30,0.8651
1971-10-01,0.8634
1971-10-04,0.8636
1971-10-05,0.8634
1971-10-06,0.8638
1971-10-07,0.8634
1971-10-08,0.8631
1971-10-12,0.8633
1971-10-13,0.8635
1971-10-14,0.8633
1971-10-15,0.8635
1971-10-18,0.8633
1971-10-19,0.8634
1971-10-20,0.8627
1971-10-21,0.8624
1971-10-22,0.8622
1971-10-26,0.8618
1971-10-27,0.8616
1971-10-28,0.8618
1971-10-29,0.8627
1971-11-01,0.8622
1971-11-03,0.8621
1971-11-04,0.8622
1971-11-05,0.8619
1971-11-08,0.8621
1971-11-09,0.8623
1971-11-10,0.8623
1971-11-11,0.862
1971-11-12,0.8618
1971-11-15,0.8621
1971-11-16,0.8621
1971-11-17,0.8618
1971-11-18,0.8619
1971-11-19,0.8618
1971-11-22,0.8618
1971-11-23,0.8618
1971-11-24,0.8619
1971-11-26,0.8618
1971-11-29,0.8618
1971-11-30,0.8618
1971-12-01,0.8618
1971-12-02,0.8621
1971-12-03,0.8602
1971-12-06,0.8605
1971-12-07,0.8593
1971-12-08,0.857
1971-12-09,0.8537
1971-12-10,0.8535
1971-12-13,0.8532
1971-12-14,0.8531
1971-12-15,0.8532
1971-12-16,0.853
1971-12-17,0.8498
1971-12-28,0.841
1971-12-29,0.8409
1971-12-30,0.8408
1971-12-31,0.8394
1972-01-03,0.8368
1972-01-04,0.8393
1972-01-05,0.8386
1972-01-06,0.8389
1972-01-07,0.8386
1972-01-10,0.8386
1972-01-11,0.8382
1972-01-12,0.8403
1972-01-13,0.8368
1972-01-14,0.8347
1972-01-17,0.8361
1972-01-18,0.8361
1972-01-19,0.8368
1972-01-20,0.8403
1972-01-21,0.8389
1972-01-24,0.8382
1972-01-25,0.8368
1972-01-26,0.8375
1972-01-27,0.8382
1972-01-28,0.8368
1972-01-31,0.8368
1972-02-01,0.8368
1972-02-02,0.8368
1972-02-03,0.8368
1972-02-04,0.8368
1972-02-07,0.8368
1972-02-08,0.8375
1972-02-09,0.8368
1972-02-10,0.8386
1972-02-11,0.8386
1972-02-14,0.8386
1972-02-15,0.8386
1972-02-16,0.8386
1972-02-17,0.8375
1972-02-18,0.8386
1972-02-22,0.8368
1972-02-23,0.8386
1972-02-24,0.8368
1972-02-25,0.8386
1972-02-28,0.8368
1972-02-29,0.8368
1972-03-01,0.8368
1972-03-02,0.8368
1972-03-03,0.8368
1972-03-06,0.8389
1972-03-07,0.8386
1972-03-08,0.8389
1972-03-09,0.8386
1972-03-10,0.8403
1972-03-13,0.8368
1972-03-14,0.8389
1972-03-15,0.8389
1972-03-16,0.8389
1972-03-17,0.8403
1972-03-20,0.8389
1972-03-21,0.8389
1972-03-22,0.8389
1972-03-23,0.8389
1972-03-24,0.8389
1972-03-27,0.8389
1972-03-28,0.8389
1972-03-29,0.8389
1972-03-30,0.8368
1972-03-31,0.8347
1972-04-03,0.8347
1972-04-04,0.8347
1972-04-05,0.8389
1972-04-06,0.8389
1972-04-07,0.8389
1972-04-10,0.8368
1972-04-11,0.8368
1972-04-12,0.8368
1972-04-13,0.8386
1972-04-14,0.8368
1972-04-17,0.8368
1972-04-18,0.8382
1972-04-19,0.8382
1972-04-20,0.8386
1972-04-21,0.8389
1972-04-24,0.8382
1972-04-25,0.8389
1972-04-26,0.8386
1972-04-27,0.8382
1972-04-28,0.8386
1972-05-01,0.8368
1972-05-02,0.8368
1972-05-03,0.8368
1972-05-04,0.8368
1972-05-05,0.8368
1972-05-08,0.8368
1972-05-09,0.8368
1972-05-10,0.8368
1972-05-11,0.8386
1972-05-12,0.8386
1972-05-15,0.8368
1972-05-16,0.8368
1972-05-17,0.8368
1972-05-18,0.8375
1972-05-19,0.8368
1972-05-22,0.8368
1972-05-23,0.8375
1972-05-24,0.8375
1972-05-25,0.8396
1972-05-26,0.8396
1972-05-30,0.8396
1972-05-31,0.8368
1972-06-01,0.8403
1972-06-02,0.8361
1972-06-05,0.8368
1972-06-06,0.8368
1972-06-07,0.8403
1972-06-08,0.8403
1972-06-09,0.8403
1972-06-12,0.8403
1972-06-13,0.8396
1972-06-14,0.8396
1972-06-15,0.8368
1972-06-16,0.8403
1972-06-19,0.8403
1972-06-20,0.8403
1972-06-21,0.8403
1972-06-22,0.8403
1972-06-29,0.8403
1972-06-30,0.8403
1972-07-03,0.8389
1972-07-05,0.8368
1972-07-06,0.8379
1972-07-07,0.8368
1972-07-10,0.8375
1972-07-11,0.8382
1972-07-12,0.8375
1972-07-13,0.8386
1972-07-14,0.8389
1972-07-17,0.8368
1972-07-18,0.8368
1972-07-19,0.8386
1972-07-20,0.8386
1972-07-21,0.8375
1972-07-24,0.8386
1972-07-25,0.8375
1972-07-26,0.8396
1972-07-27,0.8403
1972-07-28,0.8403
1972-07-31,0.8368
1972-08-01,0.8375
1972-08-02,0.8375
1972-08-03,0.8375
1972-08-04,0.8368
1972-08-07,0.8375
1972-08-08,0.8368
1972-08-09,0.8382
1972-08-10,0.8375
1972-08-11,0.8368
1972-08-14,0.8368
1972-08-15,0.8368
1972-08-16,0.8382
1972-08-17,0.8375
1972-08-18,0.8375
1972-08-21,0.8368
1972-08-22,0.8368
1972-08-23,0.8368
1972-08-24,0.8368
1972-08-25,0.8368
1972-08-28,0.8368
1972-08-29,0.8368
1972-08-30,0.8368
1972-08-31,0.8368
1972-09-01,0.8368
1972-09-05,0.8368
1972-09-06,0.8368
1972-09-07,0.8368
1972-09-08,0.8368
1972-09-11,0.8368
1972-09-12,0.8368
1972-09-13,0.8368
1972-09-14,0.8386
1972-09-15,0.8386
1972-09-18,0.8386
1972-09-19,0.8393
1972-09-20,0.8389
1972-09-21,0.8386
1972-09-22,0.8375
1972-09-25,0.8403
1972-09-26,0.8403
1972-09-27,0.8403
1972-09-28,0.8375
1972-09-29,0.8375
1972-10-02,0.8375
1972-10-03,0.8375
1972-10-04,0.8414
1972-10-05,0.8414
1972-10-06,0.8386
1972-10-10,0.8386
1972-10-11,0.8386
1972-10-12,0.8386
1972-10-13,0.8386
1972-10-16,0.8403
1972-10-17,0.8403
1972-10-18,0.8403
1972-10-19,0.8403
1972-10-20,0.8368
1972-10-24,0.8386
1972-10-25,0.8389
1972-10-26,0.8386
1972-10-27,0.8368
1972-10-30,0.8386
1972-10-31,0.8375
1972-11-01,0.834
1972-11-02,0.8347
1972-11-03,0.8375
1972-11-06,0.8375
1972-11-08,0.8375
1972-11-09,0.8375
1972-11-10,0.8375
1972-11-13,0.8386
1972-11-14,0.8389
1972-11-15,0.8375
1972-11-16,0.8379
1972-11-17,0.8375
1972-11-20,0.8368
1972-11-21,0.8379
1972-11-22,0.8375
1972-11-24,0.8368
1972-11-27,0.8368
1972-11-28,0.8368
1972-11-29,0.8368
1972-11-30,0.8368
1972-12-01,0.8368
1972-12-04,0.8368
1972-12-05,0.8368
1972-12-06,0.8368
1972-12-07,0.8368
1972-12-08,0.8372
1972-12-11,0.8368
1972-12-12,0.8368
1972-12-13,0.8368
1972-12-14,0.8361
1972-12-15,0.8361
1972-12-18,0.8368
1972-12-19,0.8354
1972-12-20,0.8375
1972-12-21,0.8361
1972-12-22,0.8361
1972-12-26,0.8361
1972-12-27,0.8361
1972-12-28,0.8368
1972-12-29,0.8368
1973-01-02,0.8368
1973-01-03,0.8368
1973-01-04,0.8375
1973-01-05,0.8368
1973-01-08,0.8347
1973-01-09,0.8368
1973-01-10,0.8368
1973-01-11,0.8368
1973-01-12,0.8368
1973-01-15,0.8368
1973-01-16,0.8368
1973-01-17,0.8368
1973-01-18,0.8368
1973-01-19,0.8368
1973-01-22,0.8354
1973-01-23,0.8368
1973-01-24,0.8368
1973-01-25,0.8368
1973-01-26,0.8368
1973-01-29,0.8368
1973-01-30,0.8368
1973-01-31,0.8368
1973-02-01,0.8368
1973-02-02,0.8368
1973-02-05,0.8368
1973-02-06,0.8368
1973-02-07,0.8368
1973-02-08,0.8368
1973-02-09,0.8368
1973-02-14,0.7576
1973-02-15,0.7576
1973-02-16,0.7576
1973-02-20,0.7573
1973-02-21,0.7573
1973-02-22,0.7572
1973-02-23,0.7576
1973-02-26,0.7573
1973-02-27,0.7573
1973-02-28,0.7571
1973-03-01,0.757
1973-03-06,0.7519
1973-03-07,0.7519
1973-03-08,0.7567
1973-03-09,0.7634
1973-03-12,0.7576
1973-03-13,0.7576
1973-03-14,0.7576
1973-03-15,0.7576
1973-03-16,0.7576
1973-03-19,0.7576
1973-03-20,0.7576
1973-03-21,0.7576
1973-03-22,0.7576
1973-03-23,0.7576
1973-03-26,0.7576
1973-03-27,0.7547
1973-03-28,0.7521
1973-03-29,0.7533
1973-03-30,0.7533
1973-04-02,0.7547
1973-04-03,0.7533
1973-04-04,0.7541
1973-04-05,0.7541
1973-04-06,0.7541
1973-04-09,0.7541
1973-04-10,0.7536
1973-04-11,0.7463
1973-04-12,0.7463
1973-04-13,0.7463
1973-04-16,0.7463
1973-04-17,0.7519
1973-04-18,0.7519
1973-04-19,0.7519
1973-04-20,0.7519
1973-04-23,0.7519
1973-04-24,0.7547
1973-04-25,0.7547
1973-04-26,0.7547
1973-04-27,0.7547
1973-04-30,0.7491
1973-05-01,0.7496
1973-05-02,0.7508
1973-05-03,0.757
1973-05-04,0.7547
1973-05-07,0.7573
1973-05-08,0.7567
1973-05-09,0.7553
1973-05-10,0.7547
1973-05-11,0.7547
1973-05-14,0.7519
1973-05-15,0.7572
1973-05-16,0.7573
1973-05-17,0.7573
1973-05-18,0.7573
1973-05-21,0.7572
1973-05-22,0.7572
1973-05-23,0.7572
1973-05-24,0.7572
1973-05-25,0.7573
1973-05-29,0.7547
1973-05-30,0.7547
1973-05-31,0.7572
1973-06-01,0.7491
1973-06-04,0.7477
1973-06-05,0.7491
1973-06-06,0.7547
1973-06-07,0.7547
1973-06-08,0.7547
1973-06-11,0.7547
1973-06-12,0.7547
1973-06-13,0.7547
1973-06-14,0.7573
1973-06-15,0.7573
1973-06-18,0.7573
1973-06-19,0.7573
1973-06-20,0.7573
1973-06-21,0.7573
1973-06-22,0.7573
1973-06-25,0.7573
1973-06-26,0.7573
1973-06-27,0.7573
1973-06-28,0.7573
1973-06-29,0.7573
1973-07-02,0.7573
1973-07-03,0.7573
1973-07-05,0.7573
1973-07-06,0.7519
1973-07-09,0.7262
1973-07-10,0.7299
1973-07-11,0.7299
1973-07-12,0.7396
1973-07-13,0.7394
1973-07-16,0.7353
1973-07-17,0.7519
1973-07-18,0.7299
1973-07-19,0.7315
1973-07-20,0.7353
1973-07-23,0.7386
1973-07-24,0.7407
1973-07-25,0.7407
1973-07-26,0.7407
1973-07-27,0.7407
1973-07-30,0.7407
1973-07-31,0.7407
1973-08-01,0.7407
1973-08-02,0.7407
1973-08-03,0.7315
1973-08-06,0.7353
1973-08-07,0.7358
1973-08-08,0.7358
1973-08-09,0.7364
1973-08-10,0.7358
1973-08-13,0.738
1973-08-14,0.738
1973-08-15,0.7375
1973-08-16,0.7375
1973-08-17,0.7394
1973-08-20,0.7435
1973-08-21,0.7435
1973-08-22,0.7407
1973-08-23,0.7407
1973-08-24,0.7407
1973-08-27,0.7407
1973-08-28,0.7407
1973-08-29,0.7407
1973-08-30,0.7407
1973-08-31,0.7407
1973-09-04,0.7407
1973-09-05,0.7407
1973-09-06,0.7407
1973-09-07,0.7407
1973-09-10,0.675
1973-09-11,0.6745
1973-09-12,0.6757
1973-09-13,0.678
1973-09-14,0.678
1973-09-17,0.678
1973-09-18,0.678
1973-09-19,0.678
1973-09-20,0.678
1973-09-21,0.678
1973-09-24,0.678
1973-09-25,0.6757
1973-09-26,0.6757
1973-09-27,0.6757
1973-09-28,0.6757
1973-10-01,0.6757
1973-10-02,0.6734
1973-10-03,0.6734
1973-10-04,0.6734
1973-10-05,0.6734
1973-10-09,0.6734
1973-10-10,0.6734
1973-10-11,0.6734
1973-10-12,0.6734
1973-10-15,0.6734
1973-10-16,0.6723
1973-10-17,0.6723
1973-10-18,0.6723
1973-10-19,0.6723
1973-10-23,0.6723
1973-10-24,0.6723
1973-10-25,0.6723
1973-10-26,0.6723
1973-10-29,0.6711
1973-10-30,0.6711
1973-10-31,0.6711
1973-11-01,0.6711
1973-11-02,0.6711
1973-11-05,0.6711
1973-11-07,0.672
1973-11-08,0.672
1973-11-09,0.6757
1973-11-12,0.6757
1973-11-13,0.6791
1973-11-14,0.6791
1973-11-15,0.6775
1973-11-16,0.6775
1973-11-19,0.6791
1973-11-20,0.678
1973-11-21,0.678
1973-11-23,0.6803
1973-11-26,0.6803
1973-11-27,0.6803
1973-11-28,0.6803
1973-11-29,0.6803
1973-11-30,0.6791
1973-12-03,0.6775
1973-12-04,0.6775
1973-12-05,0.6775
1973-12-06,0.6775
1973-12-07,0.6775
1973-12-10,0.6775
1973-12-11,0.6957
1973-12-12,0.6944
1973-12-13,0.6981
1973-12-14,0.7042
1973-12-17,0.7042
1973-12-18,0.7018
1973-12-19,0.6981
1973-12-20,0.6981
1973-12-21,0.6981
1973-12-24,0.6993
1973-12-26,0.6993
1973-12-27,0.6969
1973-12-28,0.703
1973-12-31,0.703
1974-01-02,0.703
1974-01-03,0.7067
1974-01-04,0.7067
1974-01-07,0.7067
1974-01-08,0.7067
1974-01-09,0.7067
1974-01-10,0.7067
1974-01-11,0.722
1974-01-14,0.7326
1974-01-15,0.7326
1974-01-16,0.7194
1974-01-17,0.7194
1974-01-18,0.7194
1974-01-21,0.7246
1974-01-22,0.7246
1974-01-23,0.7246
1974-01-24,0.7246
1974-01-25,0.7246
1974-01-28,0.7273
1974-01-29,0.7273
1974-01-30,0.7273
1974-01-31,0.7273
1974-02-01,0.7168
1974-02-04,0.7168
1974-02-05,0.7194
1974-02-06,0.7168
1974-02-07,0.7168
1974-02-08,0.7168
1974-02-11,0.7168
1974-02-13,0.7168
1974-02-14,0.7143
1974-02-15,0.7143
1974-02-19,0.7117
1974-02-20,0.7117
1974-02-21,0.7117
1974-02-22,0.7117
1974-02-25,0.7117
1974-02-26,0.7018
1974-02-27,0.7018
1974-02-28,0.7018
1974-03-01,0.7042
1974-03-04,0.7042
1974-03-05,0.7042
1974-03-06,0.7042
1974-03-07,0.6944
1974-03-08,0.6993
1974-03-11,0.6993
1974-03-12,0.6993
1974-03-13,0.6993
1974-03-14,0.6993
1974-03-15,0.6969
1974-03-18,0.6969
1974-03-19,0.6969
1974-03-20,0.6969
1974-03-21,0.6969
1974-03-22,0.692
1974-03-25,0.692
1974-03-26,0.692
1974-03-27,0.692
1974-03-28,0.692
1974-03-29,0.692
1974-04-01,0.6849
1974-04-02,0.6849
1974-04-03,0.6849
1974-04-04,0.6838
1974-04-05,0.6885
1974-04-08,0.6885
1974-04-09,0.6885
1974-04-10,0.6885
1974-04-11,0.6885
1974-04-12,0.6885
1974-04-15,0.6885
1974-04-16,0.692
1974-04-17,0.692
1974-04-18,0.6932
1974-04-19,0.6932
1974-04-22,0.6932
1974-04-23,0.6932
1974-04-24,0.6932
1974-04-25,0.6932
1974-04-26,0.6861
1974-04-29,0.6861
1974-04-30,0.6861
1974-05-01,0.6861
1974-05-02,0.6861
1974-05-03,0.6873
1974-05-06,0.6861
1974-05-07,0.6849
1974-05-08,0.6849
1974-05-09,0.6849
1974-05-10,0.6826
1974-05-13,0.6826
1974-05-14,0.6826
1974-05-15,0.6826
1974-05-16,0.6826
1974-05-17,0.6861
1974-05-20,0.6826
1974-05-21,0.6826
1974-05-22,0.6826
1974-05-23,0.6826
1974-05-24,0.6861
1974-05-28,0.6861
1974-05-29,0.6849
1974-05-30,0.6849
1974-05-31,0.6897
1974-06-03,0.6849
1974-06-04,0.6849
1974-06-05,0.6849
1974-06-06,0.6849
1974-06-07,0.6873
1974-06-10,0.6873
1974-06-11,0.6873
1974-06-12,0.6873
1974-06-13,0.6873
1974-06-14,0.6873
1974-06-17,0.6873
1974-06-18,0.6897
1974-06-19,0.6897
1974-06-20,0.6897
1974-06-21,0.6908
1974-06-24,0.6908
1974-06-25,0.6908
1974-06-26,0.6908
1974-06-27,0.6908
1974-06-28,0.692
1974-07-01,0.6897
1974-07-02,0.6897
1974-07-03,0.6897
1974-07-05,0.6908
1974-07-08,0.6908
1974-07-09,0.6908
1974-07-10,0.6897
1974-07-11,0.6897
1974-07-12,0.6885
1974-07-15,0.6885
1974-07-16,0.6885
1974-07-17,0.6897
1974-07-18,0.6897
1974-07-19,0.6885
1974-07-22,0.6885
1974-07-23,0.6885
1974-07-24,0.6885
1974-07-25,0.6885
1974-07-26,0.6873
1974-07-29,0.6873
1974-07-30,0.6873
1974-07-31,0.6873
1974-08-01,0.6873
1974-08-02,0.6873
1974-08-05,0.692
1974-08-06,0.6944
1974-08-07,0.6944
1974-08-08,0.6944
1974-08-09,0.692
1974-08-12,0.692
1974-08-13,0.692
1974-08-14,0.692
1974-08-15,0.692
1974-08-16,0.6981
1974-08-19,0.6981
1974-08-20,0.6981
1974-08-21,0.6981
1974-08-22,0.6981
1974-08-23,0.6981
1974-08-26,0.7018
1974-08-27,0.7018
1974-08-28,0.7018
1974-08-29,0.7018
1974-08-30,0.7018
1974-09-03,0.7067
1974-09-04,0.7067
1974-09-05,0.7067
1974-09-06,0.703
1974-09-09,0.703
1974-09-10,0.703
1974-09-11,0.703
1974-09-12,0.703
1974-09-13,0.703
1974-09-16,0.703
1974-09-17,0.703
1974-09-18,0.703
1974-09-19,0.703
1974-09-20,0.703
1974-09-23,0.703
1974-09-24,0.703
1974-09-25,0.7722
1974-09-26,0.7692
1974-09-27,0.7704
1974-09-30,0.7704
1974-10-01,0.7704
1974-10-02,0.7704
1974-10-03,0.7722
1974-10-04,0.7722
1974-10-07,0.7663
1974-10-08,0.7663
1974-10-09,0.7663
1974-10-10,0.7663
1974-10-11,0.7663
1974-10-15,0.7692
1974-10-16,0.7703
1974-10-17,0.7703
1974-10-18,0.7678
1974-10-21,0.7678
1974-10-22,0.7678
1974-10-23,0.7692
1974-10-24,0.7722
1974-10-25,0.7722
1974-10-28,0.7722
1974-10-29,0.7722
1974-10-30,0.7722
1974-10-31,0.7695
1974-11-01,0.7692
1974-11-04,0.7692
1974-11-06,0.7692
1974-11-07,0.7678
1974-11-08,0.7645
1974-11-12,0.7645
1974-11-13,0.7645
1974-11-14,0.7645
1974-11-15,0.7645
1974-11-18,0.7645
1974-11-19,0.7666
1974-11-20,0.7686
1974-11-21,0.7698
1974-11-22,0.7692
1974-11-25,0.7663
1974-11-26,0.7663
1974-11-27,0.7663
1974-11-29,0.7663
1974-12-02,0.7663
1974-12-03,0.768
1974-12-04,0.7678
1974-12-05,0.7674
1974-12-06,0.7666
1974-12-09,0.7666
1974-12-10,0.7657
1974-12-11,0.7657
1974-12-12,0.7683
1974-12-13,0.7701
1974-12-16,0.768
1974-12-17,0.768
1974-12-18,0.7645
1974-12-19,0.7637
1974-12-20,0.7637
1974-12-23,0.7637
1974-12-24,0.7637
1974-12-26,0.7637
1974-12-27,0.7669
1974-12-30,0.7634
1974-12-31,0.7631
1975-01-02,0.7631
1975-01-03,0.7651
1975-01-06,0.7634
1975-01-07,0.7613
1975-01-08,0.7605
1975-01-09,0.7624
1975-01-10,0.7619
1975-01-13,0.7559
1975-01-14,0.7613
1975-01-15,0.7625
1975-01-16,0.761
1975-01-17,0.7613
1975-01-20,0.7613
1975-01-21,0.7596
1975-01-22,0.759
1975-01-23,0.7561
1975-01-24,0.7564
1975-01-27,0.7564
1975-01-28,0.7509
1975-01-29,0.7536
1975-01-30,0.7536
1975-01-31,0.7553
1975-02-03,0.7553
1975-02-04,0.7553
1975-02-05,0.7553
1975-02-06,0.7553
1975-02-07,0.7564
1975-02-10,0.7564
1975-02-11,0.7513
1975-02-13,0.7513
1975-02-14,0.7508
1975-02-18,0.7505
1975-02-19,0.7502
1975-02-20,0.7491
1975-02-21,0.7479
1975-02-24,0.7471
1975-02-25,0.7435
1975-02-26,0.7435
1975-02-27,0.7432
1975-02-28,0.7416
1975-03-03,0.7413
1975-03-04,0.7413
1975-03-05,0.7418
1975-03-06,0.7407
1975-03-07,0.7424
1975-03-10,0.7454
1975-03-11,0.746
1975-03-12,0.746
1975-03-13,0.7468
1975-03-14,0.7454
1975-03-17,0.7449
1975-03-18,0.7446
1975-03-19,0.7432
1975-03-20,0.7435
1975-03-21,0.7435
1975-03-24,0.7435
1975-03-25,0.7463
1975-03-26,0.7463
1975-03-27,0.7474
1975-03-28,0.7474
1975-03-31,0.7474
1975-04-01,0.7491
1975-04-02,0.7485
1975-04-03,0.7485
1975-04-04,0.7485
1975-04-07,0.7524
1975-04-08,0.7539
1975-04-09,0.7527
1975-04-10,0.7536
1975-04-11,0.7559
1975-04-14,0.7547
1975-04-15,0.7561
1975-04-16,0.7556
1975-04-17,0.7559
1975-04-18,0.7539
1975-04-21,0.7536
1975-04-22,0.7559
1975-04-23,0.7567
1975-04-24,0.7533
1975-04-25,0.7533
1975-04-28,0.7573
1975-04-29,0.7584
1975-04-30,0.7564
1975-05-01,0.757
1975-05-02,0.757
1975-05-05,0.7584
1975-05-06,0.757
1975-05-07,0.7579
1975-05-08,0.7576
1975-05-09,0.7564
1975-05-12,0.7605
1975-05-13,0.7619
1975-05-14,0.7605
1975-05-15,0.7605
1975-05-16,0.7605
1975-05-19,0.7622
1975-05-20,0.7613
1975-05-21,0.7616
1975-05-22,0.7593
1975-05-23,0.7573
1975-05-27,0.7576
1975-05-28,0.7634
1975-05-29,0.7634
1975-05-30,0.7596
1975-06-02,0.7596
1975-06-03,0.7596
1975-06-04,0.7584
1975-06-05,0.7593
1975-06-06,0.7584
1975-06-09,0.7599
1975-06-10,0.7599
1975-06-11,0.7613
1975-06-12,0.7651
1975-06-13,0.7639
1975-06-16,0.7639
1975-06-17,0.7639
1975-06-18,0.7654
1975-06-19,0.7657
1975-06-20,0.766
1975-06-23,0.766
1975-06-24,0.7669
1975-06-25,0.7695
1975-06-26,0.7698
1975-06-27,0.771
1975-06-30,0.7749
1975-07-01,0.7686
1975-07-02,0.7761
1975-07-03,0.7785
1975-07-07,0.7797
1975-07-08,0.7809
1975-07-09,0.78
1975-07-10,0.7785
1975-07-11,0.7797
1975-07-14,0.78
1975-07-15,0.7809
1975-07-16,0.7838
1975-07-17,0.7838
1975-07-18,0.7846
1975-07-21,0.7859
1975-07-22,0.7862
1975-07-23,0.7871
1975-07-24,0.7868
1975-07-25,0.7877
1975-07-28,0.7874
1975-07-29,0.7886
1975-07-30,0.7886
1975-07-31,0.7915
1975-08-01,0.7918
1975-08-04,0.7933
1975-08-05,0.7938
1975-08-06,0.7943
1975-08-07,0.7943
1975-08-08,0.8013
1975-08-11,0.943
1975-08-12,0.9434
1975-08-13,0.9434
1975-08-14,0.9421
1975-08-15,0.9421
1975-08-18,0.9421
1975-08-19,0.9416
1975-08-20,0.9394
1975-08-21,0.9398
1975-08-22,0.9407
1975-08-25,0.9425
1975-08-26,0.9425
1975-08-27,0.9412
1975-08-28,0.9412
1975-08-29,0.9416
1975-09-02,0.9434
1975-09-03,0.9416
1975-09-04,0.9416
1975-09-05,0.9425
1975-09-08,0.9416
1975-09-09,0.9412
1975-09-10,0.9416
1975-09-11,0.9416
1975-09-12,0.9421
1975-09-15,0.943
1975-09-16,0.9427
1975-09-17,0.9427
1975-09-18,0.9488
1975-09-19,0.9501
1975-09-22,0.9507
1975-09-23,0.9547
1975-09-24,0.9588
1975-09-25,0.9597
1975-09-26,0.9588
1975-09-29,0.9592
1975-09-30,0.9606
1975-10-01,0.9597
1975-10-02,0.9588
1975-10-03,0.9588
1975-10-06,0.9597
1975-10-07,0.9588
1975-10-08,0.9588
1975-10-09,0.9583
1975-10-10,0.9569
1975-10-14,0.9528
1975-10-15,0.956
1975-10-16,0.9542
1975-10-17,0.9542
1975-10-20,0.9542
1975-10-21,0.9533
1975-10-22,0.9521
1975-10-23,0.9497
1975-10-24,0.952
1975-10-27,0.9519
1975-10-28,0.951
1975-10-29,0.9515
1975-10-30,0.9515
1975-10-31,0.9497
1975-11-03,0.9479
1975-11-05,0.9501
1975-11-06,0.9517
1975-11-07,0.951
1975-11-10,0.9515
1975-11-12,0.9479
1975-11-13,0.9515
1975-11-14,0.9547
1975-11-17,0.9569
1975-11-18,0.9569
1975-11-19,0.9592
1975-11-20,0.9579
1975-11-21,0.9565
1975-11-24,0.9579
1975-11-25,0.9588
1975-11-26,0.9588
1975-11-28,0.9611
1975-12-01,0.962
1975-12-02,0.9629
1975-12-03,0.9634
1975-12-04,0.9624
1975-12-05,0.9619
1975-12-08,0.964
1975-12-09,0.964
1975-12-10,0.9642
1975-12-11,0.964
1975-12-12,0.9643
1975-12-15,0.9652
1975-12-16,0.9653
1975-12-17,0.9647
1975-12-18,0.9638
1975-12-19,0.964
1975-12-22,0.9641
1975-12-23,0.964
1975-12-24,0.9638
1975-12-26,0.9638
1975-12-29,0.9631
1975-12-30,0.9629
1975-12-31,0.9629
1976-01-02,0.9629
1976-01-05,0.9625
1976-01-06,0.9611
1976-01-07,0.9606
1976-01-08,0.9602
1976-01-09,0.9606
1976-01-12,0.9615
1976-01-13,0.9615
1976-01-14,0.9621
1976-01-15,0.9612
1976-01-16,0.9614
1976-01-19,0.9611
1976-01-20,0.9602
1976-01-21,0.9602
1976-01-22,0.962
1976-01-23,0.9619
1976-01-26,0.9615
1976-01-27,0.9614
1976-01-28,0.956
1976-01-29,0.9606
1976-01-30,0.9599
1976-02-02,0.9606
1976-02-03,0.9592
1976-02-04,0.9598
1976-02-05,0.9579
1976-02-06,0.9579
1976-02-09,0.9594
1976-02-10,0.9583
1976-02-11,0.9583
1976-02-13,0.9579
1976-02-17,0.9596
1976-02-18,0.9603
1976-02-19,0.9599
1976-02-20,0.96
1976-02-23,0.9597
1976-02-24,0.9598
1976-02-25,0.9597
1976-02-26,0.9592
1976-02-27,0.9592
1976-03-01,0.9602
1976-03-02,0.9602
1976-03-03,0.9602
1976-03-04,0.96
1976-03-05,0.9624
1976-03-08,0.9741
1976-03-09,0.9793
1976-03-10,0.9781
1976-03-11,0.9847
1976-03-12,0.9796
1976-03-15,0.9814
1976-03-16,0.9818
1976-03-17,0.9846
1976-03-18,0.9809
1976-03-19,0.9809
1976-03-22,0.9817
1976-03-23,0.9815
1976-03-24,0.9811
1976-03-25,0.9799
1976-03-26,0.9806
1976-03-29,0.9819
1976-03-30,0.9815
1976-03-31,0.9823
1976-04-01,0.9822
1976-04-02,0.9891
1976-04-05,0.9921
1976-04-06,0.9955
1976-04-07,0.995
1976-04-08,0.9946
1976-04-09,1.004
1976-04-12,1.0017
1976-04-13,0.9978
1976-04-14,0.9967
1976-04-15,0.9959
1976-04-16,0.9959
1976-04-19,0.9959
1976-04-20,0.9972
1976-04-21,0.9986
1976-04-22,1.0013
1976-04-23,1.0005
1976-04-26,1.0075
1976-04-27,1.006
1976-04-28,1.0086
1976-04-29,1.0025
1976-04-30,1.0005
1976-05-03,1.0006
1976-05-04,1.0041
1976-05-05,0.999
1976-05-06,1.0044
1976-05-07,0.9975
1976-05-10,1.0045
1976-05-11,1.0017
1976-05-12,1.0012
1976-05-13,1.0002
1976-05-14,1.003
1976-05-17,1.0079
1976-05-18,1.0106
1976-05-19,1.0091
1976-05-20,1.0101
1976-05-21,1.0076
1976-05-24,1.0149
1976-05-25,1.0091
1976-05-26,1.0137
1976-05-27,1.0176
1976-05-28,1.0178
1976-06-01,1.0209
1976-06-02,1.0246
1976-06-03,1.0316
1976-06-04,1.0364
1976-06-07,1.0364
1976-06-08,1.0173
1976-06-09,1.0178
1976-06-10,1.0173
1976-06-11,1.0175
1976-06-14,1.0178
1976-06-15,1.0191
1976-06-16,1.0156
1976-06-17,1.0171
1976-06-18,1.0158
1976-06-21,1.0169
1976-06-22,1.0168
1976-06-23,1.0172
1976-06-24,1.0157
1976-06-25,1.0147
1976-06-28,1.0153
1976-06-29,1.0142
1976-06-30,1.0128
1976-07-01,1.0115
1976-07-02,1.0101
1976-07-06,1.0081
1976-07-07,1.007
1976-07-08,1.0068
1976-07-09,1.0101
1976-07-12,1.0132
1976-07-13,1.0096
1976-07-14,1.006
1976-07-15,1.0117
1976-07-16,1.0106
1976-07-19,1.0122
1976-07-20,1.0136
1976-07-21,1.0116
1976-07-22,1.0106
1976-07-23,1.0118
1976-07-26,1.0116
1976-07-27,1.0118
1976-07-28,1.0105
1976-07-29,1.0
1976-07-30,1.003
1976-08-02,1.0049
1976-08-03,1.0037
1976-08-04,1.0032
1976-08-05,1.0017
1976-08-06,1.001
1976-08-09,1.0047
1976-08-10,1.0026
1976-08-11,1.0044
1976-08-12,1.0039
1976-08-13,1.0057
1976-08-16,1.0054
1976-08-17,1.0038
1976-08-18,1.0005
1976-08-19,1.0021
1976-08-20,1.0025
1976-08-23,1.0036
1976-08-24,1.0032
1976-08-25,1.0042
1976-08-26,1.0051
1976-08-27,1.001
1976-08-30,1.0052
1976-08-31,1.0031
1976-09-01,1.0024
1976-09-02,1.0037
1976-09-03,1.0
1976-09-07,1.0038
1976-09-08,1.0038
1976-09-09,1.0033
1976-09-10,1.0015
1976-09-13,1.0072
1976-09-14,1.008
1976-09-15,1.0097
1976-09-16,1.0105
1976-09-17,1.006
1976-09-20,1.0105
1976-09-21,1.0125
1976-09-22,1.0166
1976-09-23,1.0152
1976-09-24,1.0121
1976-09-27,1.0191
1976-09-28,1.0274
1976-09-29,1.039
1976-09-30,1.03
1976-10-01,1.0371
1976-10-04,1.0371
1976-10-05,1.0241
1976-10-06,1.0293
1976-10-07,1.0277
1976-10-08,1.0251
1976-10-12,1.0315
1976-10-13,1.0304
1976-10-14,1.028
1976-10-15,1.0352
1976-10-18,1.0346
1976-10-19,1.0369
1976-10-20,1.0378
1976-10-21,1.037
1976-10-22,1.0331
1976-10-25,1.0477
1976-10-26,1.0455
1976-10-27,1.042
1976-10-28,1.0575
1976-10-29,1.0526
1976-11-01,1.0573
1976-11-03,1.055
1976-11-04,1.0483
1976-11-05,1.0395
1976-11-08,1.048
1976-11-09,1.0483
1976-11-10,1.0435
1976-11-12,1.0455
1976-11-15,1.0426
1976-11-16,1.0406
1976-11-17,1.0396
1976-11-18,1.0339
1976-11-19,1.0283
1976-11-22,1.0298
1976-11-23,1.0394
1976-11-24,1.0395
1976-11-26,1.0322
1976-11-29,1.105
1976-11-30,1.1095
1976-12-01,1.1112
1976-12-02,1.1068
1976-12-03,1.109
1976-12-06,1.1096
1976-12-07,1.1094
1976-12-08,1.1002
1976-12-09,1.1001
1976-12-10,1.1018
1976-12-13,1.1001
1976-12-14,1.0935
1976-12-15,1.0963
1976-12-16,1.0989
1976-12-17,1.0917
1976-12-20,1.0722
1976-12-21,1.0663
1976-12-22,1.0672
1976-12-23,1.0646
1976-12-24,1.0638
1976-12-27,1.0638
1976-12-28,1.0638
1976-12-29,1.0588
1976-12-30,1.0526
1976-12-31,1.0582
1977-01-03,1.0537
1977-01-04,1.0537
1977-01-05,1.054
1977-01-06,1.0541
1977-01-07,1.0526
1977-01-10,1.0561
1977-01-11,1.0549
1977-01-12,1.0549
1977-01-13,1.0531
1977-01-14,1.0537
1977-01-17,1.0576
1977-01-18,1.0567
1977-01-19,1.0562
1977-01-20,1.0547
1977-01-21,1.0515
1977-01-24,1.0555
1977-01-25,1.055
1977-01-26,1.0551
1977-01-27,1.0555
1977-01-28,1.0526
1977-01-31,1.0515
1977-02-01,1.055
1977-02-02,1.051
1977-02-03,1.0554
1977-02-04,1.0526
1977-02-07,1.0555
1977-02-08,1.0515
1977-02-09,1.0493
1977-02-10,1.0488
1977-02-11,1.0493
1977-02-14,1.0539
1977-02-15,1.051
1977-02-16,1.0482
1977-02-17,1.0488
1977-02-18,1.0488
1977-02-22,1.0485
1977-02-23,1.0482
1977-02-24,1.0488
1977-02-25,1.0482
1977-02-28,1.0471
1977-03-01,1.0471
1977-03-02,1.0471
1977-03-03,1.0471
1977-03-04,1.0466
1977-03-07,1.0466
1977-03-08,1.0455
1977-03-09,1.046
1977-03-10,1.046
1977-03-11,1.0466
1977-03-14,1.0455
1977-03-15,1.0471
1977-03-16,1.046
1977-03-17,1.046
1977-03-18,1.046
1977-03-21,1.0455
1977-03-22,1.0438
1977-03-23,1.0433
1977-03-24,1.0428
1977-03-25,1.0433
1977-03-28,1.0433
1977-03-29,1.0417
1977-03-30,1.0417
1977-03-31,1.0417
1977-04-01,1.0417
1977-04-04,1.0411
1977-04-05,1.04
1977-04-06,1.0395
1977-04-07,1.0395
1977-04-08,1.0395
1977-04-11,1.039
1977-04-12,1.039
1977-04-13,1.0379
1977-04-14,1.0379
1977-04-15,1.0384
1977-04-18,1.0395
1977-04-19,1.04
1977-04-20,1.0417
1977-04-21,1.0406
1977-04-22,1.0422
1977-04-25,1.0417
1977-04-26,1.0417
1977-04-27,1.0417
1977-04-28,1.0411
1977-04-29,1.0422
1977-05-02,1.0417
1977-05-03,1.0417
1977-05-04,1.0417
1977-05-05,1.0406
1977-05-06,1.0406
1977-05-09,1.0411
1977-05-10,1.0417
1977-05-11,1.0417
1977-05-12,1.0417
1977-05-13,1.0422
1977-05-16,1.0422
1977-05-17,1.0422
1977-05-18,1.0422
1977-05-19,1.0422
1977-05-20,1.0417
1977-05-23,1.0417
1977-05-24,1.0417
1977-05-25,1.0417
1977-05-26,1.0411
1977-05-27,1.0417
1977-05-31,1.0417
1977-06-01,1.0411
1977-06-02,1.0417
1977-06-03,1.0411
1977-06-06,1.0411
1977-06-07,1.0406
1977-06-08,1.0406
1977-06-09,1.04
1977-06-10,1.039
1977-06-13,1.0384
1977-06-14,1.0379
1977-06-15,1.0384
1977-06-16,1.0384
1977-06-17,1.0384
1977-06-20,1.039
1977-06-21,1.0384
1977-06-22,1.0384
1977-06-23,1.0379
1977-06-24,1.0373
1977-06-27,1.0373
1977-06-28,1.0371
1977-06-29,1.0368
1977-06-30,1.0347
1977-07-01,1.0341
1977-07-05,1.032
1977-07-06,1.0309
1977-07-07,1.0315
1977-07-08,1.0309
1977-07-11,1.0299
1977-07-12,1.0288
1977-07-13,1.0293
1977-07-15,1.0299
1977-07-18,1.0299
1977-07-19,1.0288
1977-07-20,1.0285
1977-07-21,1.0283
1977-07-22,1.0288
1977-07-25,1.0288
1977-07-26,1.0281
1977-07-27,1.0251
1977-07-28,1.0251
1977-07-29,1.0267
1977-08-01,1.0299
1977-08-02,1.0283
1977-08-03,1.0309
1977-08-04,1.039
1977-08-05,1.0336
1977-08-08,1.0309
1977-08-09,1.032
1977-08-10,1.0325
1977-08-11,1.032
1977-08-12,1.0331
1977-08-15,1.0336
1977-08-16,1.0341
1977-08-17,1.0341
1977-08-18,1.0341
1977-08-19,1.0347
1977-08-22,1.0336
1977-08-23,1.0341
1977-08-24,1.0325
1977-08-25,1.0325
1977-08-26,1.0304
1977-08-29,1.032
1977-08-30,1.0331
1977-08-31,1.0331
1977-09-01,1.0331
1977-09-02,1.0331
1977-09-06,1.0336
1977-09-07,1.0336
1977-09-08,1.0325
1977-09-09,1.0331
1977-09-12,1.0331
1977-09-13,1.0331
1977-09-14,1.0331
1977-09-15,1.0331
1977-09-16,1.0325
1977-09-19,1.0336
1977-09-20,1.0336
1977-09-21,1.0331
1977-09-22,1.0331
1977-09-23,1.0336
1977-09-26,1.0325
1977-09-27,1.0325
1977-09-28,1.0325
1977-09-29,1.0325
1977-09-30,1.0309
1977-10-03,1.0246
1977-10-04,1.0262
1977-10-05,1.0246
1977-10-06,1.0246
1977-10-07,1.0225
1977-10-11,1.023
1977-10-12,1.023
1977-10-13,1.0204
1977-10-14,1.0194
1977-10-17,1.0173
1977-10-18,1.0173
1977-10-19,1.0173
1977-10-20,1.0163
1977-10-21,1.0183
1977-10-24,1.0163
1977-10-25,1.0152
1977-10-26,1.0157
1977-10-27,1.0137
1977-10-28,1.0163
1977-10-31,1.005
1977-11-01,1.003
1977-11-02,1.0045
1977-11-03,1.0101
1977-11-04,1.0121
1977-11-07,1.0116
1977-11-09,1.003
1977-11-10,1.007
1977-11-14,1.0081
1977-11-15,1.0076
1977-11-16,1.0081
1977-11-17,1.0086
1977-11-18,1.0065
1977-11-21,1.003
1977-11-22,1.006
1977-11-23,1.0025
1977-11-25,1.0025
1977-11-28,1.002
1977-11-29,1.0045
1977-11-30,1.0055
1977-12-01,1.0045
1977-12-02,1.003
1977-12-05,1.001
1977-12-06,0.9985
1977-12-07,1.001
1977-12-08,0.9995
1977-12-09,1.0
1977-12-12,0.999
1977-12-13,0.9985
1977-12-14,0.993
1977-12-15,0.994
1977-12-16,0.9955
1977-12-19,0.9901
1977-12-20,0.9828
1977-12-21,0.9847
1977-12-22,0.9911
1977-12-23,0.996
1977-12-27,0.995
1977-12-28,0.9828
1977-12-29,0.9838
1977-12-30,0.9843
1978-01-03,0.9775
1978-01-04,0.9676
1978-01-05,0.9967
1978-01-06,0.9857
1978-01-09,0.9833
1978-01-10,0.9852
1978-01-11,0.9804
1978-01-12,0.9828
1978-01-13,0.9828
1978-01-16,0.9823
1978-01-17,0.9818
1978-01-18,0.9833
1978-01-19,0.9809
1978-01-20,0.9843
1978-01-23,0.9794
1978-01-24,0.9775
1978-01-25,0.9775
1978-01-26,0.9775
1978-01-27,0.9766
1978-01-30,0.9785
1978-01-31,0.9775
1978-02-01,0.979
1978-02-02,0.9785
1978-02-03,0.9818
1978-02-06,0.9823
1978-02-07,0.9849
1978-02-08,0.9852
1978-02-09,0.9804
1978-02-10,0.9809
1978-02-14,0.9814
1978-02-15,0.9814
1978-02-16,0.9799
1978-02-17,0.977
1978-02-21,0.9761
1978-02-22,0.9756
1978-02-23,0.9747
1978-02-24,0.9794
1978-02-27,0.9785
1978-02-28,0.9785
1978-03-01,0.9751
1978-03-02,0.9756
1978-03-03,0.9759
1978-03-06,0.977
1978-03-07,0.977
1978-03-08,0.9747
1978-03-09,0.9761
1978-03-10,0.9823
1978-03-13,0.9843
1978-03-14,0.9809
1978-03-15,0.9766
1978-03-16,0.9794
1978-03-17,0.9761
1978-03-20,0.9794
1978-03-21,0.9794
1978-03-22,0.9804
1978-03-23,0.9804
1978-03-24,0.9814
1978-03-27,0.9794
1978-03-28,0.9785
1978-03-29,0.9747
1978-03-30,0.9809
1978-03-31,0.9804
1978-04-03,0.9718
1978-04-04,0.9775
1978-04-05,0.9756
1978-04-06,0.9742
1978-04-07,0.9756
1978-04-10,0.9756
1978-04-11,0.9737
1978-04-12,0.9737
1978-04-13,0.9766
1978-04-14,0.978
1978-04-17,0.9804
1978-04-18,0.9809
1978-04-19,0.9818
1978-04-20,0.9881
1978-04-21,0.9901
1978-04-24,0.9921
1978-04-25,0.993
1978-04-26,0.9911
1978-04-27,0.9896
1978-04-28,0.9852
1978-05-01,0.9891
1978-05-02,0.9886
1978-05-03,0.9886
1978-05-04,0.9906
1978-05-05,0.9886
1978-05-08,0.9911
1978-05-09,0.9926
1978-05-10,0.993
1978-05-11,0.9985
1978-05-12,0.9926
1978-05-15,0.9926
1978-05-16,0.995
1978-05-17,0.9965
1978-05-18,0.9955
1978-05-19,0.9945
1978-05-22,0.9975
1978-05-23,0.9945
1978-05-24,0.996
1978-05-25,0.9955
1978-05-26,0.995
1978-05-29,0.9935
1978-05-31,0.9891
1978-06-01,0.9891
1978-06-02,0.9881
1978-06-05,0.9881
1978-06-06,0.9862
1978-06-07,0.9872
1978-06-08,0.9857
1978-06-09,0.9872
1978-06-12,0.9843
1978-06-13,0.9833
1978-06-14,0.9843
1978-06-15,0.9852
1978-06-16,0.9847
1978-06-19,0.9814
1978-06-20,0.979
1978-06-21,0.9775
1978-06-22,0.9775
1978-06-23,0.9756
1978-06-26,0.9742
1978-06-27,0.9747
1978-06-28,0.9742
1978-06-29,0.9728
1978-06-30,0.9709
1978-07-03,0.9699
1978-07-05,0.9699
1978-07-06,0.9699
1978-07-07,0.9685
1978-07-10,0.9625
1978-07-11,0.9657
1978-07-12,0.9671
1978-07-13,0.9662
1978-07-14,0.9667
1978-07-17,0.9671
1978-07-18,0.9667
1978-07-19,0.9657
1978-07-20,0.9643
1978-07-21,0.9606
1978-07-24,0.956
1978-07-25,0.956
1978-07-26,0.9547
1978-07-27,0.9565
1978-07-28,0.9542
1978-07-31,0.951
1978-08-01,0.9479
1978-08-02,0.9508
1978-08-03,0.9497
1978-08-04,0.9501
1978-08-07,0.9501
1978-08-08,0.9492
1978-08-09,0.9447
1978-08-10,0.9447
1978-08-11,0.9421
1978-08-14,0.9398
1978-08-15,0.9363
1978-08-16,0.9403
1978-08-17,0.9479
1978-08-18,0.9479
1978-08-21,0.9542
1978-08-22,0.9515
1978-08-23,0.9542
1978-08-24,0.9515
1978-08-25,0.9547
1978-08-28,0.9556
1978-08-29,0.9533
1978-08-30,0.9497
1978-08-31,0.9524
1978-09-01,0.9506
1978-09-05,0.9501
1978-09-06,0.9515
1978-09-07,0.9515
1978-09-08,0.951
1978-09-11,0.9528
1978-09-12,0.9501
1978-09-13,0.9483
1978-09-14,0.9497
1978-09-15,0.9465
1978-09-18,0.9479
1978-09-19,0.947
1978-09-20,0.9434
1978-09-21,0.9412
1978-09-22,0.9474
1978-09-25,0.9412
1978-09-26,0.9425
1978-09-27,0.9434
1978-09-28,0.9434
1978-09-29,0.943
1978-10-02,0.9434
1978-10-03,0.9421
1978-10-04,0.9394
1978-10-05,0.9398
1978-10-06,0.9412
1978-10-10,0.9407
1978-10-11,0.9363
1978-10-12,0.9359
1978-10-13,0.9372
1978-10-16,0.9346
1978-10-17,0.9311
1978-10-18,0.9328
1978-10-19,0.9346
1978-10-20,0.9302
1978-10-23,0.9276
1978-10-24,0.9289
1978-10-25,0.9264
1978-10-26,0.9183
1978-10-27,0.9191
1978-10-30,0.9107
1978-10-31,0.9103
1978-11-01,0.939
1978-11-02,0.9355
1978-11-03,0.9385
1978-11-06,0.9438
1978-11-08,0.9416
1978-11-09,0.9407
1978-11-10,0.9434
1978-11-13,0.9434
1978-11-14,0.9434
1978-11-15,0.9447
1978-11-16,0.9492
1978-11-17,0.9542
1978-11-20,0.9588
1978-11-21,0.9556
1978-11-22,0.9565
1978-11-24,0.9569
1978-11-27,0.9592
1978-11-28,0.9579
1978-11-29,0.9565
1978-11-30,0.956
1978-12-01,0.9615
1978-12-04,0.9574
1978-12-05,0.9556
1978-12-06,0.9556
1978-12-07,0.9551
1978-12-08,0.956
1978-12-11,0.9515
1978-12-12,0.9519
1978-12-13,0.9497
1978-12-14,0.9501
1978-12-15,0.9501
1978-12-18,0.9434
1978-12-19,0.9398
1978-12-20,0.9412
1978-12-21,0.9461
1978-12-22,0.9452
1978-12-26,0.9407
1978-12-27,0.9394
1978-12-28,0.9363
1978-12-29,0.9398
1979-01-02,0.947
1979-01-03,0.9434
1979-01-04,0.9416
1979-01-05,0.9425
1979-01-08,0.9416
1979-01-09,0.9407
1979-01-10,0.9452
1979-01-11,0.9465
1979-01-12,0.9488
1979-01-15,0.9492
1979-01-16,0.9483
1979-01-17,0.9456
1979-01-18,0.9461
1979-01-19,0.9452
1979-01-22,0.947
1979-01-23,0.9483
1979-01-24,0.9483
1979-01-25,0.9497
1979-01-26,0.9488
1979-01-29,0.9519
1979-01-30,0.9506
1979-01-31,0.9497
1979-02-01,0.9551
1979-02-02,0.9547
1979-02-05,0.9524
1979-02-06,0.951
1979-02-07,0.9452
1979-02-08,0.9461
1979-02-09,0.947
1979-02-13,0.9501
1979-02-14,0.9488
1979-02-15,0.9506
1979-02-16,0.9492
1979-02-20,0.9501
1979-02-21,0.9492
1979-02-22,0.9492
1979-02-23,0.9492
1979-02-26,0.9492
1979-02-27,0.9469
1979-02-28,0.9477
1979-03-01,0.9499
1979-03-02,0.9497
1979-03-05,0.9497
1979-03-06,0.9485
1979-03-07,0.9492
1979-03-08,0.9461
1979-03-09,0.9461
1979-03-12,0.947
1979-03-13,0.9492
1979-03-14,0.9497
1979-03-15,0.9488
1979-03-16,0.9501
1979-03-19,0.9515
1979-03-20,0.9497
1979-03-21,0.9492
1979-03-22,0.9506
1979-03-23,0.9488
1979-03-26,0.948
1979-03-27,0.9477
1979-03-28,0.9483
1979-03-29,0.9484
1979-03-30,0.9479
1979-04-02,0.9497
1979-04-03,0.9501
1979-04-04,0.9515
1979-04-05,0.9508
1979-04-06,0.9497
1979-04-09,0.9488
1979-04-10,0.9473
1979-04-11,0.9483
1979-04-12,0.9506
1979-04-13,0.9533
1979-04-16,0.9528
1979-04-17,0.9542
1979-04-18,0.9542
1979-04-19,0.9519
1979-04-20,0.9533
1979-04-23,0.9556
1979-04-24,0.9556
1979-04-25,0.9565
1979-04-26,0.9583
1979-04-27,0.9574
1979-04-30,0.9579
1979-05-01,0.9592
1979-05-02,0.9597
1979-05-03,0.9588
1979-05-04,0.9569
1979-05-07,0.9524
1979-05-08,0.9547
1979-05-09,0.9524
1979-05-10,0.9565
1979-05-11,0.9565
1979-05-14,0.9568
1979-05-15,0.956
1979-05-16,0.9547
1979-05-17,0.9569
1979-05-18,0.9606
1979-05-21,0.9615
1979-05-22,0.9617
1979-05-23,0.9613
1979-05-24,0.9602
1979-05-25,0.9604
1979-05-28,0.9606
1979-05-29,0.9625
1979-05-31,0.9592
1979-06-01,0.9583
1979-06-04,0.9569
1979-06-05,0.9575
1979-06-06,0.958
1979-06-07,0.9594
1979-06-08,0.9597
1979-06-11,0.9588
1979-06-12,0.9569
1979-06-13,0.9558
1979-06-14,0.9557
1979-06-15,0.9531
1979-06-18,0.9539
1979-06-19,0.9501
1979-06-20,0.948
1979-06-21,1.0
1979-06-22,0.9955
1979-06-25,0.9916
1979-06-26,0.9945
1979-06-27,0.9926
1979-06-28,0.9906
1979-06-29,0.9914
1979-07-02,0.9886
1979-07-03,0.9891
1979-07-05,0.9847
1979-07-06,0.9857
1979-07-09,0.9888
1979-07-10,0.9857
1979-07-11,0.9836
1979-07-12,0.9838
1979-07-13,0.9838
1979-07-16,0.9815
1979-07-17,0.978
1979-07-18,0.9745
1979-07-19,0.9754
1979-07-20,0.9785
1979-07-23,0.9751
1979-07-24,0.9709
1979-07-25,0.972
1979-07-26,0.9709
1979-07-27,0.9723
1979-07-30,0.9737
1979-07-31,0.9852
1979-08-01,0.9799
1979-08-02,0.9804
1979-08-03,0.9794
1979-08-06,0.9807
1979-08-07,0.9845
1979-08-08,0.9864
1979-08-09,0.9833
1979-08-10,0.9816
1979-08-13,0.9833
1979-08-14,0.9886
1979-08-15,0.9867
1979-08-16,0.9883
1979-08-17,0.9881
1979-08-20,0.9893
1979-08-21,0.9891
1979-08-22,0.9896
1979-08-23,0.9881
1979-08-24,0.9901
1979-08-27,0.9886
1979-08-28,0.9886
1979-08-29,0.9895
1979-08-30,0.9886
1979-08-31,0.9886
1979-09-04,0.9921
1979-09-05,0.9911
1979-09-06,0.9899
1979-09-07,0.9886
1979-09-10,0.9901
1979-09-11,0.9901
1979-09-12,0.9935
1979-09-13,0.9965
1979-09-14,1.0005
1979-09-17,1.005
1979-09-18,1.0035
1979-09-19,1.0065
1979-09-20,1.0025
1979-09-21,1.0015
1979-09-24,1.0015
1979-09-25,1.0025
1979-09-26,0.9985
1979-09-27,0.997
1979-09-28,0.9965
1979-10-01,1.0
1979-10-02,0.999
1979-10-03,1.0
1979-10-04,0.9995
1979-10-05,1.001
1979-10-09,1.0137
1979-10-10,1.0111
1979-10-11,1.0094
1979-10-12,1.0132
1979-10-15,1.0142
1979-10-16,1.0168
1979-10-17,1.0194
1979-10-18,1.0188
1979-10-19,1.0173
1979-10-22,1.0194
1979-10-23,1.022
1979-10-24,1.0262
1979-10-25,1.0262
1979-10-26,1.0267
1979-10-29,1.0299
1979-10-30,1.004
1979-10-31,1.0352
1979-11-01,1.0347
1979-11-02,1.0331
1979-11-05,1.0352
1979-11-07,1.0336
1979-11-08,1.0363
1979-11-09,1.0368
1979-11-13,1.0379
1979-11-14,1.0379
1979-11-15,1.0341
1979-11-16,1.0315
1979-11-19,1.0471
1979-11-20,1.0267
1979-11-21,1.0277
1979-11-23,1.0304
1979-11-26,1.0331
1979-11-27,1.0293
1979-11-28,1.0293
1979-11-29,1.0272
1979-11-30,1.0241
1979-12-03,1.022
1979-12-04,1.023
1979-12-05,1.0241
1979-12-06,1.0215
1979-12-07,1.022
1979-12-10,1.0178
1979-12-11,1.0152
1979-12-12,1.0147
1979-12-13,1.0188
1979-12-14,1.0204
1979-12-17,1.0199
1979-12-18,1.0199
1979-12-19,1.0199
1979-12-20,1.0194
1979-12-21,1.0204
1979-12-24,1.0199
1979-12-26,1.0188
1979-12-27,1.0173
1979-12-28,1.0152
1979-12-31,1.0173
1980-01-02,1.0152
1980-01-03,1.0121
1980-01-04,1.0142
1980-01-07,1.0101
1980-01-08,1.0096
1980-01-09,1.0091
1980-01-10,1.0111
1980-01-11,1.0101
1980-01-14,1.0121
1980-01-15,1.0132
1980-01-16,1.0134
1980-01-17,1.0132
1980-01-18,1.0132
1980-01-21,1.0121
1980-01-22,1.0132
1980-01-23,1.0132
1980-01-24,1.0137
1980-01-25,1.0127
1980-01-28,1.0173
1980-01-29,1.0183
1980-01-30,1.0183
1980-01-31,1.0168
1980-02-01,1.0183
1980-02-04,1.0178
1980-02-05,1.0152
1980-02-06,1.0134
1980-02-07,1.0116
1980-02-08,1.0147
1980-02-11,1.0142
1980-02-13,1.0178
1980-02-14,1.0166
1980-02-15,1.0178
1980-02-19,1.022
1980-02-20,1.0256
1980-02-21,1.0235
1980-02-22,1.0256
1980-02-25,1.0277
1980-02-26,1.0277
1980-02-27,1.0283
1980-02-28,1.0272
1980-02-29,1.0309
1980-03-03,1.032
1980-03-04,1.0336
1980-03-05,1.0341
1980-03-06,1.0384
1980-03-07,1.0395
1980-03-10,1.04
1980-03-11,1.0406
1980-03-12,1.0379
1980-03-13,1.0417
1980-03-14,1.0449
1980-03-17,1.0532
1980-03-18,1.056
1980-03-19,1.0537
1980-03-20,1.0526
1980-03-21,1.0537
1980-03-24,1.0576
1980-03-25,1.056
1980-03-26,1.0537
1980-03-27,1.0585
1980-03-28,1.0616
1980-03-31,1.0633
1980-04-01,1.0707
1980-04-02,1.0724
1980-04-03,1.0741
1980-04-04,1.0764
1980-04-07,1.0799
1980-04-08,1.0776
1980-04-09,1.0593
1980-04-10,1.0627
1980-04-11,1.0604
1980-04-14,1.0554
1980-04-15,1.0576
1980-04-16,1.0537
1980-04-17,1.0532
1980-04-18,1.051
1980-04-21,1.0482
1980-04-22,1.0515
1980-04-23,1.0453
1980-04-24,1.0422
1980-04-25,1.0395
1980-04-28,1.0352
1980-04-29,1.0333
1980-04-30,1.0347
1980-05-01,1.0363
1980-05-02,1.0384
1980-05-05,1.0363
1980-05-06,1.0299
1980-05-07,1.0277
1980-05-08,1.0288
1980-05-09,1.0287
1980-05-12,1.0262
1980-05-13,1.0246
1980-05-14,1.0241
1980-05-15,1.0241
1980-05-16,1.0277
1980-05-19,1.0256
1980-05-20,1.0248
1980-05-21,1.0204
1980-05-22,1.0178
1980-05-23,1.0163
1980-05-27,1.0074
1980-05-28,1.0132
1980-05-29,1.0132
1980-05-30,1.0173
1980-06-02,1.0127
1980-06-03,1.0194
1980-06-04,1.0188
1980-06-05,1.0142
1980-06-06,1.0147
1980-06-09,1.0096
1980-06-10,1.0121
1980-06-11,1.0111
1980-06-12,1.0111
1980-06-13,1.0091
1980-06-16,1.0101
1980-06-17,1.0111
1980-06-18,1.0111
1980-06-19,1.0111
1980-06-20,1.0137
1980-06-23,1.0116
1980-06-24,1.0132
1980-06-25,1.0142
1980-06-26,1.0147
1980-06-27,1.0137
1980-06-30,1.0132
1980-07-01,1.0127
1980-07-02,1.0127
1980-07-03,1.0154
1980-07-07,1.0091
1980-07-08,1.0116
1980-07-09,1.0106
1980-07-10,1.0101
1980-07-11,1.0101
1980-07-14,1.0107
1980-07-15,1.0127
1980-07-16,1.0132
1980-07-17,1.0113
1980-07-18,1.0127
1980-07-21,1.0119
1980-07-22,1.0137
1980-07-23,1.0143
1980-07-24,1.0143
1980-07-25,1.0148
1980-07-28,1.0157
1980-07-29,1.0183
1980-07-30,1.0212
1980-07-31,1.0259
1980-08-01,1.0281
1980-08-04,1.0251
1980-08-05,1.0241
1980-08-06,1.022
1980-08-07,1.0225
1980-08-08,1.0233
1980-08-11,1.023
1980-08-12,1.0218
1980-08-13,1.02
1980-08-14,1.0215
1980-08-15,1.0219
1980-08-18,1.0251
1980-08-19,1.0251
1980-08-20,1.0248
1980-08-21,1.0254
1980-08-22,1.0259
1980-08-25,1.0242
1980-08-26,1.0223
1980-08-27,1.0209
1980-08-28,1.0198
1980-08-29,1.0195
1980-09-02,1.0188
1980-09-03,1.0147
1980-09-04,1.0137
1980-09-05,1.0168
1980-09-08,1.0148
1980-09-09,1.0147
1980-09-10,1.0161
1980-09-11,1.0132
1980-09-12,1.014
1980-09-15,1.0157
1980-09-16,1.0168
1980-09-17,1.015
1980-09-18,1.0173
1980-09-19,1.0181
1980-09-22,1.018
1980-09-23,1.0208
1980-09-24,1.0215
1980-09-25,1.0199
1980-09-26,1.0206
1980-09-29,1.021
1980-09-30,1.0199
1980-10-01,1.0178
1980-10-02,1.018
1980-10-03,1.0183
1980-10-06,1.0156
1980-10-07,1.02
1980-10-08,1.0192
1980-10-09,1.0203
1980-10-10,1.0182
1980-10-14,1.0154
1980-10-15,1.0192
1980-10-16,1.0183
1980-10-17,1.019
1980-10-20,1.0199
1980-10-21,1.0165
1980-10-22,1.0202
1980-10-23,1.0204
1980-10-24,1.0194
1980-10-27,1.0209
1980-10-28,1.0254
1980-10-29,1.023
1980-10-30,1.023
1980-10-31,1.0251
1980-11-03,1.0235
1980-11-05,1.0256
1980-11-06,1.0262
1980-11-07,1.0309
1980-11-10,1.0352
1980-11-12,1.0336
1980-11-13,1.0293
1980-11-14,1.0309
1980-11-17,1.0235
1980-11-18,1.0357
1980-11-19,1.0359
1980-11-20,1.0352
1980-11-21,1.039
1980-11-24,1.04
1980-11-25,1.0398
1980-11-26,1.0391
1980-11-28,1.0444
1980-12-01,1.0471
1980-12-02,1.0471
1980-12-03,1.0471
1980-12-04,1.0471
1980-12-05,1.0477
1980-12-08,1.0433
1980-12-09,1.0482
1980-12-10,1.0482
1980-12-11,1.0526
1980-12-12,1.0543
1980-12-15,1.0499
1980-12-16,1.0537
1980-12-17,1.0549
1980-12-18,1.0554
1980-12-19,1.0537
1980-12-22,1.0493
1980-12-23,1.046
1980-12-24,1.0444
1980-12-26,1.0455
1980-12-29,1.0444
1980-12-30,1.0406
1980-12-31,1.0397
1981-01-02,1.04
1981-01-05,1.0358
1981-01-06,1.0315
1981-01-07,1.0311
1981-01-08,1.0347
1981-01-09,1.0365
1981-01-12,1.039
1981-01-13,1.0417
1981-01-14,1.0417
1981-01-15,1.0406
1981-01-16,1.042
1981-01-19,1.0406
1981-01-20,1.04
1981-01-21,1.0366
1981-01-22,1.0373
1981-01-23,1.041
1981-01-26,1.0433
1981-01-27,1.0428
1981-01-28,1.0449
1981-01-29,1.0493
1981-01-30,1.054
1981-02-02,1.056
1981-02-03,1.0832
1981-02-04,1.0576
1981-02-05,1.0579
1981-02-06,1.0598
1981-02-09,1.0597
1981-02-10,1.0604
1981-02-11,1.0621
1981-02-13,1.0724
1981-02-17,1.0776
1981-02-18,1.0753
1981-02-19,1.0745
1981-02-20,1.0735
1981-02-23,1.073
1981-02-24,1.0764
1981-02-25,1.0817
1981-02-26,1.0827
1981-02-27,1.087
1981-03-02,1.0935
1981-03-03,1.0935
1981-03-04,1.0891
1981-03-05,1.0935
1981-03-06,1.0947
1981-03-09,1.0929
1981-03-10,1.0858
1981-03-11,1.0866
1981-03-12,1.087
1981-03-13,1.0872
1981-03-16,1.0832
1981-03-17,1.0817
1981-03-18,1.0793
1981-03-19,1.0776
1981-03-20,1.0811
1981-03-23,1.0828
1981-03-24,1.0807
1981-03-25,1.0813
1981-03-26,1.087
1981-03-27,1.0921
1981-03-30,1.0912
1981-03-31,1.0923
1981-04-01,1.0917
1981-04-02,1.0965
1981-04-03,1.1025
1981-04-06,1.1084
1981-04-07,1.1013
1981-04-08,1.1013
1981-04-09,1.1031
1981-04-10,1.1044
1981-04-13,1.1099
1981-04-14,1.1074
1981-04-15,1.113
1981-04-16,1.1143
1981-04-17,1.1123
1981-04-20,1.1173
1981-04-21,1.1131
1981-04-22,1.1099
1981-04-23,1.1093
1981-04-24,1.1099
1981-04-27,1.108
1981-04-28,1.1099
1981-04-29,1.113
1981-04-30,1.1148
1981-05-01,1.1154
1981-05-04,1.1236
1981-05-05,1.1264
1981-05-06,1.1255
1981-05-07,1.128
1981-05-08,1.1251
1981-05-11,1.1274
1981-05-12,1.1306
1981-05-13,1.1331
1981-05-14,1.1361
1981-05-15,1.1403
1981-05-18,1.1374
1981-05-19,1.1366
1981-05-20,1.1384
1981-05-21,1.1392
1981-05-22,1.1405
1981-05-26,1.1429
1981-05-27,1.1481
1981-05-28,1.1471
1981-05-29,1.1482
1981-06-01,1.1461
1981-06-02,1.1478
1981-06-03,1.1554
1981-06-04,1.1721
1981-06-05,1.1772
1981-06-08,1.1743
1981-06-09,1.1729
1981-06-10,1.1689
1981-06-11,1.1723
1981-06-12,1.1722
1981-06-15,1.1581
1981-06-16,1.1547
1981-06-17,1.1601
1981-06-18,1.1628
1981-06-19,1.1688
1981-06-22,1.1628
1981-06-23,1.1594
1981-06-24,1.1617
1981-06-25,1.1675
1981-06-26,1.171
1981-06-29,1.173
1981-06-30,1.1765
1981-07-01,1.1809
1981-07-02,1.1848
1981-07-03,1.1862
1981-07-06,1.1848
1981-07-07,1.1841
1981-07-08,1.1891
1981-07-09,1.1905
1981-07-10,1.1876
1981-07-13,1.1869
1981-07-14,1.1942
1981-07-15,1.1925
1981-07-16,1.1896
1981-07-17,1.1892
1981-07-20,1.1926
1981-07-21,1.1998
1981-07-22,1.1998
1981-07-23,1.2005
1981-07-24,1.2018
1981-07-27,1.1957
1981-07-28,1.2034
1981-07-29,1.2039
1981-07-30,1.2107
1981-07-31,1.2085
1981-08-03,1.2188
1981-08-04,1.2267
1981-08-05,1.2244
1981-08-06,1.224
1981-08-07,1.221
1981-08-10,1.2247
1981-08-11,1.227
1981-08-12,1.2129
1981-08-13,1.218
1981-08-14,1.2214
1981-08-17,1.2136
1981-08-18,1.2076
1981-08-19,1.2112
1981-08-20,1.2061
1981-08-21,1.2051
1981-08-24,1.2044
1981-08-25,1.2107
1981-08-26,1.2077
1981-08-27,1.208
1981-08-28,1.2073
1981-08-31,1.207
1981-09-01,1.2092
1981-09-02,1.207
1981-09-03,1.2048
1981-09-04,1.2044
1981-09-08,1.218
1981-09-09,1.221
1981-09-10,1.213
1981-09-11,1.2165
1981-09-14,1.2165
1981-09-15,1.1998
1981-09-16,1.2019
1981-09-17,1.1969
1981-09-18,1.1976
1981-09-21,1.1982
1981-09-22,1.2005
1981-09-23,1.2076
1981-09-24,1.2151
1981-09-25,1.2195
1981-09-28,1.2228
1981-09-29,1.2217
1981-09-30,1.2195
1981-10-01,1.2158
1981-10-02,1.2168
1981-10-05,1.2058
1981-10-06,1.2121
1981-10-07,1.2012
1981-10-08,1.1976
1981-10-09,1.1969
1981-10-13,1.2034
1981-10-14,1.2055
1981-10-15,1.209
1981-10-16,1.2154
1981-10-19,1.2124
1981-10-20,1.2195
1981-10-21,1.221
1981-10-22,1.2232
1981-10-23,1.2207
1981-10-26,1.23
1981-10-27,1.227
1981-10-28,1.227
1981-10-29,1.2225
1981-10-30,1.218
1981-11-02,1.2085
1981-11-04,1.2088
1981-11-05,1.2063
1981-11-06,1.2099
1981-11-09,1.2048
1981-11-10,1.2114
1981-11-12,1.2055
1981-11-13,1.2063
1981-11-16,1.2026
1981-11-17,1.2055
1981-11-18,1.2026
1981-11-19,1.2012
1981-11-20,1.1998
1981-11-23,1.2005
1981-11-24,1.1976
1981-11-25,1.1976
1981-11-27,1.1955
1981-11-30,1.1955
1981-12-01,1.1926
1981-12-02,1.1912
1981-12-03,1.1947
1981-12-04,1.1969
1981-12-07,1.1956
1981-12-08,1.1983
1981-12-09,1.2012
1981-12-10,1.2048
1981-12-11,1.2121
1981-12-14,1.2151
1981-12-15,1.2099
1981-12-16,1.2114
1981-12-17,1.2114
1981-12-18,1.2155
1981-12-21,1.214
1981-12-22,1.2158
1981-12-23,1.2151
1981-12-24,1.2158
1981-12-28,1.2173
1981-12-29,1.218
1981-12-30,1.2146
1981-12-31,1.2151
1982-01-04,1.2092
1982-01-05,1.2124
1982-01-06,1.2136
1982-01-07,1.2151
1982-01-08,1.2154
1982-01-11,1.2232
1982-01-12,1.2255
1982-01-13,1.2267
1982-01-14,1.2338
1982-01-15,1.2165
1982-01-18,1.233
1982-01-19,1.2293
1982-01-20,1.2338
1982-01-21,1.2335
1982-01-22,1.2353
1982-01-25,1.2422
1982-01-26,1.241
1982-01-27,1.2438
1982-01-28,1.2469
1982-01-29,1.2422
1982-02-01,1.25
1982-02-02,1.2495
1982-02-03,1.2516
1982-02-04,1.2492
1982-02-05,1.2531
1982-02-08,1.2525
1982-02-09,1.2602
1982-02-10,1.2594
1982-02-11,1.2593
1982-02-16,1.2698
1982-02-17,1.2698
1982-02-18,1.265
1982-02-19,1.2594
1982-02-22,1.2601
1982-02-23,1.265
1982-02-24,1.2715
1982-02-25,1.2728
1982-02-26,1.2739
1982-03-01,1.2763
1982-03-02,1.278
1982-03-03,1.2771
1982-03-04,1.2762
1982-03-05,1.2731
1982-03-08,1.2739
1982-03-09,1.2821
1982-03-10,1.2821
1982-03-11,1.2832
1982-03-12,1.2845
1982-03-15,1.2853
1982-03-16,1.2878
1982-03-17,1.287
1982-03-18,1.287
1982-03-19,1.2903
1982-03-22,1.2913
1982-03-23,1.292
1982-03-24,1.2903
1982-03-25,1.2945
1982-03-26,1.2979
1982-03-29,1.3038
1982-03-30,1.3024
1982-03-31,1.3072
1982-04-01,1.3024
1982-04-02,1.3034
1982-04-05,1.3098
1982-04-06,1.3167
1982-04-07,1.3098
1982-04-08,1.3127
1982-04-09,1.3141
1982-04-12,1.3111
1982-04-13,1.3106
1982-04-14,1.3115
1982-04-15,1.3123
1982-04-16,1.3132
1982-04-19,1.3072
1982-04-20,1.292
1982-04-21,1.3038
1982-04-22,1.3029
1982-04-23,1.3024
1982-04-26,1.3028
1982-04-27,1.3021
1982-04-28,1.2994
1982-04-29,1.3001
1982-04-30,1.2953
1982-05-03,1.2979
1982-05-04,1.3012
1982-05-05,1.297
1982-05-06,1.2912
1982-05-07,1.2887
1982-05-10,1.287
1982-05-11,1.2895
1982-05-12,1.2878
1982-05-13,1.2928
1982-05-14,1.2979
1982-05-17,1.2953
1982-05-18,1.3021
1982-05-19,1.3021
1982-05-20,1.3021
1982-05-21,1.3021
1982-05-24,1.3004
1982-05-25,1.3012
1982-05-26,1.3072
1982-05-27,1.3098
1982-05-28,1.3132
1982-06-01,1.3141
1982-06-02,1.3184
1982-06-03,1.3153
1982-06-04,1.3141
1982-06-07,1.3175
1982-06-08,1.3219
1982-06-09,1.3263
1982-06-10,1.328
1982-06-11,1.3245
1982-06-14,1.3307
1982-06-15,1.3307
1982-06-16,1.3337
1982-06-17,1.3387
1982-06-18,1.3416
1982-06-21,1.3514
1982-06-22,1.3441
1982-06-23,1.3519
1982-06-24,1.3459
1982-06-25,1.3528
1982-06-28,1.355
1982-06-29,1.3524
1982-06-30,1.3468
1982-07-01,1.3492
1982-07-02,1.3484
1982-07-06,1.3532
1982-07-07,1.3605
1982-07-08,1.3587
1982-07-09,1.355
1982-07-12,1.3481
1982-07-13,1.3559
1982-07-14,1.3514
1982-07-15,1.3535
1982-07-16,1.3532
1982-07-19,1.3459
1982-07-20,1.3473
1982-07-21,1.3466
1982-07-22,1.3464
1982-07-23,1.3464
1982-07-26,1.3439
1982-07-27,1.3459
1982-07-28,1.3481
1982-07-29,1.355
1982-07-30,1.3699
1982-08-02,1.3514
1982-08-03,1.3546
1982-08-04,1.3652
1982-08-05,1.3671
1982-08-06,1.3697
1982-08-09,1.3742
1982-08-10,1.3736
1982-08-11,1.3765
1982-08-12,1.3765
1982-08-13,1.3774
1982-08-16,1.3793
1982-08-17,1.3624
1982-08-18,1.3704
1982-08-19,1.368
1982-08-20,1.3615
1982-08-23,1.36
1982-08-24,1.3514
1982-08-25,1.3495
1982-08-26,1.3504
1982-08-27,1.3633
1982-08-30,1.3717
1982-08-31,1.3749
1982-09-01,1.3717
1982-09-02,1.3646
1982-09-03,1.3657
1982-09-07,1.3665
1982-09-08,1.3746
1982-09-09,1.3727
1982-09-10,1.3793
1982-09-13,1.386
1982-09-14,1.3822
1982-09-15,1.3816
1982-09-16,1.3841
1982-09-17,1.3812
1982-09-20,1.382
1982-09-21,1.3841
1982-09-22,1.3803
1982-09-23,1.3841
1982-09-24,1.386
1982-09-27,1.3928
1982-09-28,1.3918
1982-09-29,1.3931
1982-09-30,1.3947
1982-10-01,1.3908
1982-10-04,1.4011
1982-10-05,1.4045
1982-10-06,1.4037
1982-10-07,1.399
1982-10-08,1.387
1982-10-12,1.3841
1982-10-13,1.3889
1982-10-14,1.3908
1982-10-15,1.3957
1982-10-18,1.3937
1982-10-19,1.3957
1982-10-20,1.3996
1982-10-21,1.4035
1982-10-22,1.4045
1982-10-25,1.4114
1982-10-26,1.4096
1982-10-27,1.4114
1982-10-28,1.4124
1982-10-29,1.4124
1982-11-01,1.4124
1982-11-03,1.4114
1982-11-04,1.4164
1982-11-05,1.4144
1982-11-08,1.4164
1982-11-09,1.4134
1982-11-10,1.4065
1982-11-12,1.4085
1982-11-15,1.4104
1982-11-16,1.4055
1982-11-17,1.4124
1982-11-18,1.4094
1982-11-19,1.4025
1982-11-22,1.4015
1982-11-23,1.4045
1982-11-24,1.3986
1982-11-26,1.3986
1982-11-29,1.3928
1982-11-30,1.3908
1982-12-01,1.386
1982-12-02,1.3822
1982-12-03,1.3793
1982-12-06,1.3803
1982-12-07,1.3793
1982-12-08,1.3797
1982-12-09,1.3831
1982-12-10,1.3841
1982-12-13,1.3879
1982-12-14,1.385
1982-12-15,1.3845
1982-12-16,1.3765
1982-12-17,1.3822
1982-12-20,1.3818
1982-12-21,1.3784
1982-12-22,1.3755
1982-12-23,1.3761
1982-12-24,1.3755
1982-12-27,1.3746
1982-12-28,1.3699
1982-12-29,1.3633
1982-12-30,1.3643
1982-12-31,1.3652
1983-01-03,1.3633
1983-01-04,1.3559
1983-01-05,1.3596
1983-01-06,1.3615
1983-01-07,1.3615
1983-01-10,1.3596
1983-01-11,1.3652
1983-01-12,1.3671
1983-01-13,1.3661
1983-01-14,1.368
1983-01-17,1.3652
1983-01-18,1.3717
1983-01-19,1.3774
1983-01-20,1.3784
1983-01-21,1.3793
1983-01-24,1.3717
1983-01-25,1.385
1983-01-26,1.3822
1983-01-27,1.387
1983-01-28,1.387
1983-01-31,1.387
1983-02-01,1.3957
1983-02-02,1.4015
1983-02-03,1.3976
1983-02-04,1.4006
1983-02-07,1.3957
1983-02-08,1.3875
1983-02-09,1.387
1983-02-10,1.3854
1983-02-11,1.385
1983-02-14,1.3889
1983-02-15,1.3841
1983-02-16,1.3841
1983-02-17,1.3841
1983-02-18,1.386
1983-02-22,1.3918
1983-02-23,1.3928
1983-02-24,1.3918
1983-02-25,1.3908
1983-02-28,1.3976
1983-03-01,1.4033
1983-03-02,1.4045
1983-03-03,1.4015
1983-03-04,1.4006
1983-03-07,1.3986
1983-03-08,1.5302
1983-03-09,1.5302
1983-03-10,1.5314
1983-03-11,1.5314
1983-03-14,1.4981
1983-03-15,1.5175
1983-03-16,1.5232
1983-03-17,1.5256
1983-03-18,1.5302
1983-03-21,1.5361
1983-03-22,1.5361
1983-03-23,1.5385
1983-03-24,1.5361
1983-03-25,1.5349
1983-03-28,1.5408
1983-03-29,1.5408
1983-03-30,1.5373
1983-03-31,1.5326
1983-04-01,1.5326
1983-04-04,1.5314
1983-04-05,1.5279
1983-04-06,1.5267
1983-04-07,1.5279
1983-04-08,1.5302
1983-04-11,1.5232
1983-04-12,1.5221
1983-04-13,1.5232
1983-04-14,1.5209
1983-04-15,1.5186
1983-04-18,1.5184
1983-04-19,1.5175
1983-04-20,1.5186
1983-04-21,1.5175
1983-04-22,1.5175
1983-04-25,1.5129
1983-04-26,1.5133
1983-04-27,1.5152
1983-04-28,1.5191
1983-04-29,1.517
1983-05-02,1.5175
1983-05-03,1.514
1983-05-04,1.5117
1983-05-05,1.5106
1983-05-06,1.5094
1983-05-09,1.5083
1983-05-10,1.5101
1983-05-11,1.5049
1983-05-12,1.5056
1983-05-13,1.506
1983-05-16,1.5076
1983-05-17,1.5083
1983-05-18,1.5088
1983-05-19,1.5124
1983-05-20,1.5106
1983-05-23,1.514
1983-05-24,1.5085
1983-05-25,1.5106
1983-05-26,1.5067
1983-05-27,1.506
1983-05-31,1.5088
1983-06-01,1.514
1983-06-02,1.5117
1983-06-03,1.5175
1983-06-06,1.5186
1983-06-07,1.5186
1983-06-08,1.5198
1983-06-09,1.5202
1983-06-10,1.5209
1983-06-13,1.5232
1983-06-14,1.5314
1983-06-15,1.5349
1983-06-16,1.5302
1983-06-17,1.5279
1983-06-20,1.5267
1983-06-21,1.5256
1983-06-22,1.5232
1983-06-23,1.5209
1983-06-24,1.5186
1983-06-27,1.5216
1983-06-28,1.5302
1983-06-29,1.5256
1983-06-30,1.5256
1983-07-01,1.5256
1983-07-05,1.5291
1983-07-06,1.5267
1983-07-07,1.5267
1983-07-08,1.5274
1983-07-11,1.5291
1983-07-12,1.5302
1983-07-13,1.5291
1983-07-14,1.5302
1983-07-15,1.5337
1983-07-18,1.5326
1983-07-19,1.5326
1983-07-20,1.5291
1983-07-21,1.5279
1983-07-22,1.5281
1983-07-25,1.5302
1983-07-26,1.5291
1983-07-27,1.5302
1983-07-28,1.5302
1983-07-29,1.5314
1983-08-01,1.5314
1983-08-02,1.5337
1983-08-03,1.5342
1983-08-04,1.5396
1983-08-05,1.542
1983-08-08,1.542
1983-08-09,1.5394
1983-08-10,1.5456
1983-08-11,1.547
1983-08-12,1.5475
1983-08-15,1.5444
1983-08-16,1.5333
1983-08-17,1.5328
1983-08-18,1.5274
1983-08-19,1.5314
1983-08-22,1.5256
1983-08-23,1.5225
1983-08-24,1.5274
1983-08-25,1.5291
1983-08-26,1.5361
1983-08-29,1.5385
1983-08-30,1.538
1983-08-31,1.542
1983-09-01,1.5408
1983-09-02,1.5408
1983-09-06,1.5385
1983-09-07,1.5408
1983-09-08,1.5401
1983-09-09,1.5389
1983-09-12,1.5319
1983-09-13,1.5337
1983-09-14,1.5361
1983-09-15,1.5349
1983-09-16,1.5326
1983-09-19,1.5291
1983-09-20,1.5274
1983-09-21,1.5274
1983-09-22,1.5302
1983-09-23,1.5256
1983-09-26,1.5198
1983-09-27,1.523
1983-09-28,1.5209
1983-09-29,1.5198
1983-09-30,1.5198
1983-10-03,1.5193
1983-10-04,1.5228
1983-10-05,1.5184
1983-10-06,1.5344
1983-10-07,1.506
1983-10-11,1.5047
1983-10-12,1.5108
1983-10-13,1.5094
1983-10-14,1.5106
1983-10-17,1.5072
1983-10-18,1.5065
1983-10-19,1.5092
1983-10-20,1.5088
1983-10-21,1.506
1983-10-24,1.5085
1983-10-25,1.5072
1983-10-26,1.5094
1983-10-27,1.5094
1983-10-28,1.509
1983-10-31,1.5117
1983-11-01,1.5145
1983-11-02,1.5163
1983-11-03,1.5135
1983-11-04,1.5193
1983-11-07,1.5207
1983-11-09,1.5175
1983-11-10,1.5147
1983-11-14,1.5138
1983-11-15,1.5135
1983-11-16,1.5158
1983-11-17,1.5184
1983-11-18,1.5205
1983-11-21,1.5218
1983-11-22,1.5186
1983-11-23,1.5188
1983-11-25,1.5256
1983-11-28,1.5235
1983-11-29,1.5256
1983-11-30,1.5198
1983-12-01,1.5106
1983-12-02,1.5198
1983-12-05,1.53
1983-12-06,1.5284
1983-12-07,1.5286
1983-12-08,1.5326
1983-12-09,1.5385
1983-12-12,1.5349
1983-12-13,1.5396
1983-12-14,1.5444
1983-12-15,1.542
1983-12-16,1.5444
1983-12-19,1.5511
1983-12-20,1.5492
1983-12-21,1.5461
1983-12-22,1.5373
1983-12-23,1.5373
1983-12-27,1.5385
1983-12-28,1.5361
1983-12-29,1.5321
1983-12-30,1.5279
1984-01-03,1.5361
1984-01-04,1.542
1984-01-05,1.5408
1984-01-06,1.5399
1984-01-09,1.542
1984-01-10,1.5427
1984-01-11,1.5468
1984-01-12,1.548
1984-01-13,1.5408
1984-01-16,1.5385
1984-01-17,1.542
1984-01-18,1.5427
1984-01-19,1.5396
1984-01-20,1.5456
1984-01-23,1.5432
1984-01-24,1.5449
1984-01-25,1.5427
1984-01-26,1.5396
1984-01-27,1.5401
1984-01-30,1.5389
1984-01-31,1.5401
1984-02-01,1.5354
1984-02-02,1.5309
1984-02-03,1.5295
1984-02-06,1.5284
1984-02-07,1.5349
1984-02-08,1.5314
1984-02-09,1.5314
1984-02-10,1.5302
1984-02-14,1.5272
1984-02-15,1.5168
1984-02-16,1.5142
1984-02-17,1.5122
1984-02-21,1.5152
1984-02-22,1.5117
1984-02-23,1.5099
1984-02-24,1.5072
1984-02-27,1.5088
1984-02-28,1.5008
1984-02-29,1.5011
1984-03-01,1.5038
1984-03-02,1.5011
1984-03-05,1.5088
1984-03-06,1.4863
1984-03-07,1.4877
1984-03-08,1.4959
1984-03-09,1.4943
1984-03-12,1.497
1984-03-13,1.4879
1984-03-14,1.487
1984-03-15,1.4925
1984-03-16,1.497
1984-03-19,1.5004
1984-03-20,1.5015
1984-03-21,1.5083
1984-03-22,1.5124
1984-03-23,1.5065
1984-03-26,1.5004
1984-03-27,1.4981
1984-03-28,1.5038
1984-03-29,1.5004
1984-03-30,1.5065
1984-04-02,1.506
1984-04-03,1.5076
1984-04-04,1.5083
1984-04-05,1.5152
1984-04-06,1.5163
1984-04-09,1.5186
1984-04-10,1.5175
1984-04-11,1.506
1984-04-12,1.514
1984-04-13,1.5163
1984-04-16,1.5198
1984-04-17,1.5186
1984-04-18,1.5179
1984-04-19,1.5291
1984-04-20,1.5314
1984-04-23,1.5267
1984-04-24,1.5244
1984-04-25,1.5239
1984-04-26,1.5249
1984-04-27,1.5279
1984-04-30,1.5291
1984-05-01,1.5277
1984-05-02,1.5256
1984-05-03,1.5216
1984-05-04,1.5251
1984-05-07,1.5373
1984-05-08,1.5396
1984-05-09,1.5385
1984-05-10,1.5468
1984-05-11,1.5456
1984-05-14,1.5468
1984-05-15,1.5456
1984-05-16,1.5413
1984-05-17,1.5444
1984-05-18,1.5492
1984-05-21,1.547
1984-05-22,1.5468
1984-05-23,1.5432
1984-05-24,1.5468
1984-05-25,1.5461
1984-05-29,1.5468
1984-05-30,1.5463
1984-05-31,1.5454
1984-06-01,1.5408
1984-06-04,1.5349
1984-06-05,1.5396
1984-06-06,1.5408
1984-06-07,1.542
1984-06-08,1.5432
1984-06-11,1.5442
1984-06-12,1.5492
1984-06-13,1.5485
1984-06-14,1.5456
1984-06-15,1.5613
1984-06-18,1.5588
1984-06-19,1.5567
1984-06-20,1.5662
1984-06-21,1.5681
1984-06-22,1.5728
1984-06-25,1.5835
1984-06-26,1.5798
1984-06-27,1.5803
1984-06-28,1.5773
1984-06-29,1.5773
1984-07-02,1.5818
1984-07-03,1.5911
1984-07-05,1.6026
1984-07-06,1.6026
1984-07-09,1.6142
1984-07-10,1.6098
1984-07-11,1.6108
1984-07-12,1.6168
1984-07-13,1.6247
1984-07-18,1.996
1984-07-19,2.006
1984-07-20,2.0182
1984-07-23,2.0251
1984-07-24,2.0214
1984-07-25,2.008
1984-07-26,2.002
1984-07-27,2.0161
1984-07-30,2.0231
1984-07-31,2.0222
1984-08-01,2.0231
1984-08-02,2.0149
1984-08-03,2.0
1984-08-06,2.004
1984-08-07,2.0153
1984-08-08,2.0121
1984-08-09,2.0129
1984-08-10,2.006
1984-08-13,2.0121
1984-08-14,2.0
1984-08-15,2.0
1984-08-16,1.9952
1984-08-17,1.992
1984-08-20,1.996
1984-08-21,1.9992
1984-08-22,2.002
1984-08-23,1.9968
1984-08-24,1.9976
1984-08-27,1.998
1984-08-28,2.0012
1984-08-29,1.9988
1984-08-30,2.0028
1984-08-31,2.002
1984-09-04,2.0202
1984-09-05,2.0305
1984-09-06,2.0288
1984-09-07,2.0375
1984-09-10,2.0367
1984-09-11,2.0333
1984-09-12,2.0321
1984-09-13,2.0387
1984-09-14,2.0396
1984-09-17,2.0517
1984-09-18,2.0585
1984-09-19,2.0563
1984-09-20,2.064
1984-09-21,2.045
1984-09-24,2.0416
1984-09-25,2.0521
1984-09-26,2.0521
1984-09-27,2.0421
1984-09-28,2.0534
1984-10-01,2.0534
1984-10-02,2.0513
1984-10-03,2.0429
1984-10-04,2.0492
1984-10-05,2.0496
1984-10-09,2.0563
1984-10-10,2.0619
1984-10-11,2.0597
1984-10-12,2.0597
1984-10-15,2.0713
1984-10-16,2.0717
1984-10-17,2.0713
1984-10-18,2.0756
1984-10-19,2.0695
1984-10-22,2.0678
1984-10-23,2.0563
1984-10-24,2.0433
1984-10-25,2.0425
1984-10-26,2.045
1984-10-29,2.0576
1984-10-30,2.0513
1984-10-31,2.0488
1984-11-01,2.0371
1984-11-02,2.0169
1984-11-05,2.0202
1984-11-07,2.008
1984-11-08,2.0141
1984-11-09,2.0145
1984-11-13,2.0088
1984-11-14,2.0169
1984-11-15,2.0182
1984-11-16,2.0145
1984-11-19,2.0259
1984-11-20,2.0309
1984-11-21,2.0396
1984-11-23,2.0408
1984-11-26,2.0521
1984-11-27,2.0471
1984-11-28,2.0504
1984-11-29,2.0492
1984-11-30,2.0534
1984-12-03,2.0627
1984-12-04,2.0509
1984-12-05,2.0513
1984-12-06,2.0551
1984-12-07,2.0551
1984-12-10,2.0631
1984-12-11,2.0597
1984-12-12,2.0589
1984-12-13,2.0644
1984-12-14,2.07
1984-12-17,2.0704
1984-12-18,2.0683
1984-12-19,2.0756
1984-12-20,2.0855
1984-12-21,2.0833
1984-12-24,2.0833
1984-12-26,2.0877
1984-12-27,2.0978
1984-12-28,2.0986
1984-12-31,2.103
1985-01-02,2.1142
1985-01-03,2.116
1985-01-04,2.1164
1985-01-07,2.1277
1985-01-08,2.1164
1985-01-09,2.1209
1985-01-10,2.1191
1985-01-11,2.1209
1985-01-14,2.1317
1985-01-15,2.1281
1985-01-16,2.1281
1985-01-17,2.1272
1985-01-18,2.1268
1985-01-22,2.1299
1985-01-23,2.1345
1985-01-24,2.1299
1985-01-25,2.1331
1985-01-28,2.1345
1985-01-29,2.1322
1985-01-30,2.1281
1985-01-31,2.1277
1985-02-01,2.1313
1985-02-04,2.1552
1985-02-05,2.1654
1985-02-06,2.165
1985-02-07,2.1782
1985-02-08,2.1763
1985-02-11,2.1935
1985-02-13,2.2148
1985-02-14,2.2041
1985-02-15,2.1901
1985-02-19,2.2548
1985-02-20,2.2624
1985-02-21,2.2381
1985-02-22,2.2573
1985-02-25,2.2717
1985-02-26,2.2676
1985-02-27,2.2422
1985-02-28,2.2497
1985-03-01,2.3256
1985-03-04,2.3068
1985-03-05,2.2173
1985-03-06,2.1436
1985-03-07,2.2222
1985-03-08,2.1739
1985-03-11,2.1119
1985-03-12,2.2472
1985-03-13,2.2472
1985-03-14,2.2523
1985-03-15,2.2573
1985-03-18,2.2396
1985-03-19,2.2371
1985-03-20,2.2099
1985-03-21,2.1786
1985-03-22,2.181
1985-03-25,2.193
1985-03-26,2.1786
1985-03-27,2.1413
1985-03-28,2.1834
1985-03-29,2.1598
1985-04-01,2.1692
1985-04-02,2.1716
1985-04-03,2.1739
1985-04-04,2.2222
1985-04-05,2.2099
1985-04-08,2.2099
1985-04-09,2.2198
1985-04-10,2.2148
1985-04-11,2.193
1985-04-12,2.1906
1985-04-15,2.1906
1985-04-16,2.1906
1985-04-17,2.193
1985-04-18,2.1739
1985-04-19,2.1858
1985-04-22,2.1978
1985-04-23,2.2026
1985-04-24,2.2124
1985-04-25,2.2075
1985-04-26,2.2002
1985-04-29,2.2002
1985-04-30,2.2026
1985-05-01,2.2051
1985-05-02,2.2075
1985-05-03,2.2051
1985-05-06,2.2099
1985-05-07,2.2099
1985-05-08,2.2075
1985-05-09,2.2026
1985-05-10,2.2075
1985-05-13,2.2026
1985-05-14,2.2026
1985-05-15,2.2051
1985-05-16,2.2321
1985-05-17,2.2222
1985-05-20,2.2099
1985-05-21,2.2114
1985-05-22,2.2124
1985-05-23,2.2173
1985-05-24,2.2158
1985-05-28,2.2222
1985-05-29,2.2232
1985-05-30,2.2257
1985-05-31,2.2188
1985-06-03,2.2148
1985-06-04,2.2272
1985-06-05,2.2306
1985-06-06,2.2247
1985-06-07,2.2272
1985-06-10,2.2321
1985-06-11,2.2297
1985-06-12,2.2247
1985-06-13,2.2232
1985-06-14,2.2041
1985-06-17,2.1882
1985-06-18,2.1739
1985-06-19,2.1222
1985-06-20,2.1505
1985-06-21,2.1436
1985-06-24,2.1322
1985-06-25,2.1186
1985-06-26,2.1075
1985-06-27,2.1106
1985-06-28,2.0661
1985-07-01,2.0525
1985-07-02,2.0764
1985-07-03,2.0964
1985-07-05,2.1142
1985-07-08,2.1119
1985-07-09,2.103
1985-07-10,2.0855
1985-07-11,2.0683
1985-07-12,2.0683
1985-07-15,2.0346
1985-07-16,2.002
1985-07-17,2.0101
1985-07-18,1.996
1985-07-19,1.9751
1985-07-22,1.9802
1985-07-23,1.9417
1985-07-24,1.9102
1985-07-25,1.9399
1985-07-26,1.9342
1985-07-29,1.9164
1985-07-30,1.8957
1985-07-31,1.9001
1985-08-01,1.8975
1985-08-02,1.9011
1985-08-05,1.8875
1985-08-06,1.8939
1985-08-07,1.8993
1985-08-08,1.8832
1985-08-09,1.8744
1985-08-12,1.8362
1985-08-13,1.7986
1985-08-14,1.8222
1985-08-15,1.8501
1985-08-16,1.8692
1985-08-19,1.9084
1985-08-20,1.8657
1985-08-21,1.8553
1985-08-22,1.8553
1985-08-23,1.8553
1985-08-26,1.8762
1985-08-27,1.8779
1985-08-28,1.8744
1985-08-29,1.8553
1985-08-30,1.8433
1985-09-03,1.8587
1985-09-04,1.8657
1985-09-05,1.8546
1985-09-06,1.8692
1985-09-09,1.8797
1985-09-10,1.9286
1985-09-11,1.9335
1985-09-12,1.9084
1985-09-13,1.9077
1985-09-16,1.9048
1985-09-17,1.8957
1985-09-18,1.8957
1985-09-19,1.8993
1985-09-20,1.8762
1985-09-23,1.8382
1985-09-24,1.8467
1985-09-25,1.8587
1985-09-26,1.8536
1985-09-27,1.8416
1985-09-30,1.8265
1985-10-01,1.7969
1985-10-02,1.8116
1985-10-03,1.7762
1985-10-04,1.7889
1985-10-07,1.7699
1985-10-08,1.759
1985-10-09,1.7406
1985-10-10,1.7346
1985-10-11,1.7197
1985-10-15,1.7007
1985-10-16,1.7286
1985-10-17,1.7271
1985-10-18,1.7182
1985-10-21,1.7197
1985-10-22,1.7746
1985-10-23,1.7857
1985-10-24,1.773
1985-10-25,1.7889
1985-10-28,1.7809
1985-10-29,1.7668
1985-10-30,1.7361
1985-11-04,1.7167
1985-11-05,1.7467
1985-11-06,1.7065
1985-11-07,1.7079
1985-11-08,1.7094
1985-11-12,1.7544
1985-11-13,1.7575
1985-11-14,1.7483
1985-11-15,1.7889
1985-11-18,1.8034
1985-11-19,1.7937
1985-11-20,1.7778
1985-11-21,1.7376
1985-11-22,1.7483
1985-11-25,1.7406
1985-11-26,1.7422
1985-11-27,1.7346
1985-11-29,1.7452
1985-12-02,1.7483
1985-12-03,1.7809
1985-12-04,1.773
1985-12-05,1.7652
1985-12-06,1.7715
1985-12-09,1.7699
1985-12-10,1.7762
1985-12-11,1.8198
1985-12-12,1.8674
1985-12-13,1.9194
1985-12-16,2.0855
1985-12-17,1.996
1985-12-18,1.9861
1985-12-19,1.9841
1985-12-20,2.0161
1985-12-23,2.0
1985-12-24,1.992
1985-12-26,1.992
1985-12-27,1.994
1985-12-30,1.998
1985-12-31,1.998
1986-01-02,1.992
1986-01-03,1.998
1986-01-06,1.9084
1986-01-07,1.9231
1986-01-08,2.008
1986-01-09,1.9724
1986-01-10,1.9802
1986-01-13,1.9881
1986-01-14,1.9822
1986-01-15,1.955
1986-01-16,1.9157
1986-01-17,1.9231
1986-01-21,1.9417
1986-01-22,1.9286
1986-01-23,1.9512
1986-01-24,1.9139
1986-01-27,1.8815
1986-01-28,1.8975
1986-01-29,1.8904
1986-01-30,1.8553
1986-01-31,1.8674
1986-02-03,1.8744
1986-02-04,1.9231
1986-02-05,1.8832
1986-02-06,1.8762
1986-02-07,1.8797
1986-02-10,1.8467
1986-02-11,1.8433
1986-02-12,1.8382
1986-02-13,1.872
1986-02-14,1.8657
1986-02-18,1.8491
1986-02-19,1.8536
1986-02-20,1.885
1986-02-21,1.9212
1986-02-24,1.9048
1986-02-25,1.8921
1986-02-26,1.8861
1986-02-27,1.9305
1986-02-28,1.912
1986-03-03,1.9175
1986-03-04,1.9249
1986-03-05,1.9324
1986-03-06,1.9305
1986-03-07,1.9212
1986-03-10,1.9194
1986-03-11,1.9048
1986-03-12,1.8886
1986-03-13,1.8904
1986-03-14,1.8939
1986-03-17,1.8832
1986-03-18,1.8904
1986-03-19,1.885
1986-03-20,1.8744
1986-03-21,1.8657
1986-03-24,1.8762
1986-03-25,1.8727
1986-03-26,1.8762
1986-03-27,1.8709
1986-03-28,1.8762
1986-03-31,1.8685
1986-04-01,1.845
1986-04-02,1.8067
1986-04-03,1.8182
1986-04-04,1.8132
1986-04-07,1.8123
1986-04-08,1.8298
1986-04-09,1.8175
1986-04-10,1.8232
1986-04-11,1.81
1986-04-14,1.809
1986-04-15,1.8073
1986-04-16,1.8057
1986-04-17,1.8188
1986-04-18,1.7921
1986-04-21,1.7452
1986-04-22,1.7559
1986-04-23,1.7361
1986-04-24,1.7147
1986-04-25,1.7256
1986-04-28,1.7109
1986-04-29,1.7132
1986-04-30,1.7114
1986-05-01,1.7346
1986-05-02,1.7391
1986-05-05,1.7256
1986-05-06,1.7203
1986-05-07,1.7144
1986-05-08,1.7109
1986-05-09,1.6972
1986-05-12,1.6978
1986-05-13,1.7825
1986-05-14,1.7762
1986-05-15,1.7873
1986-05-16,1.8165
1986-05-19,1.7986
1986-05-20,1.7921
1986-05-21,1.8018
1986-05-22,1.8083
1986-05-23,1.8051
1986-05-27,1.8083
1986-05-28,1.8018
1986-05-29,1.7841
1986-05-30,1.7762
1986-06-02,1.7778
1986-06-03,1.773
1986-06-04,1.7873
1986-06-05,1.8018
1986-06-06,1.7841
1986-06-09,1.7857
1986-06-10,1.7746
1986-06-11,1.7851
1986-06-12,1.8182
1986-06-13,1.8382
1986-06-16,1.8674
1986-06-17,1.8692
1986-06-18,1.8622
1986-06-19,1.8815
1986-06-20,1.8904
1986-06-23,1.885
1986-06-24,1.8674
1986-06-25,1.8939
1986-06-26,1.879
1986-06-27,1.8501
1986-06-30,1.8215
1986-07-01,1.8553
1986-07-02,1.8553
1986-07-03,1.885
1986-07-07,1.8692
1986-07-08,1.8921
1986-07-09,1.8727
1986-07-10,1.8744
1986-07-11,1.8868
1986-07-14,1.8779
1986-07-15,1.8797
1986-07-16,1.8762
1986-07-17,1.8727
1986-07-18,1.8727
1986-07-21,1.8501
1986-07-22,1.8501
1986-07-23,1.8629
1986-07-24,1.885
1986-07-25,1.9194
1986-07-28,1.8975
1986-07-29,1.8904
1986-07-30,1.9305
1986-07-31,1.9212
1986-08-01,1.9268
1986-08-04,1.9342
1986-08-05,1.9361
1986-08-06,1.9257
1986-08-07,1.9286
1986-08-08,1.9743
1986-08-11,2.0202
1986-08-12,2.0182
1986-08-13,1.994
1986-08-14,1.994
1986-08-15,2.0202
1986-08-18,2.006
1986-08-19,1.9802
1986-08-20,1.996
1986-08-21,2.0597
1986-08-22,2.0513
1986-08-25,2.0597
1986-08-26,2.0408
1986-08-27,2.0222
1986-08-28,2.0202
1986-08-29,2.0555
1986-09-02,2.0521
1986-09-03,2.0492
1986-09-04,2.0768
1986-09-05,2.0899
1986-09-08,2.0899
1986-09-09,2.1075
1986-09-10,2.1299
1986-09-11,2.103
1986-09-12,2.079
1986-09-15,2.0942
1986-09-16,2.0973
1986-09-17,2.103
1986-09-18,2.1097
1986-09-19,2.1119
1986-09-22,2.1075
1986-09-23,2.079
1986-09-24,2.0812
1986-09-25,2.0912
1986-09-26,2.0661
1986-09-29,2.0346
1986-09-30,2.0483
1986-10-01,2.0483
1986-10-02,1.99
1986-10-03,1.979
1986-10-06,1.9763
1986-10-07,1.9829
1986-10-08,1.994
1986-10-09,1.9569
1986-10-10,1.9589
1986-10-14,1.9881
1986-10-15,1.996
1986-10-16,1.994
1986-10-17,2.0121
1986-10-20,1.994
1986-10-21,1.998
1986-10-22,1.9763
1986-10-23,1.9743
1986-10-24,1.9685
1986-10-27,1.9724
1986-10-28,1.9743
1986-10-29,1.9763
1986-10-30,1.9782
1986-10-31,1.9724
1986-11-03,1.9822
1986-11-04,1.9881
1986-11-05,1.9829
1986-11-06,1.9724
1986-11-07,1.9539
1986-11-10,1.9342
1986-11-12,1.9305
1986-11-13,1.9361
1986-11-14,1.9361
1986-11-17,1.9474
1986-11-18,1.9436
1986-11-19,1.935
1986-11-20,1.9286
1986-11-21,1.9312
1986-11-24,1.9324
1986-11-25,1.9231
1986-11-26,1.9201
1986-11-28,1.9577
1986-12-01,2.0088
1986-12-02,2.008
1986-12-03,1.9704
1986-12-04,1.9755
1986-12-05,1.9822
1986-12-08,1.994
1986-12-09,2.0105
1986-12-10,1.9881
1986-12-11,1.9743
1986-12-12,1.9569
1986-12-15,1.938
1986-12-16,1.9448
1986-12-17,1.9361
1986-12-18,1.9212
1986-12-19,1.9175
1986-12-22,1.8957
1986-12-23,1.9175
1986-12-24,1.9139
1986-12-26,1.9139
1986-12-29,1.9091
1986-12-30,1.9077
1986-12-31,1.885
1987-01-02,1.9029
1987-01-05,1.8755
1987-01-06,1.8681
1987-01-07,1.845
1987-01-08,1.8477
1987-01-09,1.8646
1987-01-12,1.8587
1987-01-13,1.9066
1987-01-14,1.8779
1987-01-15,1.9029
1987-01-16,1.8868
1987-01-20,1.8605
1987-01-21,1.857
1987-01-22,1.8612
1987-01-23,1.8577
1987-01-26,1.8382
1987-01-27,1.8553
1987-01-28,1.8536
1987-01-29,1.845
1987-01-30,1.8484
1987-02-02,1.8467
1987-02-03,1.8382
1987-02-04,1.8322
1987-02-05,1.8332
1987-02-06,1.8315
1987-02-09,1.8406
1987-02-10,1.8288
1987-02-11,1.8315
1987-02-12,1.8433
1987-02-13,1.8382
1987-02-17,1.8342
1987-02-18,1.8275
1987-02-19,1.8165
1987-02-20,1.8172
1987-02-23,1.8182
1987-02-24,1.8083
1987-02-25,1.8034
1987-02-26,1.7915
1987-02-27,1.7841
1987-03-02,1.7746
1987-03-03,1.7841
1987-03-04,1.7724
1987-03-05,1.7921
1987-03-06,1.7969
1987-03-09,1.774
1987-03-10,1.7637
1987-03-11,1.7559
1987-03-12,1.7483
1987-03-13,1.8018
1987-03-16,1.7762
1987-03-17,1.7652
1987-03-18,1.7683
1987-03-19,1.7873
1987-03-20,1.796
1987-03-23,1.7905
1987-03-24,1.7756
1987-03-25,1.7637
1987-03-26,1.773
1987-03-27,1.7724
1987-03-30,1.7683
1987-03-31,1.7553
1987-04-01,1.7528
1987-04-02,1.7559
1987-04-03,1.7476
1987-04-06,1.7461
1987-04-07,1.7528
1987-04-08,1.7391
1987-04-09,1.7346
1987-04-10,1.7361
1987-04-13,1.7229
1987-04-14,1.7235
1987-04-15,1.7159
1987-04-16,1.7301
1987-04-17,1.7301
1987-04-20,1.7301
1987-04-21,1.7458
1987-04-22,1.7271
1987-04-23,1.7147
1987-04-24,1.71
1987-04-27,1.7065
1987-04-28,1.7235
1987-04-29,1.7197
1987-04-30,1.7301
1987-05-01,1.7385
1987-05-04,1.7331
1987-05-05,1.7301
1987-05-06,1.7361
1987-05-07,1.7498
1987-05-08,1.7452
1987-05-11,1.7361
1987-05-12,1.7331
1987-05-13,1.74
1987-05-14,1.7331
1987-05-15,1.7301
1987-05-18,1.7197
1987-05-19,1.7271
1987-05-20,1.7256
1987-05-21,1.7268
1987-05-22,1.7325
1987-05-26,1.7413
1987-05-27,1.7406
1987-05-28,1.7413
1987-05-29,1.7391
1987-06-01,1.7316
1987-06-02,1.7301
1987-06-03,1.7265
1987-06-04,1.7343
1987-06-05,1.7292
1987-06-08,1.7232
1987-06-09,1.7182
1987-06-10,1.7036
1987-06-11,1.7059
1987-06-12,1.6892
1987-06-15,1.6892
1987-06-16,1.6918
1987-06-17,1.6807
1987-06-18,1.6812
1987-06-19,1.6807
1987-06-22,1.6832
1987-06-23,1.7085
1987-06-24,1.7123
1987-06-25,1.7033
1987-06-26,1.6886
1987-06-29,1.692
1987-06-30,1.6883
1987-07-01,1.6863
1987-07-02,1.6869
1987-07-03,1.6807
1987-07-06,1.6779
1987-07-07,1.6678
1987-07-08,1.6807
1987-07-09,1.6598
1987-07-10,1.6653
1987-07-13,1.6562
1987-07-14,1.6706
1987-07-15,1.6595
1987-07-16,1.6545
1987-07-17,1.6474
1987-07-20,1.6507
1987-07-21,1.6474
1987-07-22,1.641
1987-07-23,1.6434
1987-07-24,1.6689
1987-07-27,1.6694
1987-07-28,1.7123
1987-07-29,1.7247
1987-07-30,1.7699
1987-07-31,1.7553
1987-08-03,1.7379
1987-08-04,1.7565
1987-08-05,1.7434
1987-08-06,1.7479
1987-08-07,1.7443
1987-08-10,1.7504
1987-08-11,1.7153
1987-08-12,1.7235
1987-08-13,1.74
1987-08-14,1.7138
1987-08-17,1.6941
1987-08-18,1.6829
1987-08-19,1.6694
1987-08-20,1.6625
1987-08-21,1.6534
1987-08-24,1.6526
1987-08-25,1.651
1987-08-26,1.6694
1987-08-27,1.6502
1987-08-28,1.6532
1987-08-31,1.6474
1987-09-01,1.6404
1987-09-02,1.6221
1987-09-03,1.6134
1987-09-04,1.6044
1987-09-08,1.6108
1987-09-09,1.609
1987-09-10,1.609
1987-09-11,1.6064
1987-09-14,1.5783
1987-09-15,1.5798
1987-09-16,1.5699
1987-09-17,1.5684
1987-09-18,1.5618
1987-09-21,1.5513
1987-09-22,1.5516
1987-09-23,1.5552
1987-09-24,1.554
1987-09-25,1.5504
1987-09-28,1.5408
1987-09-29,1.5373
1987-09-30,1.5461
1987-10-01,1.5538
1987-10-02,1.5413
1987-10-05,1.5432
1987-10-06,1.5288
1987-10-07,1.5099
1987-10-08,1.502
1987-10-09,1.5168
1987-10-13,1.5147
1987-10-14,1.5649
1987-10-15,1.5463
1987-10-16,1.5396
1987-10-19,1.5337
1987-10-20,1.5461
1987-10-21,1.548
1987-10-22,1.5528
1987-10-23,1.5404
1987-10-26,1.5608
1987-10-27,1.6142
1987-10-28,1.6949
1987-10-29,1.7007
1987-10-30,1.6863
1987-11-02,1.6653
1987-11-03,1.6653
1987-11-04,1.6393
1987-11-05,1.6287
1987-11-06,1.6
1987-11-09,1.5974
1987-11-10,1.6013
1987-11-12,1.6221
1987-11-13,1.6305
1987-11-16,1.6359
1987-11-17,1.6103
1987-11-18,1.6129
1987-11-19,1.6194
1987-11-20,1.6155
1987-11-23,1.6228
1987-11-24,1.6069
1987-11-25,1.5929
1987-11-27,1.585
1987-11-30,1.5444
1987-12-01,1.5408
1987-12-02,1.554
1987-12-03,1.548
1987-12-04,1.5686
1987-12-07,1.5699
1987-12-08,1.5679
1987-12-09,1.562
1987-12-10,1.5637
1987-12-11,1.562
1987-12-14,1.5504
1987-12-15,1.5518
1987-12-16,1.5499
1987-12-17,1.542
1987-12-18,1.5468
1987-12-21,1.548
1987-12-22,1.5408
1987-12-23,1.542
1987-12-24,1.5408
1987-12-28,1.5221
1987-12-29,1.5198
1987-12-30,1.5198
1987-12-31,1.5147
1988-01-04,1.5225
1988-01-05,1.5437
1988-01-06,1.5523
1988-01-07,1.5489
1988-01-08,1.5487
1988-01-11,1.5366
1988-01-12,1.5277
1988-01-13,1.5181
1988-01-14,1.5158
1988-01-15,1.5385
1988-01-19,1.5135
1988-01-20,1.5044
1988-01-21,1.5078
1988-01-22,1.5031
1988-01-25,1.497
1988-01-26,1.4914
1988-01-27,1.4921
1988-01-28,1.4937
1988-01-29,1.5163
1988-02-01,1.5078
1988-02-02,1.4977
1988-02-03,1.4963
1988-02-04,1.5008
1988-02-05,1.5038
1988-02-08,1.5094
1988-02-09,1.5274
1988-02-10,1.5122
1988-02-11,1.5083
1988-02-12,1.5209
1988-02-16,1.497
1988-02-17,1.4941
1988-02-18,1.5072
1988-02-19,1.511
1988-02-22,1.5083
1988-02-23,1.5026
1988-02-24,1.509
1988-02-25,1.5088
1988-02-26,1.5002
1988-02-29,1.5049
1988-03-01,1.5198
1988-03-02,1.5129
1988-03-03,1.5094
1988-03-04,1.5038
1988-03-07,1.5011
1988-03-08,1.4885
1988-03-09,1.4903
1988-03-10,1.4939
1988-03-11,1.4896
1988-03-14,1.4934
1988-03-15,1.4908
1988-03-16,1.4914
1988-03-17,1.5013
1988-03-18,1.4952
1988-03-21,1.5069
1988-03-22,1.5065
1988-03-23,1.5065
1988-03-24,1.5237
1988-03-25,1.5552
1988-03-28,1.5485
1988-03-29,1.5319
1988-03-30,1.5385
1988-03-31,1.5291
1988-04-01,1.5326
1988-04-04,1.5302
1988-04-05,1.5295
1988-04-06,1.5363
1988-04-07,1.5335
1988-04-08,1.5256
1988-04-11,1.5184
1988-04-12,1.517
1988-04-13,1.5154
1988-04-14,1.5094
1988-04-15,1.5145
1988-04-18,1.5214
1988-04-19,1.5179
1988-04-20,1.5076
1988-04-21,1.4993
1988-04-22,1.4819
1988-04-25,1.4903
1988-04-26,1.5015
1988-04-27,1.4963
1988-04-28,1.4881
1988-04-29,1.4865
1988-05-02,1.4837
1988-05-03,1.4678
1988-05-04,1.4503
1988-05-05,1.4616
1988-05-06,1.4631
1988-05-09,1.4554
1988-05-10,1.4482
1988-05-11,1.455
1988-05-12,1.452
1988-05-13,1.4455
1988-05-16,1.4493
1988-05-17,1.4577
1988-05-18,1.4569
1988-05-19,1.4499
1988-05-20,1.4656
1988-05-23,1.4384
1988-05-24,1.4415
1988-05-25,1.4337
1988-05-26,1.4339
1988-05-27,1.4335
1988-05-31,1.443
1988-06-01,1.4333
1988-06-02,1.4426
1988-06-03,1.4306
1988-06-06,1.4445
1988-06-07,1.4382
1988-06-08,1.4327
1988-06-09,1.4325
1988-06-10,1.4271
1988-06-13,1.4194
1988-06-14,1.4269
1988-06-15,1.4178
1988-06-16,1.4134
1988-06-17,1.3966
1988-06-20,1.3824
1988-06-21,1.3858
1988-06-22,1.398
1988-06-23,1.411
1988-06-24,1.4144
1988-06-27,1.4472
1988-06-28,1.4609
1988-06-29,1.5008
1988-06-30,1.4859
1988-07-01,1.4793
1988-07-05,1.4859
1988-07-06,1.4641
1988-07-07,1.4424
1988-07-08,1.4684
1988-07-11,1.491
1988-07-12,1.4815
1988-07-13,1.4837
1988-07-14,1.5094
1988-07-15,1.5662
1988-07-18,1.5373
1988-07-19,1.514
1988-07-20,1.5163
1988-07-21,1.5049
1988-07-22,1.4993
1988-07-25,1.4914
1988-07-26,1.5004
1988-07-27,1.4948
1988-07-28,1.4959
1988-07-29,1.5083
1988-08-01,1.5106
1988-08-02,1.511
1988-08-03,1.5049
1988-08-04,1.5049
1988-08-05,1.5083
1988-08-08,1.5022
1988-08-09,1.4925
1988-08-10,1.4881
1988-08-11,1.4959
1988-08-12,1.5038
1988-08-15,1.5191
1988-08-16,1.5244
1988-08-17,1.5432
1988-08-18,1.5295
1988-08-19,1.5588
1988-08-22,1.5674
1988-08-23,1.5711
1988-08-24,1.5699
1988-08-25,1.5649
1988-08-26,1.5954
1988-08-29,1.675
1988-08-30,1.6529
1988-08-31,1.63
1988-09-01,1.6529
1988-09-02,1.6584
1988-09-06,1.6059
1988-09-07,1.6103
1988-09-08,1.609
1988-09-09,1.6
1988-09-12,1.615
1988-09-13,1.6181
1988-09-14,1.6265
1988-09-15,1.6327
1988-09-16,1.642
1988-09-19,1.6515
1988-09-20,1.6313
1988-09-21,1.6359
1988-09-22,1.6252
1988-09-23,1.626
1988-09-26,1.6273
1988-09-27,1.6171
1988-09-28,1.6181
1988-09-29,1.6234
1988-09-30,1.6335
1988-10-03,1.6359
1988-10-04,1.6297
1988-10-05,1.6391
1988-10-06,1.6313
1988-10-07,1.6221
1988-10-11,1.6057
1988-10-12,1.6038
1988-10-13,1.586
1988-10-14,1.5931
1988-10-17,1.5987
1988-10-18,1.6168
1988-10-19,1.616
1988-10-20,1.6194
1988-10-21,1.6051
1988-10-24,1.6124
1988-10-25,1.6108
1988-10-26,1.5924
1988-10-27,1.5929
1988-10-28,1.5934
1988-10-31,1.5974
1988-11-01,1.6013
1988-11-02,1.5952
1988-11-03,1.5873
1988-11-04,1.6155
1988-11-07,1.6051
1988-11-08,1.5969
1988-11-09,1.5716
1988-11-10,1.5662
1988-11-14,1.5596
1988-11-15,1.5576
1988-11-16,1.5533
1988-11-17,1.5468
1988-11-18,1.5408
1988-11-21,1.548
1988-11-22,1.5408
1988-11-23,1.5349
1988-11-25,1.5221
1988-11-28,1.5295
1988-11-29,1.5286
1988-11-30,1.5267
1988-12-01,1.5449
1988-12-02,1.5373
1988-12-05,1.526
1988-12-06,1.5263
1988-12-07,1.5521
1988-12-08,1.548
1988-12-09,1.5528
1988-12-12,1.5642
1988-12-13,1.5662
1988-12-14,1.6207
1988-12-15,1.6103
1988-12-16,1.6051
1988-12-19,1.6013
1988-12-20,1.5911
1988-12-21,1.5699
1988-12-22,1.5711
1988-12-23,1.576
1988-12-27,1.576
1988-12-28,1.5962
1988-12-29,1.5924
1988-12-30,1.5898
1989-01-03,1.5748
1989-01-04,1.5711
1989-01-05,1.5674
1989-01-06,1.5711
1989-01-09,1.5748
1989-01-10,1.5848
1989-01-11,1.5823
1989-01-12,1.5823
1989-01-13,1.5873
1989-01-17,1.5987
1989-01-18,1.5995
1989-01-19,1.5929
1989-01-20,1.5873
1989-01-23,1.6064
1989-01-24,1.6348
1989-01-25,1.6488
1989-01-26,1.6369
1989-01-27,1.6447
1989-01-30,1.648
1989-01-31,1.6625
1989-02-01,1.6439
1989-02-02,1.6515
1989-02-03,1.6287
1989-02-06,1.6332
1989-02-07,1.6308
1989-02-08,1.626
1989-02-09,1.6329
1989-02-10,1.6194
1989-02-13,1.6194
1989-02-14,1.6111
1989-02-15,1.6207
1989-02-16,1.6281
1989-02-17,1.6234
1989-02-21,1.6292
1989-02-22,1.6287
1989-02-23,1.5962
1989-02-24,1.6005
1989-02-27,1.6013
1989-02-28,1.6069
1989-03-01,1.6155
1989-03-02,1.616
1989-03-03,1.6194
1989-03-06,1.6305
1989-03-07,1.63
1989-03-08,1.6319
1989-03-09,1.6273
1989-03-10,1.6215
1989-03-13,1.626
1989-03-14,1.6308
1989-03-15,1.6348
1989-03-16,1.6276
1989-03-17,1.6268
1989-03-20,1.6281
1989-03-21,1.626
1989-03-22,1.6265
1989-03-23,1.6155
1989-03-24,1.6168
1989-03-27,1.6207
1989-03-28,1.6194
1989-03-29,1.6242
1989-03-30,1.626
1989-03-31,1.6284
1989-04-03,1.6281
1989-04-04,1.6234
1989-04-05,1.6361
1989-04-06,1.6502
1989-04-07,1.6407
1989-04-10,1.6455
1989-04-11,1.6455
1989-04-12,1.6407
1989-04-13,1.6407
1989-04-14,1.638
1989-04-17,1.6327
1989-04-18,1.6332
1989-04-19,1.6367
1989-04-20,1.6335
1989-04-21,1.6313
1989-04-24,1.6305
1989-04-25,1.6327
1989-04-26,1.626
1989-04-27,1.6268
1989-04-28,1.6255
1989-05-01,1.626
1989-05-02,1.6226
1989-05-03,1.6142
1989-05-04,1.6116
1989-05-05,1.5962
1989-05-08,1.5987
1989-05-09,1.6103
1989-05-10,1.6121
1989-05-11,1.6121
1989-05-12,1.6155
1989-05-15,1.6434
1989-05-16,1.6469
1989-05-17,1.6639
1989-05-18,1.6681
1989-05-19,1.6598
1989-05-22,1.6863
1989-05-23,1.6812
1989-05-24,1.6863
1989-05-25,1.6849
1989-05-26,1.6863
1989-05-30,1.7138
1989-05-31,1.7109
1989-06-01,1.7103
1989-06-02,1.7167
1989-06-05,1.7129
1989-06-06,1.7316
1989-06-07,1.7498
1989-06-08,1.7522
1989-06-09,1.7621
1989-06-12,1.7953
1989-06-13,1.7835
1989-06-14,1.7794
1989-06-15,1.7889
1989-06-16,1.7578
1989-06-19,1.7575
1989-06-20,1.7483
1989-06-21,1.737
1989-06-22,1.705
1989-06-23,1.7044
1989-06-26,1.7138
1989-06-27,1.7256
1989-06-28,1.7397
1989-06-29,1.7361
1989-06-30,1.7443
1989-07-03,1.7483
1989-07-05,1.7286
1989-07-06,1.7316
1989-07-07,1.7452
1989-07-10,1.7376
1989-07-11,1.7397
1989-07-12,1.74
1989-07-13,1.7637
1989-07-14,1.7532
1989-07-17,1.7559
1989-07-18,1.7538
1989-07-19,1.769
1989-07-20,1.7413
1989-07-21,1.7422
1989-07-24,1.7322
1989-07-25,1.7301
1989-07-26,1.7123
1989-07-27,1.7097
1989-07-28,1.7212
1989-07-31,1.7079
1989-08-01,1.6978
1989-08-02,1.6681
1989-08-03,1.6686
1989-08-04,1.6764
1989-08-07,1.6708
1989-08-08,1.6708
1989-08-09,1.6722
1989-08-10,1.6767
1989-08-11,1.692
1989-08-14,1.7036
1989-08-15,1.7079
1989-08-16,1.7059
1989-08-17,1.7109
1989-08-18,1.692
1989-08-21,1.6912
1989-08-22,1.6912
1989-08-23,1.6872
1989-08-24,1.692
1989-08-25,1.7036
1989-08-28,1.6992
1989-08-29,1.6886
1989-08-30,1.692
1989-08-31,1.6835
1989-09-01,1.6807
1989-09-05,1.6978
1989-09-06,1.6972
1989-09-07,1.6987
1989-09-08,1.6878
1989-09-11,1.7013
1989-09-12,1.7013
1989-09-13,1.6869
1989-09-14,1.6984
1989-09-15,1.7036
1989-09-18,1.692
1989-09-19,1.69
1989-09-20,1.6872
1989-09-21,1.692
1989-09-22,1.6835
1989-09-25,1.6764
1989-09-26,1.6722
1989-09-27,1.6793
1989-09-28,1.6943
1989-09-29,1.6964
1989-10-02,1.7007
1989-10-03,1.7021
1989-10-04,1.7301
1989-10-05,1.7182
1989-10-06,1.6984
1989-10-10,1.7094
1989-10-11,1.7117
1989-10-12,1.7206
1989-10-13,1.7138
1989-10-16,1.7129
1989-10-17,1.705
1989-10-18,1.6989
1989-10-19,1.6883
1989-10-20,1.6949
1989-10-23,1.6949
1989-10-24,1.6992
1989-10-25,1.6892
1989-10-26,1.6886
1989-10-27,1.6878
1989-10-30,1.7036
1989-10-31,1.7004
1989-11-01,1.7027
1989-11-02,1.7065
1989-11-03,1.7036
1989-11-06,1.7036
1989-11-07,1.6992
1989-11-08,1.6992
1989-11-09,1.7027
1989-11-10,1.7065
1989-11-13,1.7059
1989-11-14,1.7007
1989-11-15,1.7007
1989-11-16,1.692
1989-11-17,1.6995
1989-11-20,1.6958
1989-11-21,1.703
1989-11-22,1.7141
1989-11-24,1.7021
1989-11-27,1.7007
1989-11-28,1.6992
1989-11-29,1.6978
1989-11-30,1.6964
1989-12-01,1.6964
1989-12-04,1.6964
1989-12-05,1.69
1989-12-06,1.6878
1989-12-07,1.6841
1989-12-08,1.6849
1989-12-11,1.6844
1989-12-12,1.6708
1989-12-13,1.6708
1989-12-14,1.6756
1989-12-15,1.6878
1989-12-18,1.6835
1989-12-19,1.6835
1989-12-20,1.6764
1989-12-21,1.6773
1989-12-22,1.6779
1989-12-26,1.6764
1989-12-27,1.6731
1989-12-28,1.6764
1989-12-29,1.6844
1990-01-02,1.6863
1990-01-03,1.6835
1990-01-04,1.6742
1990-01-05,1.675
1990-01-08,1.6708
1990-01-09,1.6556
1990-01-10,1.6474
1990-01-11,1.6437
1990-01-12,1.6353
1990-01-16,1.642
1990-01-17,1.634
1990-01-18,1.6287
1990-01-19,1.6377
1990-01-22,1.6345
1990-01-23,1.6523
1990-01-24,1.6906
1990-01-25,1.6821
1990-01-26,1.6869
1990-01-29,1.6807
1990-01-30,1.675
1990-01-31,1.6611
1990-02-01,1.6714
1990-02-02,1.6658
1990-02-05,1.6672
1990-02-06,1.6639
1990-02-07,1.6846
1990-02-08,1.6906
1990-02-09,1.6863
1990-02-12,1.6875
1990-02-13,1.6878
1990-02-14,1.7197
1990-02-15,1.7094
1990-02-16,1.6998
1990-02-20,1.6955
1990-02-21,1.6987
1990-02-22,1.6958
1990-02-23,1.6943
1990-02-26,1.7001
1990-02-27,1.7015
1990-02-28,1.7007
1990-03-01,1.703
1990-03-02,1.6995
1990-03-05,1.7013
1990-03-06,1.6975
1990-03-07,1.6981
1990-03-08,1.701
1990-03-09,1.6929
1990-03-12,1.6972
1990-03-13,1.7056
1990-03-14,1.7024
1990-03-15,1.6955
1990-03-16,1.7007
1990-03-19,1.7079
1990-03-20,1.7147
1990-03-21,1.7262
1990-03-22,1.7212
1990-03-23,1.7286
1990-03-26,1.7227
1990-03-27,1.7218
1990-03-28,1.734
1990-03-29,1.7292
1990-03-30,1.7271
1990-04-02,1.7307
1990-04-03,1.7331
1990-04-04,1.7271
1990-04-05,1.7295
1990-04-06,1.7301
1990-04-09,1.7289
1990-04-10,1.7292
1990-04-11,1.7265
1990-04-12,1.7253
1990-04-13,1.7256
1990-04-16,1.7253
1990-04-17,1.731
1990-04-18,1.7277
1990-04-19,1.7197
1990-04-20,1.7161
1990-04-23,1.7159
1990-04-24,1.7188
1990-04-25,1.7191
1990-04-26,1.7376
1990-04-27,1.7437
1990-04-30,1.7397
1990-05-01,1.759
1990-05-02,1.7519
1990-05-03,1.7461
1990-05-04,1.7464
1990-05-07,1.7464
1990-05-08,1.74
1990-05-09,1.7479
1990-05-10,1.7425
1990-05-11,1.7544
1990-05-14,1.7519
1990-05-15,1.7467
1990-05-16,1.7458
1990-05-17,1.7437
1990-05-18,1.7467
1990-05-21,1.7437
1990-05-22,1.7437
1990-05-23,1.7431
1990-05-24,1.7425
1990-05-25,1.7443
1990-05-29,1.7419
1990-05-30,1.737
1990-05-31,1.7337
1990-06-01,1.7385
1990-06-04,1.7337
1990-06-05,1.7313
1990-06-06,1.7185
1990-06-07,1.7159
1990-06-08,1.7206
1990-06-11,1.7286
1990-06-12,1.7292
1990-06-13,1.7224
1990-06-14,1.7173
1990-06-15,1.7194
1990-06-18,1.7173
1990-06-19,1.7153
1990-06-20,1.7167
1990-06-21,1.7021
1990-06-22,1.7065
1990-06-25,1.7088
1990-06-26,1.7027
1990-06-27,1.703
1990-06-28,1.703
1990-06-29,1.6998
1990-07-02,1.6941
1990-07-03,1.6943
1990-07-05,1.6949
1990-07-06,1.6941
1990-07-09,1.6915
1990-07-10,1.6855
1990-07-11,1.6841
1990-07-12,1.7004
1990-07-13,1.6898
1990-07-16,1.6972
1990-07-17,1.6898
1990-07-18,1.6869
1990-07-19,1.6883
1990-07-20,1.6807
1990-07-23,1.6844
1990-07-24,1.6829
1990-07-25,1.6898
1990-07-26,1.6966
1990-07-27,1.6984
1990-07-30,1.692
1990-07-31,1.6898
1990-08-01,1.6835
1990-08-02,1.6978
1990-08-03,1.6846
1990-08-06,1.6703
1990-08-07,1.662
1990-08-08,1.6617
1990-08-09,1.6639
1990-08-10,1.6625
1990-08-13,1.6434
1990-08-14,1.6461
1990-08-15,1.6181
1990-08-16,1.62
1990-08-17,1.6155
1990-08-20,1.6137
1990-08-21,1.6077
1990-08-22,1.598
1990-08-23,1.5853
1990-08-24,1.5886
1990-08-27,1.5924
1990-08-28,1.584
1990-08-29,1.5865
1990-08-30,1.6308
1990-08-31,1.6252
1990-09-04,1.6221
1990-09-05,1.6026
1990-09-06,1.5987
1990-09-07,1.6044
1990-09-10,1.6124
1990-09-11,1.6168
1990-09-12,1.609
1990-09-13,1.6026
1990-09-14,1.5936
1990-09-17,1.6051
1990-09-18,1.6
1990-09-19,1.6064
1990-09-20,1.6155
1990-09-21,1.6313
1990-09-24,1.609
1990-09-25,1.6119
1990-09-26,1.6173
1990-09-27,1.6234
1990-09-28,1.626
1990-10-01,1.6155
1990-10-02,1.6181
1990-10-03,1.6173
1990-10-04,1.6221
1990-10-05,1.6226
1990-10-09,1.6147
1990-10-10,1.6213
1990-10-11,1.6247
1990-10-12,1.6215
1990-10-15,1.6488
1990-10-16,1.6556
1990-10-17,1.6722
1990-10-18,1.6667
1990-10-19,1.6529
1990-10-22,1.6474
1990-10-23,1.6534
1990-10-24,1.6493
1990-10-25,1.642
1990-10-26,1.6399
1990-10-29,1.6313
1990-10-30,1.6284
1990-10-31,1.6273
1990-11-01,1.6353
1990-11-02,1.6472
1990-11-05,1.6273
1990-11-06,1.6273
1990-11-07,1.63
1990-11-08,1.634
1990-11-09,1.638
1990-11-13,1.6327
1990-11-14,1.6393
1990-11-15,1.6407
1990-11-16,1.641
1990-11-19,1.6407
1990-11-20,1.6345
1990-11-21,1.6327
1990-11-23,1.6295
1990-11-26,1.6343
1990-11-27,1.6359
1990-11-28,1.6393
1990-11-29,1.6415
1990-11-30,1.642
1990-12-03,1.6393
1990-12-04,1.6412
1990-12-05,1.642
1990-12-06,1.6644
1990-12-07,1.6598
1990-12-10,1.6548
1990-12-11,1.6653
1990-12-12,1.6636
1990-12-13,1.6779
1990-12-14,1.6708
1990-12-17,1.6912
1990-12-18,1.703
1990-12-19,1.6675
1990-12-20,1.6949
1990-12-21,1.7065
1990-12-24,1.7079
1990-12-26,1.7065
1990-12-27,1.7094
1990-12-28,1.7079
1990-12-31,1.705
1991-01-02,1.6898
1991-01-03,1.6849
1991-01-04,1.6918
1991-01-07,1.6892
1991-01-08,1.6883
1991-01-09,1.6932
1991-01-10,1.6935
1991-01-11,1.6844
1991-01-14,1.6863
1991-01-15,1.6835
1991-01-16,1.6745
1991-01-17,1.6827
1991-01-18,1.6815
1991-01-22,1.6779
1991-01-23,1.6779
1991-01-24,1.6756
1991-01-25,1.6762
1991-01-28,1.6736
1991-01-29,1.6661
1991-01-30,1.6681
1991-01-31,1.6703
1991-02-01,1.6675
1991-02-04,1.6661
1991-02-05,1.6681
1991-02-06,1.6658
1991-02-07,1.6584
1991-02-08,1.6647
1991-02-11,1.6639
1991-02-12,1.6578
1991-02-13,1.6472
1991-02-14,1.6496
1991-02-15,1.6507
1991-02-19,1.6543
1991-02-20,1.6686
1991-02-21,1.6689
1991-02-22,1.6745
1991-02-25,1.6739
1991-02-26,1.6661
1991-02-27,1.67
1991-02-28,1.6681
1991-03-01,1.6639
1991-03-04,1.6731
1991-03-05,1.6731
1991-03-06,1.6863
1991-03-07,1.6872
1991-03-08,1.6759
1991-03-11,1.6722
1991-03-12,1.6725
1991-03-13,1.6779
1991-03-14,1.6756
1991-03-15,1.6764
1991-03-18,1.6863
1991-03-19,1.6835
1991-03-20,1.6798
1991-03-21,1.6787
1991-03-22,1.6821
1991-03-25,1.6975
1991-03-26,1.705
1991-03-27,1.705
1991-03-28,1.705
1991-03-29,1.705
1991-04-01,1.7027
1991-04-02,1.6949
1991-04-03,1.6869
1991-04-04,1.6878
1991-04-05,1.6827
1991-04-08,1.69
1991-04-09,1.6935
1991-04-10,1.692
1991-04-11,1.6955
1991-04-12,1.6964
1991-04-15,1.6961
1991-04-16,1.6889
1991-04-17,1.6926
1991-04-18,1.6923
1991-04-19,1.6992
1991-04-22,1.712
1991-04-23,1.6992
1991-04-24,1.7114
1991-04-25,1.7114
1991-04-26,1.7094
1991-04-29,1.7103
1991-04-30,1.7015
1991-05-01,1.7007
1991-05-02,1.7085
1991-05-03,1.71
1991-05-06,1.7021
1991-05-07,1.7018
1991-05-08,1.6987
1991-05-09,1.6952
1991-05-10,1.6972
1991-05-13,1.7021
1991-05-14,1.7004
1991-05-15,1.6961
1991-05-16,1.6915
1991-05-17,1.6943
1991-05-20,1.7001
1991-05-21,1.6984
1991-05-22,1.7021
1991-05-23,1.7286
1991-05-24,1.7182
1991-05-28,1.7167
1991-05-29,1.7141
1991-05-30,1.7159
1991-05-31,1.7212
1991-06-03,1.7209
1991-06-04,1.7153
1991-06-05,1.717
1991-06-06,1.7256
1991-06-07,1.725
1991-06-10,1.7352
1991-06-11,1.7422
1991-06-12,1.7489
1991-06-13,1.7507
1991-06-14,1.7452
1991-06-17,1.7361
1991-06-18,1.7391
1991-06-19,1.7382
1991-06-20,1.7361
1991-06-21,1.7385
1991-06-24,1.7391
1991-06-25,1.7376
1991-06-26,1.7352
1991-06-27,1.7322
1991-06-28,1.7379
1991-07-01,1.7473
1991-07-02,1.7606
1991-07-03,1.759
1991-07-05,1.7652
1991-07-08,1.7587
1991-07-09,1.7646
1991-07-10,1.7756
1991-07-11,1.78
1991-07-12,1.7781
1991-07-15,1.7771
1991-07-16,1.7715
1991-07-17,1.7705
1991-07-18,1.7762
1991-07-19,1.7624
1991-07-22,1.7646
1991-07-23,1.7699
1991-07-24,1.7655
1991-07-25,1.7627
1991-07-26,1.7513
1991-07-29,1.7507
1991-07-30,1.751
1991-07-31,1.7519
1991-08-01,1.7501
1991-08-02,1.7467
1991-08-05,1.737
1991-08-06,1.7422
1991-08-07,1.7419
1991-08-08,1.7437
1991-08-09,1.751
1991-08-12,1.7492
1991-08-13,1.7428
1991-08-14,1.7452
1991-08-15,1.7449
1991-08-16,1.7446
1991-08-19,1.7528
1991-08-20,1.7391
1991-08-21,1.7382
1991-08-22,1.7376
1991-08-23,1.7416
1991-08-26,1.7437
1991-08-27,1.7452
1991-08-28,1.7419
1991-08-29,1.7391
1991-08-30,1.7409
1991-09-03,1.7473
1991-09-04,1.7406
1991-09-05,1.7247
1991-09-06,1.72
1991-09-09,1.7167
1991-09-10,1.7176
1991-09-11,1.7182
1991-09-12,1.7114
1991-09-13,1.7056
1991-09-16,1.7018
1991-09-17,1.7036
1991-09-18,1.7077
1991-09-19,1.7126
1991-09-20,1.7114
1991-09-23,1.7109
1991-09-24,1.7077
1991-09-25,1.7431
1991-09-26,1.7721
1991-09-27,1.7565
1991-09-30,1.7646
1991-10-01,1.7612
1991-10-02,1.7547
1991-10-03,1.7606
1991-10-04,1.7652
1991-10-07,1.7634
1991-10-08,1.7627
1991-10-09,1.7606
1991-10-10,1.7687
1991-10-11,1.7746
1991-10-15,1.7609
1991-10-16,1.7665
1991-10-17,1.7643
1991-10-18,1.7674
1991-10-21,1.7668
1991-10-22,1.7768
1991-10-23,1.8096
1991-10-24,1.7969
1991-10-25,1.7969
1991-10-28,1.8025
1991-10-29,1.8015
1991-10-30,1.7976
1991-10-31,1.7966
1991-11-01,1.7816
1991-11-04,1.773
1991-11-05,1.7753
1991-11-06,1.7857
1991-11-07,1.7895
1991-11-08,1.7905
1991-11-12,1.7775
1991-11-13,1.7832
1991-11-14,1.78
1991-11-15,1.7822
1991-11-18,1.7687
1991-11-19,1.7646
1991-11-20,1.7668
1991-11-21,1.7627
1991-11-22,1.7575
1991-11-25,1.7599
1991-11-26,1.7637
1991-11-27,1.773
1991-11-29,1.7825
1991-12-02,1.7771
1991-12-03,1.7797
1991-12-04,1.7784
1991-12-05,1.78
1991-12-06,1.7857
1991-12-09,1.7966
1991-12-10,1.7979
1991-12-11,1.8012
1991-12-12,1.7895
1991-12-13,1.7934
1991-12-16,1.7953
1991-12-17,1.8051
1991-12-18,1.8195
1991-12-19,1.8159
1991-12-20,1.8416
1991-12-23,1.8399
1991-12-24,1.8382
1991-12-26,1.8365
1991-12-27,1.8399
1991-12-30,1.8501
1991-12-31,1.8508
1992-01-02,1.8605
1992-01-03,1.8591
1992-01-06,1.8198
1992-01-07,1.8132
1992-01-08,1.8202
1992-01-09,1.8376
1992-01-10,1.846
1992-01-13,1.8372
1992-01-14,1.8399
1992-01-15,1.857
1992-01-16,1.8529
1992-01-17,1.8467
1992-01-21,1.8443
1992-01-22,1.8501
1992-01-23,1.8508
1992-01-24,1.8501
1992-01-27,1.8639
1992-01-28,1.8488
1992-01-29,1.8498
1992-01-30,1.8522
1992-01-31,1.8512
1992-02-03,1.8519
1992-02-04,1.8467
1992-02-05,1.8501
1992-02-06,1.8464
1992-02-07,1.844
1992-02-10,1.8477
1992-02-11,1.8491
1992-02-12,1.8529
1992-02-13,1.8495
1992-02-14,1.8467
1992-02-18,1.8477
1992-02-19,1.8477
1992-02-20,1.8386
1992-02-21,1.8443
1992-02-24,1.8515
1992-02-25,1.8471
1992-02-26,1.8484
1992-02-27,1.8305
1992-02-28,1.8295
1992-03-02,1.8278
1992-03-03,1.8242
1992-03-04,1.8339
1992-03-05,1.8282
1992-03-06,1.8258
1992-03-09,1.8272
1992-03-10,1.8238
1992-03-11,1.8245
1992-03-12,1.8252
1992-03-13,1.8275
1992-03-16,1.8328
1992-03-17,1.8305
1992-03-18,1.8248
1992-03-19,1.8192
1992-03-20,1.8208
1992-03-23,1.8218
1992-03-24,1.8235
1992-03-25,1.8198
1992-03-26,1.8169
1992-03-27,1.8215
1992-03-30,1.8238
1992-03-31,1.8305
1992-04-01,1.8349
1992-04-02,1.8362
1992-04-03,1.8282
1992-04-06,1.8386
1992-04-07,1.844
1992-04-08,1.8447
1992-04-09,1.8392
1992-04-10,1.8399
1992-04-13,1.8359
1992-04-14,1.8339
1992-04-15,1.8365
1992-04-16,1.8389
1992-04-17,1.8416
1992-04-20,1.8423
1992-04-21,1.8474
1992-04-22,1.8598
1992-04-23,1.8762
1992-04-24,1.8727
1992-04-27,1.8699
1992-04-28,1.8601
1992-04-29,1.8567
1992-04-30,1.8615
1992-05-01,1.8587
1992-05-04,1.8622
1992-05-05,1.858
1992-05-06,1.8608
1992-05-07,1.8629
1992-05-08,1.8619
1992-05-11,1.8737
1992-05-12,1.8797
1992-05-13,1.8762
1992-05-14,1.8702
1992-05-15,1.8727
1992-05-18,1.8727
1992-05-19,1.8751
1992-05-20,1.8776
1992-05-21,1.8741
1992-05-22,1.8699
1992-05-26,1.8674
1992-05-27,1.8664
1992-05-28,1.8657
1992-05-29,1.8685
1992-06-01,1.8688
1992-06-02,1.8671
1992-06-03,1.8612
1992-06-04,1.8625
1992-06-05,1.857
1992-06-08,1.8495
1992-06-09,1.8376
1992-06-10,1.8403
1992-06-11,1.8406
1992-06-12,1.8396
1992-06-15,1.846
1992-06-16,1.844
1992-06-17,1.845
1992-06-18,1.8399
1992-06-19,1.8315
1992-06-22,1.8365
1992-06-23,1.8372
1992-06-24,1.8349
1992-06-25,1.8359
1992-06-26,1.8399
1992-06-29,1.8389
1992-06-30,1.8376
1992-07-01,1.8382
1992-07-02,1.8382
1992-07-03,1.8355
1992-07-06,1.8379
1992-07-07,1.8389
1992-07-08,1.8355
1992-07-09,1.8332
1992-07-10,1.8322
1992-07-13,1.8292
1992-07-14,1.8268
1992-07-15,1.8315
1992-07-16,1.8315
1992-07-17,1.8242
1992-07-20,1.8238
1992-07-21,1.8265
1992-07-22,1.8245
1992-07-23,1.8222
1992-07-24,1.8242
1992-07-27,1.8312
1992-07-28,1.8325
1992-07-29,1.8339
1992-07-30,1.8325
1992-07-31,1.8339
1992-08-03,1.8362
1992-08-04,1.8372
1992-08-05,1.8382
1992-08-06,1.8403
1992-08-07,1.8399
1992-08-10,1.8426
1992-08-11,1.843
1992-08-12,1.8716
1992-08-13,1.8619
1992-08-14,1.8587
1992-08-17,1.8563
1992-08-18,1.8584
1992-08-19,1.8525
1992-08-20,1.8515
1992-08-21,1.8574
1992-08-24,1.8577
1992-08-25,1.8491
1992-08-26,1.8467
1992-08-27,1.846
1992-08-28,1.8491
1992-08-31,1.8546
1992-09-01,1.8525
1992-09-02,1.8515
1992-09-03,1.8512
1992-09-04,1.845
1992-09-08,1.8577
1992-09-09,1.8501
1992-09-10,1.8396
1992-09-11,1.8275
1992-09-14,1.806
1992-09-15,1.8349
1992-09-16,1.8298
1992-09-17,1.8298
1992-09-18,1.8413
1992-09-21,1.8685
1992-09-22,1.8587
1992-09-23,1.857
1992-09-24,1.8591
1992-09-25,1.8587
1992-09-28,1.8639
1992-09-29,1.8664
1992-09-30,1.8615
1992-10-01,1.8505
1992-10-02,1.8406
1992-10-05,1.8349
1992-10-06,1.8349
1992-10-07,1.8433
1992-10-08,1.8409
1992-10-09,1.8477
1992-10-13,1.8416
1992-10-14,1.8413
1992-10-15,1.8433
1992-10-16,1.845
1992-10-19,1.8501
1992-10-20,1.8556
1992-10-21,1.8549
1992-10-22,1.8519
1992-10-23,1.8477
1992-10-26,1.8522
1992-10-27,1.8727
1992-10-28,1.8832
1992-10-29,1.8968
1992-10-30,1.9048
1992-11-02,1.9164
1992-11-03,1.9048
1992-11-04,1.9066
1992-11-05,1.904
1992-11-06,1.8886
1992-11-09,1.9022
1992-11-10,1.9095
1992-11-12,1.912
1992-11-13,1.9055
1992-11-16,1.9212
1992-11-17,1.9417
1992-11-18,1.9342
1992-11-19,1.9361
1992-11-20,1.9425
1992-11-23,1.9436
1992-11-24,1.9399
1992-11-25,1.9369
1992-11-27,1.9417
1992-11-30,1.9573
1992-12-01,1.9531
1992-12-02,1.9505
1992-12-03,1.938
1992-12-04,1.9339
1992-12-07,1.9283
1992-12-08,1.9324
1992-12-09,1.9294
1992-12-10,1.9414
1992-12-11,1.9354
1992-12-14,1.9399
1992-12-15,1.944
1992-12-16,1.9305
1992-12-17,1.9275
1992-12-18,1.9339
1992-12-21,1.9324
1992-12-22,1.9402
1992-12-23,1.9459
1992-12-24,1.941
1992-12-28,1.9425
1992-12-29,1.9463
1992-12-30,1.9478
1992-12-31,1.9474
1993-01-04,1.9527
1993-01-05,1.979
1993-01-06,1.9782
1993-01-07,1.9685
1993-01-08,1.9604
1993-01-11,1.9497
1993-01-12,1.9505
1993-01-13,1.9539
1993-01-14,1.952
1993-01-15,1.9474
1993-01-19,1.9474
1993-01-20,1.9512
1993-01-21,1.9543
1993-01-22,1.9429
1993-01-25,1.935
1993-01-26,1.9305
1993-01-27,1.9395
1993-01-28,1.9305
1993-01-29,1.9372
1993-02-01,1.9455
1993-02-02,1.9436
1993-02-03,1.9429
1993-02-04,1.9455
1993-02-05,1.9482
1993-02-08,1.9643
1993-02-09,1.9627
1993-02-10,1.955
1993-02-11,1.9493
1993-02-12,1.9531
1993-02-16,1.9387
1993-02-17,1.9391
1993-02-18,1.938
1993-02-19,1.935
1993-02-22,1.929
1993-02-23,1.904
1993-02-24,1.904
1993-02-25,1.9139
1993-02-26,1.9109
1993-03-01,1.8979
1993-03-02,1.8939
1993-03-03,1.8983
1993-03-04,1.8868
1993-03-05,1.8957
1993-03-08,1.8993
1993-03-09,1.8939
1993-03-10,1.8972
1993-03-11,1.8972
1993-03-12,1.8947
1993-03-15,1.899
1993-03-16,1.8957
1993-03-17,1.8744
1993-03-18,1.8702
1993-03-19,1.8741
1993-03-22,1.8639
1993-03-23,1.8896
1993-03-24,1.8793
1993-03-25,1.8786
1993-03-26,1.8727
1993-03-29,1.8723
1993-03-30,1.8709
1993-03-31,1.8811
1993-04-01,1.8954
1993-04-02,1.8911
1993-04-05,1.8779
1993-04-06,1.8783
1993-04-07,1.8685
1993-04-08,1.8587
1993-04-09,1.8587
1993-04-12,1.8519
1993-04-13,1.8467
1993-04-14,1.844
1993-04-15,1.8495
1993-04-16,1.858
1993-04-19,1.8474
1993-04-20,1.8512
1993-04-21,1.8522
1993-04-22,1.8519
1993-04-23,1.8406
1993-04-26,1.8305
1993-04-27,1.8349
1993-04-28,1.8406
1993-04-29,1.8406
1993-04-30,1.8484
1993-05-03,1.8488
1993-05-04,1.8525
1993-05-05,1.8484
1993-05-06,1.8345
1993-05-07,1.8282
1993-05-10,1.8389
1993-05-11,1.8467
1993-05-12,1.8433
1993-05-13,1.8389
1993-05-14,1.8416
1993-05-17,1.8409
1993-05-18,1.8622
1993-05-19,1.8546
1993-05-20,1.8481
1993-05-21,1.8376
1993-05-24,1.8389
1993-05-25,1.8272
1993-05-26,1.8285
1993-05-27,1.8352
1993-05-28,1.845
1993-06-01,1.8481
1993-06-02,1.8443
1993-06-03,1.843
1993-06-04,1.8601
1993-06-07,1.8646
1993-06-08,1.873
1993-06-09,1.8671
1993-06-10,1.8619
1993-06-11,1.845
1993-06-14,1.8443
1993-06-15,1.8389
1993-06-16,1.8365
1993-06-17,1.844
1993-06-18,1.8477
1993-06-21,1.8433
1993-06-22,1.8519
1993-06-23,1.8577
1993-06-24,1.8636
1993-06-25,1.8615
1993-06-28,1.8612
1993-06-29,1.8594
1993-06-30,1.8636
1993-07-01,1.8477
1993-07-02,1.8423
1993-07-06,1.8372
1993-07-07,1.8298
1993-07-08,1.8149
1993-07-09,1.8182
1993-07-12,1.8198
1993-07-13,1.8238
1993-07-14,1.8172
1993-07-15,1.8208
1993-07-16,1.8208
1993-07-19,1.8282
1993-07-20,1.8282
1993-07-21,1.8198
1993-07-22,1.8165
1993-07-23,1.8149
1993-07-26,1.81
1993-07-27,1.8103
1993-07-28,1.8142
1993-07-29,1.8132
1993-07-30,1.8051
1993-08-02,1.8113
1993-08-03,1.8113
1993-08-04,1.8132
1993-08-05,1.8067
1993-08-06,1.8182
1993-08-09,1.7947
1993-08-10,1.8218
1993-08-11,1.8205
1993-08-12,1.8149
1993-08-13,1.8132
1993-08-16,1.8083
1993-08-17,1.8051
1993-08-18,1.8018
1993-08-19,1.8018
1993-08-20,1.8067
1993-08-23,1.8165
1993-08-24,1.809
1993-08-25,1.7969
1993-08-26,1.8018
1993-08-27,1.8116
1993-08-30,1.8149
1993-08-31,1.8116
1993-09-01,1.8067
1993-09-02,1.8255
1993-09-03,1.8433
1993-09-07,1.8238
1993-09-08,1.81
1993-09-09,1.8109
1993-09-10,1.8149
1993-09-13,1.8142
1993-09-14,1.809
1993-09-15,1.8093
1993-09-16,1.8132
1993-09-17,1.8132
1993-09-20,1.81
1993-09-21,1.806
1993-09-22,1.8047
1993-09-23,1.8064
1993-09-24,1.8028
1993-09-27,1.8034
1993-09-28,1.8116
1993-09-29,1.8182
1993-09-30,1.8169
1993-10-01,1.8165
1993-10-04,1.8172
1993-10-05,1.8248
1993-10-06,1.8262
1993-10-07,1.8198
1993-10-08,1.8132
1993-10-12,1.8113
1993-10-13,1.8123
1993-10-14,1.8129
1993-10-15,1.8182
1993-10-18,1.8132
1993-10-19,1.8018
1993-10-20,1.7995
1993-10-21,1.7986
1993-10-22,1.796
1993-10-25,1.7986
1993-10-26,1.7999
1993-10-27,1.8034
1993-10-28,1.8051
1993-10-29,1.8051
1993-11-01,1.8034
1993-11-02,1.8028
1993-11-03,1.8034
1993-11-04,1.8034
1993-11-05,1.7947
1993-11-08,1.808
1993-11-09,1.8332
1993-11-10,1.8543
1993-11-12,1.857
1993-11-15,1.858
1993-11-16,1.8563
1993-11-17,1.8182
1993-11-18,1.8182
1993-11-19,1.8248
1993-11-22,1.8275
1993-11-23,1.8265
1993-11-24,1.8228
1993-11-26,1.8288
1993-11-29,1.8349
1993-11-30,1.8332
1993-12-01,1.8305
1993-12-02,1.8258
1993-12-03,1.8198
1993-12-06,1.8175
1993-12-07,1.8165
1993-12-08,1.8002
1993-12-09,1.8018
1993-12-10,1.7995
1993-12-13,1.8051
1993-12-14,1.7982
1993-12-15,1.7889
1993-12-16,1.7825
1993-12-17,1.7816
1993-12-20,1.7825
1993-12-21,1.7816
1993-12-22,1.7825
1993-12-23,1.7879
1993-12-24,1.7921
1993-12-27,1.7905
1993-12-28,1.7873
1993-12-29,1.7912
1993-12-30,1.7937
1993-12-31,1.7889
1994-01-03,1.7794
1994-01-04,1.7794
1994-01-05,1.7816
1994-01-06,1.7995
1994-01-07,1.796
1994-01-10,1.7908
1994-01-11,1.7873
1994-01-12,1.7899
1994-01-13,1.7944
1994-01-14,1.7921
1994-01-18,1.7762
1994-01-19,1.7699
1994-01-20,1.7705
1994-01-21,1.7677
1994-01-24,1.7674
1994-01-25,1.7637
1994-01-26,1.759
1994-01-27,1.7596
1994-01-28,1.7621
1994-01-31,1.7627
1994-02-01,1.7467
1994-02-02,1.7473
1994-02-03,1.7498
1994-02-04,1.7513
1994-02-07,1.7483
1994-02-08,1.7376
1994-02-09,1.7376
1994-02-10,1.7391
1994-02-11,1.7458
1994-02-14,1.7467
1994-02-15,1.7483
1994-02-16,1.7422
1994-02-17,1.7391
1994-02-18,1.7437
1994-02-22,1.7301
1994-02-23,1.7286
1994-02-24,1.7286
1994-02-25,1.731
1994-02-28,1.7391
1994-03-01,1.7346
1994-03-02,1.7541
1994-03-03,1.7553
1994-03-04,1.7437
1994-03-07,1.7331
1994-03-08,1.7361
1994-03-09,1.7413
1994-03-10,1.7483
1994-03-11,1.7467
1994-03-14,1.7376
1994-03-15,1.7361
1994-03-16,1.7391
1994-03-17,1.7437
1994-03-18,1.7458
1994-03-21,1.7565
1994-03-22,1.7575
1994-03-23,1.7538
1994-03-24,1.7652
1994-03-25,1.7658
1994-03-28,1.7581
1994-03-29,1.7658
1994-03-30,1.7879
1994-03-31,1.7816
1994-04-01,1.7709
1994-04-04,1.7753
1994-04-05,1.774
1994-04-06,1.7668
1994-04-07,1.7599
1994-04-08,1.7504
1994-04-11,1.7535
1994-04-12,1.7575
1994-04-13,1.7677
1994-04-14,1.7606
1994-04-15,1.759
1994-04-18,1.7652
1994-04-19,1.769
1994-04-20,1.763
1994-04-21,1.7599
1994-04-22,1.7467
1994-04-25,1.7452
1994-04-26,1.7413
1994-04-27,1.7422
1994-04-28,1.7422
1994-04-29,1.7331
1994-05-02,1.734
1994-05-03,1.7376
1994-05-04,1.7346
1994-05-05,1.7313
1994-05-06,1.7346
1994-05-09,1.7271
1994-05-10,1.7197
1994-05-11,1.7227
1994-05-12,1.7191
1994-05-13,1.7138
1994-05-16,1.7056
1994-05-17,1.7079
1994-05-18,1.7079
1994-05-19,1.7079
1994-05-20,1.7042
1994-05-23,1.6992
1994-05-24,1.7015
1994-05-25,1.7001
1994-05-26,1.7015
1994-05-27,1.7015
1994-05-31,1.6821
1994-06-01,1.6829
1994-06-02,1.6855
1994-06-03,1.6827
1994-06-06,1.6863
1994-06-07,1.692
1994-06-08,1.6935
1994-06-09,1.6987
1994-06-10,1.6989
1994-06-13,1.6987
1994-06-14,1.7053
1994-06-15,1.7036
1994-06-16,1.7018
1994-06-17,1.692
1994-06-20,1.6807
1994-06-21,1.6798
1994-06-22,1.6846
1994-06-23,1.692
1994-06-24,1.7007
1994-06-27,1.6958
1994-06-28,1.6898
1994-06-29,1.6869
1994-06-30,1.6807
1994-07-01,1.6736
1994-07-05,1.6861
1994-07-06,1.6779
1994-07-07,1.6742
1994-07-08,1.6611
1994-07-11,1.6584
1994-07-12,1.6515
1994-07-13,1.6526
1994-07-14,1.6745
1994-07-15,1.6714
1994-07-18,1.675
1994-07-19,1.6686
1994-07-20,1.6647
1994-07-21,1.6562
1994-07-22,1.6529
1994-07-25,1.6543
1994-07-26,1.6543
1994-07-27,1.6633
1994-07-28,1.6667
1994-07-29,1.6625
1994-08-01,1.6598
1994-08-02,1.6598
1994-08-03,1.6658
1994-08-04,1.6598
1994-08-05,1.6556
1994-08-08,1.6548
1994-08-09,1.6661
1994-08-10,1.6703
1994-08-11,1.6667
1994-08-12,1.6689
1994-08-15,1.6578
1994-08-16,1.6661
1994-08-17,1.6728
1994-08-18,1.6647
1994-08-19,1.6694
1994-08-22,1.6694
1994-08-23,1.6667
1994-08-24,1.6598
1994-08-25,1.6584
1994-08-26,1.657
1994-08-29,1.6639
1994-08-30,1.6625
1994-08-31,1.6617
1994-09-01,1.6556
1994-09-02,1.6537
1994-09-06,1.6554
1994-09-07,1.6483
1994-09-08,1.654
1994-09-09,1.6556
1994-09-12,1.6609
1994-09-13,1.6606
1994-09-14,1.6592
1994-09-15,1.6565
1994-09-16,1.6556
1994-09-19,1.6578
1994-09-20,1.6584
1994-09-21,1.6661
1994-09-22,1.6689
1994-09-23,1.6606
1994-09-26,1.6603
1994-09-27,1.6606
1994-09-28,1.662
1994-09-29,1.6584
1994-09-30,1.6598
1994-10-03,1.6592
1994-10-04,1.6584
1994-10-05,1.6586
1994-10-06,1.6537
1994-10-07,1.6543
1994-10-11,1.6529
1994-10-12,1.6518
1994-10-13,1.6515
1994-10-14,1.6499
1994-10-17,1.6375
1994-10-18,1.6359
1994-10-19,1.6359
1994-10-20,1.6327
1994-10-21,1.634
1994-10-24,1.6327
1994-10-25,1.6332
1994-10-26,1.6313
1994-10-27,1.6287
1994-10-28,1.6255
1994-10-31,1.626
1994-11-01,1.6255
1994-11-02,1.6221
1994-11-03,1.6268
1994-11-04,1.6168
1994-11-07,1.6121
1994-11-08,1.609
1994-11-09,1.6064
1994-11-10,1.609
1994-11-14,1.6129
1994-11-15,1.6129
1994-11-16,1.6142
1994-11-17,1.6069
1994-11-18,1.6026
1994-11-21,1.6077
1994-11-22,1.6051
1994-11-23,1.6064
1994-11-25,1.6111
1994-11-28,1.6059
1994-11-29,1.6044
1994-11-30,1.5929
1994-12-01,1.5876
1994-12-02,1.5873
1994-12-05,1.5873
1994-12-06,1.581
1994-12-07,1.5765
1994-12-08,1.5803
1994-12-09,1.5758
1994-12-12,1.5743
1994-12-13,1.5699
1994-12-14,1.5662
1994-12-15,1.5601
1994-12-16,1.5649
1994-12-19,1.5625
1994-12-20,1.5664
1994-12-21,1.5669
1994-12-22,1.5613
1994-12-23,1.5564
1994-12-27,1.5564
1994-12-28,1.5557
1994-12-29,1.5564
1994-12-30,1.562
1995-01-03,1.5635
1995-01-04,1.5672
1995-01-05,1.5699
1995-01-06,1.5704
1995-01-09,1.5711
1995-01-10,1.5613
1995-01-11,1.5593
1995-01-12,1.5601
1995-01-13,1.5674
1995-01-17,1.5645
1995-01-18,1.5637
1995-01-19,1.5584
1995-01-20,1.5588
1995-01-23,1.5545
1995-01-24,1.5497
1995-01-25,1.5521
1995-01-26,1.5576
1995-01-27,1.5623
1995-01-30,1.5649
1995-01-31,1.5654
1995-02-01,1.5649
1995-02-02,1.5613
1995-02-03,1.5699
1995-02-06,1.5835
1995-02-07,1.5845
1995-02-08,1.5868
1995-02-09,1.5805
1995-02-10,1.5768
1995-02-13,1.5785
1995-02-14,1.5803
1995-02-15,1.5765
1995-02-16,1.5755
1995-02-17,1.5637
1995-02-21,1.5736
1995-02-22,1.5748
1995-02-23,1.5815
1995-02-24,1.582
1995-02-27,1.5728
1995-02-28,1.5785
1995-03-01,1.579
1995-03-02,1.576
1995-03-03,1.5667
1995-03-06,1.5547
1995-03-07,1.5499
1995-03-08,1.5523
1995-03-09,1.548
1995-03-10,1.5468
1995-03-13,1.5368
1995-03-14,1.5375
1995-03-15,1.5373
1995-03-16,1.5588
1995-03-17,1.5473
1995-03-20,1.5511
1995-03-21,1.5468
1995-03-22,1.5456
1995-03-23,1.5427
1995-03-24,1.5373
1995-03-27,1.543
1995-03-28,1.5427
1995-03-29,1.5406
1995-03-30,1.5392
1995-03-31,1.527
1995-04-03,1.5272
1995-04-04,1.5267
1995-04-05,1.5221
1995-04-06,1.5198
1995-04-07,1.5083
1995-04-10,1.5049
1995-04-11,1.5088
1995-04-12,1.4993
1995-04-13,1.4863
1995-04-14,1.4881
1995-04-17,1.4813
1995-04-18,1.4885
1995-04-19,1.4937
1995-04-20,1.489
1995-04-21,1.4881
1995-04-24,1.4879
1995-04-25,1.4843
1995-04-26,1.5008
1995-04-27,1.4843
1995-04-28,1.4885
1995-05-01,1.4828
1995-05-02,1.4815
1995-05-03,1.4789
1995-05-04,1.4738
1995-05-05,1.4808
1995-05-08,1.4804
1995-05-09,1.481
1995-05-10,1.4896
1995-05-11,1.4937
1995-05-12,1.5106
1995-05-15,1.5115
1995-05-16,1.5088
1995-05-17,1.5002
1995-05-18,1.5129
1995-05-19,1.5244
1995-05-22,1.5207
1995-05-23,1.5142
1995-05-24,1.5179
1995-05-25,1.506
1995-05-26,1.4948
1995-05-30,1.4986
1995-05-31,1.5044
1995-06-01,1.5122
1995-06-02,1.4975
1995-06-05,1.497
1995-06-06,1.4919
1995-06-07,1.4881
1995-06-08,1.4919
1995-06-09,1.497
1995-06-12,1.4981
1995-06-13,1.4941
1995-06-14,1.4899
1995-06-15,1.4954
1995-06-16,1.4945
1995-06-19,1.4899
1995-06-20,1.4877
1995-06-21,1.487
1995-06-22,1.4914
1995-06-23,1.4925
1995-06-26,1.4881
1995-06-27,1.4896
1995-06-28,1.4966
1995-06-29,1.4959
1995-06-30,1.4959
1995-07-03,1.4914
1995-07-05,1.4894
1995-07-06,1.4799
1995-07-07,1.4762
1995-07-10,1.4865
1995-07-11,1.4848
1995-07-12,1.4863
1995-07-13,1.4802
1995-07-14,1.4786
1995-07-17,1.4826
1995-07-18,1.4808
1995-07-19,1.4804
1995-07-20,1.4786
1995-07-21,1.4824
1995-07-24,1.4793
1995-07-25,1.4789
1995-07-26,1.4826
1995-07-27,1.4932
1995-07-28,1.4903
1995-07-31,1.4841
1995-08-01,1.4854
1995-08-02,1.4912
1995-08-03,1.4914
1995-08-04,1.4937
1995-08-07,1.4954
1995-08-08,1.5026
1995-08-09,1.5106
1995-08-10,1.5214
1995-08-11,1.5122
1995-08-14,1.5065
1995-08-15,1.5256
1995-08-16,1.5378
1995-08-17,1.548
1995-08-18,1.5432
1995-08-21,1.5373
1995-08-22,1.5418
1995-08-23,1.5444
1995-08-24,1.554
1995-08-25,1.5373
1995-08-28,1.5323
1995-08-29,1.5326
1995-08-30,1.5385
1995-08-31,1.538
1995-09-01,1.5312
1995-09-05,1.5326
1995-09-06,1.5368
1995-09-07,1.5349
1995-09-08,1.5373
1995-09-11,1.5361
1995-09-12,1.5302
1995-09-13,1.5249
1995-09-14,1.5202
1995-09-15,1.5207
1995-09-18,1.5244
1995-09-19,1.5202
1995-09-20,1.514
1995-09-21,1.5074
1995-09-22,1.5083
1995-09-25,1.5145
1995-09-26,1.5211
1995-09-27,1.5246
1995-09-28,1.5267
1995-09-29,1.5198
1995-10-02,1.52
1995-10-03,1.5244
1995-10-04,1.5191
1995-10-05,1.5152
1995-10-06,1.511
1995-10-10,1.5172
1995-10-11,1.514
1995-10-12,1.5119
1995-10-13,1.5133
1995-10-16,1.514
1995-10-17,1.5198
1995-10-18,1.5209
1995-10-19,1.5198
1995-10-20,1.5145
1995-10-23,1.5129
1995-10-24,1.5175
1995-10-25,1.5256
1995-10-26,1.523
1995-10-27,1.5232
1995-10-30,1.5152
1995-10-31,1.5152
1995-11-01,1.5267
1995-11-02,1.5244
1995-11-03,1.5279
1995-11-06,1.5267
1995-11-07,1.5291
1995-11-08,1.5314
1995-11-09,1.5349
1995-11-10,1.5314
1995-11-13,1.5366
1995-11-14,1.538
1995-11-15,1.5458
1995-11-16,1.5451
1995-11-17,1.5444
1995-11-20,1.5359
1995-11-21,1.5309
1995-11-22,1.5326
1995-11-24,1.5354
1995-11-27,1.5363
1995-11-28,1.5256
1995-11-29,1.526
1995-11-30,1.5321
1995-12-01,1.542
1995-12-04,1.5432
1995-12-05,1.5468
1995-12-06,1.5461
1995-12-07,1.5456
1995-12-08,1.548
1995-12-11,1.5473
1995-12-12,1.5501
1995-12-13,1.5468
1995-12-14,1.5314
1995-12-15,1.5342
1995-12-18,1.5326
1995-12-19,1.5326
1995-12-20,1.533
1995-12-21,1.533
1995-12-22,1.5366
1995-12-26,1.5349
1995-12-27,1.5281
1995-12-28,1.53
1995-12-29,1.5298
1996-01-02,1.5302
1996-01-03,1.5281
1996-01-04,1.5281
1996-01-05,1.5209
1996-01-08,1.5165
1996-01-09,1.5186
1996-01-10,1.5198
1996-01-11,1.5186
1996-01-12,1.5101
1996-01-16,1.5083
1996-01-17,1.5101
1996-01-18,1.5101
1996-01-19,1.5033
1996-01-22,1.5049
1996-01-23,1.5106
1996-01-24,1.5029
1996-01-25,1.4997
1996-01-26,1.4997
1996-01-29,1.4988
1996-01-30,1.4993
1996-01-31,1.4877
1996-02-01,1.4815
1996-02-02,1.4784
1996-02-05,1.4786
1996-02-06,1.4786
1996-02-07,1.4865
1996-02-08,1.4837
1996-02-09,1.4826
1996-02-12,1.4852
1996-02-13,1.4859
1996-02-14,1.4821
1996-02-15,1.4793
1996-02-16,1.4743
1996-02-20,1.4745
1996-02-21,1.4789
1996-02-22,1.4826
1996-02-23,1.4782
1996-02-26,1.4786
1996-02-27,1.4839
1996-02-28,1.4932
1996-02-29,1.4857
1996-03-01,1.4846
1996-03-04,1.4861
1996-03-05,1.4815
1996-03-06,1.4815
1996-03-07,1.4868
1996-03-08,1.4804
1996-03-11,1.4723
1996-03-12,1.4631
1996-03-13,1.4631
1996-03-14,1.4514
1996-03-15,1.4641
1996-03-18,1.4684
1996-03-19,1.4661
1996-03-20,1.4584
1996-03-21,1.4558
1996-03-22,1.4558
1996-03-25,1.456
1996-03-26,1.4652
1996-03-27,1.4646
1996-03-28,1.4743
1996-03-29,1.4691
1996-04-01,1.4599
1996-04-02,1.4616
1996-04-03,1.4678
1996-04-04,1.4678
1996-04-05,1.4652
1996-04-08,1.4635
1996-04-09,1.4663
1996-04-10,1.4684
1996-04-11,1.4786
1996-04-12,1.4771
1996-04-15,1.4743
1996-04-16,1.4738
1996-04-17,1.4665
1996-04-18,1.4616
1996-04-19,1.4588
1996-04-22,1.4567
1996-04-23,1.4646
1996-04-24,1.4667
1996-04-25,1.4652
1996-04-26,1.462
1996-04-29,1.4567
1996-04-30,1.4558
1996-05-01,1.4601
1996-05-02,1.4514
1996-05-03,1.4588
1996-05-06,1.4565
1996-05-07,1.4522
1996-05-08,1.4535
1996-05-09,1.4545
1996-05-10,1.4482
1996-05-13,1.4545
1996-05-14,1.452
1996-05-15,1.4552
1996-05-16,1.4552
1996-05-17,1.4577
1996-05-20,1.4656
1996-05-21,1.4652
1996-05-22,1.4637
1996-05-23,1.4616
1996-05-24,1.4635
1996-05-28,1.459
1996-05-29,1.4603
1996-05-30,1.4639
1996-05-31,1.4717
1996-06-03,1.4695
1996-06-04,1.4749
1996-06-05,1.4778
1996-06-06,1.4975
1996-06-07,1.4941
1996-06-10,1.4863
1996-06-11,1.4857
1996-06-12,1.4865
1996-06-13,1.4872
1996-06-14,1.4832
1996-06-17,1.4819
1996-06-18,1.4817
1996-06-19,1.4765
1996-06-20,1.4736
1996-06-21,1.4734
1996-06-24,1.4771
1996-06-25,1.471
1996-06-26,1.4656
1996-06-27,1.4641
1996-06-28,1.4577
1996-07-01,1.4607
1996-07-02,1.4613
1996-07-03,1.4656
1996-07-05,1.4535
1996-07-08,1.4518
1996-07-09,1.4545
1996-07-10,1.4535
1996-07-11,1.4524
1996-07-12,1.4545
1996-07-15,1.459
1996-07-16,1.4526
1996-07-17,1.4524
1996-07-18,1.4516
1996-07-19,1.443
1996-07-22,1.4384
1996-07-23,1.443
1996-07-24,1.4368
1996-07-25,1.4347
1996-07-26,1.4347
1996-07-29,1.4391
1996-07-30,1.4405
1996-07-31,1.451
1996-08-01,1.4637
1996-08-02,1.4635
1996-08-05,1.4628
1996-08-06,1.4545
1996-08-07,1.4552
1996-08-08,1.455
1996-08-09,1.4531
1996-08-12,1.4584
1996-08-13,1.4616
1996-08-14,1.4588
1996-08-15,1.4554
1996-08-16,1.4514
1996-08-19,1.4514
1996-08-20,1.4495
1996-08-21,1.4451
1996-08-22,1.4465
1996-08-23,1.4409
1996-08-26,1.4403
1996-08-27,1.4451
1996-08-28,1.4451
1996-08-29,1.4434
1996-08-30,1.4493
1996-09-03,1.4455
1996-09-04,1.4447
1996-09-05,1.4411
1996-09-06,1.4407
1996-09-09,1.4382
1996-09-10,1.4401
1996-09-11,1.4347
1996-09-12,1.4395
1996-09-13,1.4378
1996-09-16,1.4399
1996-09-17,1.431
1996-09-18,1.4243
1996-09-19,1.4296
1996-09-20,1.4459
1996-09-23,1.4325
1996-09-24,1.4331
1996-09-25,1.4314
1996-09-26,1.4296
1996-09-27,1.4294
1996-09-30,1.4306
1996-10-01,1.4296
1996-10-02,1.4302
1996-10-03,1.4312
1996-10-04,1.4298
1996-10-07,1.4447
1996-10-08,1.4461
1996-10-09,1.4505
1996-10-10,1.4447
1996-10-11,1.4426
1996-10-15,1.4358
1996-10-16,1.4358
1996-10-17,1.4282
1996-10-18,1.4154
1996-10-21,1.4023
1996-10-22,1.4088
1996-10-23,1.4081
1996-10-24,1.4269
1996-10-25,1.4225
1996-10-28,1.4176
1996-10-29,1.4174
1996-10-30,1.4168
1996-10-31,1.4144
1996-11-01,1.4118
1996-11-04,1.4114
1996-11-05,1.4075
1996-11-06,1.4059
1996-11-07,1.416
1996-11-08,1.4102
1996-11-12,1.4148
1996-11-13,1.4085
1996-11-14,1.4045
1996-11-15,1.4168
1996-11-18,1.4108
1996-11-19,1.4059
1996-11-20,1.4088
1996-11-21,1.4045
1996-11-22,1.399
1996-11-25,1.4039
1996-11-26,1.4108
1996-11-27,1.412
1996-11-29,1.4069
1996-12-02,1.4059
1996-12-03,1.4154
1996-12-04,1.4045
1996-12-05,1.4225
1996-12-06,1.4221
1996-12-09,1.4144
1996-12-10,1.4316
1996-12-11,1.4378
1996-12-12,1.4273
1996-12-13,1.4255
1996-12-16,1.4327
1996-12-17,1.413
1996-12-18,1.4174
1996-12-19,1.4138
1996-12-20,1.4118
1996-12-23,1.4134
1996-12-24,1.414
1996-12-26,1.4164
1996-12-27,1.4154
1996-12-30,1.4174
1996-12-31,1.4154
1997-01-02,1.414
1997-01-03,1.4134
1997-01-06,1.4122
1997-01-07,1.409
1997-01-08,1.415
1997-01-09,1.4154
1997-01-10,1.4184
1997-01-13,1.4215
1997-01-14,1.4225
1997-01-15,1.4211
1997-01-16,1.4156
1997-01-17,1.4114
1997-01-21,1.4203
1997-01-22,1.4201
1997-01-23,1.4353
1997-01-24,1.442
1997-01-27,1.4493
1997-01-28,1.4548
1997-01-29,1.4529
1997-01-30,1.4493
1997-01-31,1.4524
1997-02-03,1.4531
1997-02-04,1.4497
1997-02-05,1.4474
1997-02-06,1.4524
1997-02-07,1.4631
1997-02-10,1.4616
1997-02-11,1.4543
1997-02-12,1.4556
1997-02-13,1.4397
1997-02-14,1.442
1997-02-18,1.4505
1997-02-19,1.4493
1997-02-20,1.4413
1997-02-21,1.4409
1997-02-24,1.4347
1997-02-25,1.4358
1997-02-26,1.4405
1997-02-27,1.4476
1997-02-28,1.4443
1997-03-03,1.4271
1997-03-04,1.4205
1997-03-05,1.4235
1997-03-06,1.4223
1997-03-07,1.4205
1997-03-10,1.4233
1997-03-11,1.4194
1997-03-12,1.4205
1997-03-13,1.4296
1997-03-14,1.4312
1997-03-17,1.4393
1997-03-18,1.4415
1997-03-19,1.4486
1997-03-20,1.4463
1997-03-21,1.4449
1997-03-24,1.4339
1997-03-25,1.4378
1997-03-26,1.4422
1997-03-27,1.4403
1997-03-28,1.4399
1997-03-31,1.4395
1997-04-01,1.4341
1997-04-02,1.4362
1997-04-03,1.4436
1997-04-04,1.4482
1997-04-07,1.451
1997-04-08,1.4522
1997-04-09,1.442
1997-04-10,1.4459
1997-04-11,1.4413
1997-04-14,1.4451
1997-04-15,1.455
1997-04-16,1.4556
1997-04-17,1.4507
1997-04-18,1.4461
1997-04-21,1.4413
1997-04-22,1.4413
1997-04-23,1.4434
1997-04-24,1.4451
1997-04-25,1.442
1997-04-28,1.4391
1997-04-29,1.4409
1997-04-30,1.443
1997-05-01,1.4514
1997-05-02,1.4482
1997-05-05,1.4524
1997-05-06,1.4556
1997-05-07,1.4605
1997-05-08,1.4582
1997-05-09,1.4541
1997-05-12,1.4388
1997-05-13,1.4399
1997-05-14,1.4376
1997-05-15,1.4364
1997-05-16,1.443
1997-05-19,1.4457
1997-05-20,1.4451
1997-05-21,1.4382
1997-05-22,1.442
1997-05-23,1.4489
1997-05-27,1.4476
1997-05-28,1.4501
1997-05-29,1.4489
1997-05-30,1.4503
1997-06-02,1.4537
1997-06-03,1.4524
1997-06-04,1.452
1997-06-05,1.4567
1997-06-06,1.4524
1997-06-09,1.4489
1997-06-10,1.4461
1997-06-11,1.4482
1997-06-12,1.4478
1997-06-13,1.4503
1997-06-16,1.4493
1997-06-17,1.4505
1997-06-18,1.4503
1997-06-19,1.4562
1997-06-20,1.4599
1997-06-23,1.4648
1997-06-24,1.462
1997-06-25,1.4603
1997-06-26,1.4552
1997-06-27,1.473
1997-06-30,1.4728
1997-07-01,1.4749
1997-07-02,1.4749
1997-07-03,1.476
1997-07-07,1.4826
1997-07-08,1.4799
1997-07-09,1.4859
1997-07-10,1.4872
1997-07-11,1.4932
1997-07-14,1.5026
1997-07-15,1.5083
1997-07-16,1.517
1997-07-17,1.5251
1997-07-18,1.533
1997-07-21,1.5305
1997-07-22,1.5437
1997-07-23,1.5392
1997-07-24,1.5314
1997-07-25,1.5326
1997-07-28,1.5601
1997-07-29,1.5396
1997-07-30,1.538
1997-07-31,1.5389
1997-08-01,1.5545
1997-08-04,1.5552
1997-08-05,1.5509
1997-08-06,1.5642
1997-08-07,1.5662
1997-08-08,1.5691
1997-08-11,1.5581
1997-08-12,1.5674
1997-08-13,1.5591
1997-08-14,1.5588
1997-08-15,1.5574
1997-08-18,1.554
1997-08-19,1.5521
1997-08-20,1.5618
1997-08-21,1.5618
1997-08-22,1.5456
1997-08-25,1.5468
1997-08-26,1.548
1997-08-27,1.554
1997-08-28,1.5545
1997-08-29,1.5662
1997-09-02,1.5785
1997-09-03,1.5768
1997-09-04,1.5679
1997-09-05,1.5721
1997-09-08,1.5689
1997-09-09,1.5723
1997-09-10,1.5728
1997-09-11,1.5798
1997-09-12,1.5773
1997-09-15,1.5723
1997-09-16,1.578
1997-09-17,1.5716
1997-09-18,1.586
1997-09-19,1.5785
1997-09-22,1.5755
1997-09-23,1.5723
1997-09-24,1.5662
1997-09-25,1.5593
1997-09-26,1.5596
1997-09-29,1.5686
1997-09-30,1.563
1997-10-01,1.5564
1997-10-02,1.5559
1997-10-03,1.5588
1997-10-06,1.5699
1997-10-07,1.5601
1997-10-08,1.5588
1997-10-09,1.5521
1997-10-10,1.548
1997-10-14,1.5482
1997-10-15,1.5516
1997-10-16,1.5504
1997-10-17,1.5596
1997-10-20,1.5601
1997-10-21,1.5711
1997-10-22,1.5987
1997-10-23,1.6064
1997-10-24,1.6103
1997-10-27,1.6044
1997-10-28,1.5949
1997-10-29,1.5962
1997-10-30,1.6038
1997-10-31,1.6064
1997-11-03,1.5803
1997-11-04,1.5954
1997-11-05,1.6
1997-11-06,1.6013
1997-11-07,1.6026
1997-11-10,1.5936
1997-11-12,1.6013
1997-11-13,1.5987
1997-11-14,1.6013
1997-11-17,1.5939
1997-11-18,1.5924
1997-11-19,1.6077
1997-11-20,1.6111
1997-11-21,1.5987
1997-11-24,1.6044
1997-11-25,1.6155
1997-11-26,1.6176
1997-11-28,1.6223
1997-12-01,1.6415
1997-12-02,1.6483
1997-12-03,1.6529
1997-12-04,1.6592
1997-12-05,1.6667
1997-12-08,1.6706
1997-12-09,1.675
1997-12-10,1.6667
1997-12-11,1.6793
1997-12-12,1.6779
1997-12-15,1.692
1997-12-16,1.7271
1997-12-17,1.7036
1997-12-18,1.7114
1997-12-19,1.7212
1997-12-22,1.7277
1997-12-23,1.7138
1997-12-24,1.71
1997-12-26,1.7123
1997-12-29,1.7138
1997-12-30,1.7173
1997-12-31,1.7232
1998-01-02,1.7331
1998-01-05,1.7575
1998-01-06,1.7683
1998-01-07,1.7569
1998-01-08,1.7643
1998-01-09,1.7467
1998-01-12,1.7528
1998-01-13,1.7452
1998-01-14,1.7331
1998-01-15,1.728
1998-01-16,1.6998
1998-01-20,1.7094
1998-01-21,1.7197
1998-01-22,1.7176
1998-01-23,1.7212
1998-01-26,1.7065
1998-01-27,1.6855
1998-01-28,1.6835
1998-01-29,1.7007
1998-01-30,1.705
1998-02-02,1.6906
1998-02-03,1.7056
1998-02-04,1.7021
1998-02-05,1.7056
1998-02-06,1.7173
1998-02-09,1.7132
1998-02-10,1.692
1998-02-11,1.7036
1998-02-12,1.7117
1998-02-13,1.717
1998-02-17,1.7256
1998-02-18,1.7262
1998-02-19,1.7088
1998-02-20,1.7283
1998-02-23,1.7361
1998-02-24,1.7355
1998-02-25,1.7358
1998-02-26,1.7325
1998-02-27,1.7123
1998-03-02,1.7021
1998-03-03,1.7036
1998-03-04,1.7153
1998-03-05,1.7271
1998-03-06,1.7301
1998-03-09,1.7253
1998-03-10,1.7147
1998-03-11,1.7286
1998-03-12,1.7221
1998-03-13,1.7059
1998-03-16,1.7167
1998-03-17,1.7173
1998-03-18,1.7668
1998-03-19,1.7753
1998-03-20,1.7762
1998-03-23,1.7825
1998-03-24,1.7787
1998-03-25,1.7775
1998-03-26,1.774
1998-03-27,1.7794
1998-03-30,1.8064
1998-03-31,1.8103
1998-04-01,1.8215
1998-04-02,1.8205
1998-04-03,1.8142
1998-04-06,1.8175
1998-04-07,1.8232
1998-04-08,1.8248
1998-04-09,1.81
1998-04-10,1.8064
1998-04-13,1.8116
1998-04-14,1.8215
1998-04-15,1.8123
1998-04-16,1.8073
1998-04-17,1.7921
1998-04-20,1.8034
1998-04-21,1.7867
1998-04-22,1.7879
1998-04-23,1.7809
1998-04-24,1.7873
1998-04-27,1.8054
1998-04-28,1.8139
1998-04-29,1.8083
1998-04-30,1.8002
1998-05-01,1.8012
1998-05-04,1.8067
1998-05-05,1.8132
1998-05-06,1.8349
1998-05-07,1.8392
1998-05-08,1.8355
1998-05-11,1.8484
1998-05-12,1.8639
1998-05-13,1.8709
1998-05-14,1.8762
1998-05-15,1.8685
1998-05-18,1.8783
1998-05-19,1.8825
1998-05-20,1.8786
1998-05-21,1.8692
1998-05-22,1.8674
1998-05-26,1.8744
1998-05-27,1.8762
1998-05-28,1.8779
1998-05-29,1.8664
1998-06-01,1.8939
1998-06-02,1.9102
1998-06-03,1.9066
1998-06-04,1.9066
1998-06-05,1.9493
1998-06-08,1.9646
1998-06-09,1.9685
1998-06-10,2.0161
1998-06-11,2.0109
1998-06-12,1.9948
1998-06-15,2.0161
1998-06-16,2.0149
1998-06-17,1.9331
1998-06-18,1.9324
1998-06-19,1.8875
1998-06-22,1.932
1998-06-23,1.9666
1998-06-24,1.9357
1998-06-25,1.9459
1998-06-26,1.9763
1998-06-29,1.9751
1998-06-30,1.9231
1998-07-01,1.9324
1998-07-02,1.9512
1998-07-03,1.9249
1998-07-06,1.938
1998-07-07,1.9212
1998-07-08,1.9357
1998-07-09,1.9501
1998-07-10,1.9455
1998-07-13,1.9331
1998-07-14,1.9029
1998-07-15,1.9139
1998-07-16,1.8986
1998-07-17,1.8975
1998-07-20,1.8975
1998-07-21,1.9044
1998-07-22,1.9209
1998-07-23,1.9342
1998-07-24,1.9249
1998-07-27,1.9569
1998-07-28,1.9463
1998-07-29,1.9474
1998-07-30,1.9331
1998-07-31,1.955
1998-08-03,1.9627
1998-08-04,1.9474
1998-08-05,1.9361
1998-08-06,1.9474
1998-08-07,1.9646
1998-08-10,1.9728
1998-08-11,1.9948
1998-08-12,1.9893
1998-08-13,1.9849
1998-08-14,1.9849
1998-08-17,1.9849
1998-08-18,1.9893
1998-08-19,1.9849
1998-08-20,2.006
1998-08-21,2.0305
1998-08-24,2.0367
1998-08-25,2.0358
1998-08-26,2.0471
1998-08-27,2.067
1998-08-28,2.0292
1998-08-31,2.0202
1998-09-01,1.9712
1998-09-02,1.9861
1998-09-03,1.998
1998-09-04,1.9755
1998-09-08,1.9619
1998-09-09,1.9704
1998-09-10,1.9399
1998-09-11,1.9194
1998-09-14,1.947
1998-09-15,1.9455
1998-09-16,1.9704
1998-09-17,1.9635
1998-09-18,1.9841
1998-09-21,1.998
1998-09-22,2.0161
1998-09-23,2.0387
1998-09-24,2.0247
1998-09-25,2.0129
1998-09-28,2.0263
1998-09-29,1.99
1998-09-30,2.0
1998-10-01,1.9881
1998-10-02,2.0052
1998-10-05,2.0129
1998-10-06,2.0284
1998-10-07,1.9558
1998-10-08,1.9249
1998-10-09,1.9212
1998-10-13,1.8484
1998-10-14,1.8536
1998-10-15,1.8825
1998-10-16,1.8667
1998-10-19,1.8692
1998-10-20,1.9001
1998-10-21,1.9011
1998-10-22,1.9029
1998-10-23,1.9037
1998-10-26,1.9139
1998-10-27,1.9223
1998-10-28,1.9157
1998-10-29,1.9019
1998-10-30,1.8886
1998-11-02,1.885
1998-11-03,1.8857
1998-11-04,1.8758
1998-11-05,1.8536
1998-11-06,1.857
1998-11-09,1.8657
1998-11-10,1.8939
1998-11-12,1.8886
1998-11-13,1.8594
1998-11-16,1.857
1998-11-17,1.8709
1998-11-18,1.8553
1998-11-19,1.8477
1998-11-20,1.8622
1998-11-23,1.8779
1998-11-24,1.8734
1998-11-25,1.8815
1998-11-27,1.8921
1998-11-30,1.8975
1998-12-01,1.9066
1998-12-02,1.8957
1998-12-03,1.9113
1998-12-04,1.9183
1998-12-07,1.9179
1998-12-08,1.9286
1998-12-09,1.9399
1998-12-10,1.9179
1998-12-11,1.9139
1998-12-14,1.9194
1998-12-15,1.915
1998-12-16,1.9157
1998-12-17,1.9055
1998-12-18,1.9175
1998-12-21,1.9231
1998-12-22,1.9294
1998-12-23,1.9095
1998-12-24,1.9102
1998-12-28,1.9231
1998-12-29,1.9073
1998-12-30,1.9004
1998-12-31,1.8975
1999-01-04,1.8727
1999-01-05,1.8622
1999-01-06,1.857
1999-01-07,1.8501
1999-01-08,1.8519
1999-01-11,1.8288
1999-01-12,1.8268
1999-01-13,1.8484
1999-01-14,1.8553
1999-01-15,1.8501
1999-01-19,1.8646
1999-01-20,1.8519
1999-01-21,1.846
1999-01-22,1.8639
1999-01-25,1.8723
1999-01-26,1.8667
1999-01-27,1.8657
1999-01-28,1.872
1999-01-29,1.8563
1999-02-01,1.8416
1999-02-02,1.8349
1999-02-03,1.8182
1999-02-04,1.8067
1999-02-05,1.8155
1999-02-08,1.7867
1999-02-09,1.8031
1999-02-10,1.8149
1999-02-11,1.8146
1999-02-12,1.8205
1999-02-16,1.858
1999-02-17,1.8612
1999-02-18,1.856
1999-02-19,1.8477
1999-02-22,1.845
1999-02-23,1.8612
1999-02-24,1.8832
1999-02-25,1.8983
1999-02-26,1.9048
1999-03-01,1.9095
1999-03-02,1.8936
1999-03-03,1.8914
1999-03-04,1.8947
1999-03-05,1.8815
1999-03-08,1.8779
1999-03-09,1.8706
1999-03-10,1.8685
1999-03-11,1.8727
1999-03-12,1.8727
1999-03-15,1.8779
1999-03-16,1.89
1999-03-17,1.8975
1999-03-18,1.8797
1999-03-19,1.8843
1999-03-22,1.8748
1999-03-23,1.8639
1999-03-24,1.8505
1999-03-25,1.8612
1999-03-26,1.8657
1999-03-29,1.8741
1999-03-30,1.8839
1999-03-31,1.8727
1999-04-01,1.8709
1999-04-02,1.8744
1999-04-05,1.8779
1999-04-06,1.8868
1999-04-07,1.8829
1999-04-08,1.8868
1999-04-09,1.8681
1999-04-12,1.8433
1999-04-13,1.8491
1999-04-14,1.845
1999-04-15,1.8525
1999-04-16,1.8332
1999-04-19,1.8238
1999-04-20,1.8232
1999-04-21,1.8285
1999-04-22,1.8265
1999-04-23,1.8248
1999-04-26,1.8268
1999-04-27,1.8215
1999-04-28,1.8142
1999-04-29,1.8002
1999-04-30,1.7841
1999-05-03,1.7825
1999-05-04,1.7899
1999-05-05,1.7937
1999-05-06,1.7746
1999-05-07,1.786
1999-05-10,1.7857
1999-05-11,1.779
1999-05-12,1.7857
1999-05-13,1.7873
1999-05-14,1.7928
1999-05-17,1.7883
1999-05-18,1.78
1999-05-19,1.8119
1999-05-20,1.8248
1999-05-21,1.8352
1999-05-24,1.8298
1999-05-25,1.8399
1999-05-26,1.8744
1999-05-27,1.8713
1999-05-28,1.8674
1999-06-01,1.8896
1999-06-02,1.9026
1999-06-03,1.9055
1999-06-04,1.8797
1999-06-07,1.8804
1999-06-08,1.885
1999-06-09,1.8769
1999-06-10,1.8674
1999-06-11,1.8505
1999-06-14,1.857
1999-06-15,1.8744
1999-06-16,1.8727
1999-06-17,1.8699
1999-06-18,1.8825
1999-06-21,1.8857
1999-06-22,1.8832
1999-06-23,1.8734
1999-06-24,1.8646
1999-06-25,1.8695
1999-06-28,1.8762
1999-06-29,1.8836
1999-06-30,1.8886
1999-07-01,1.8779
1999-07-02,1.8744
1999-07-06,1.8886
1999-07-07,1.9029
1999-07-08,1.9073
1999-07-09,1.8993
1999-07-12,1.9066
1999-07-13,1.9139
1999-07-14,1.9139
1999-07-15,1.9037
1999-07-16,1.9099
1999-07-19,1.922
1999-07-20,1.9175
1999-07-21,1.8954
1999-07-22,1.8983
1999-07-23,1.885
1999-07-26,1.8993
1999-07-27,1.9109
1999-07-28,1.9102
1999-07-29,1.8947
1999-07-30,1.8839
1999-08-02,1.8975
1999-08-03,1.8758
1999-08-04,1.8657
1999-08-05,1.8815
1999-08-06,1.8904
1999-08-09,1.9231
1999-08-10,1.8965
1999-08-11,1.8932
1999-08-12,1.8875
1999-08-13,1.8861
1999-08-16,1.9004
1999-08-17,1.9066
1999-08-18,1.8769
1999-08-19,1.8804
1999-08-20,1.873
1999-08-23,1.8832
1999-08-24,1.8975
1999-08-25,1.9387
1999-08-26,1.9531
1999-08-27,1.9493
1999-08-30,1.9501
1999-08-31,1.935
1999-09-01,1.9455
1999-09-02,1.9286
1999-09-03,1.9283
1999-09-07,1.8975
1999-09-08,1.895
1999-09-09,1.8815
1999-09-10,1.8762
1999-09-13,1.8674
1999-09-14,1.8886
1999-09-15,1.9088
1999-09-16,1.908
1999-09-17,1.8968
1999-09-20,1.9175
1999-09-21,1.904
1999-09-22,1.9066
1999-09-23,1.9212
1999-09-24,1.9305
1999-09-27,1.9399
1999-09-28,1.9493
1999-09-29,1.9316
1999-09-30,1.9342
1999-10-01,1.9354
1999-10-04,1.915
1999-10-05,1.9102
1999-10-06,1.9183
1999-10-07,1.9279
1999-10-08,1.9448
1999-10-12,1.9354
1999-10-13,1.9547
1999-10-14,1.9577
1999-10-15,1.9558
1999-10-18,1.9685
1999-10-19,1.9569
1999-10-20,1.9482
1999-10-21,1.9429
1999-10-22,1.9395
1999-10-25,1.9417
1999-10-26,1.947
1999-10-27,1.9704
1999-10-28,1.9585
1999-10-29,1.9732
1999-11-01,1.9685
1999-11-02,1.9627
1999-11-03,1.9531
1999-11-04,1.9436
1999-11-05,1.9512
1999-11-08,1.9608
1999-11-09,1.9646
1999-11-10,1.9562
1999-11-12,1.9395
1999-11-15,1.9186
1999-11-16,1.9298
1999-11-17,1.9448
1999-11-18,1.9493
1999-11-19,1.9639
1999-11-22,1.9592
1999-11-23,1.9569
1999-11-24,1.96
1999-11-26,1.9569
1999-11-29,1.9531
1999-11-30,1.9596
1999-12-01,1.9604
1999-12-02,1.9693
1999-12-03,1.9814
1999-12-06,1.9747
1999-12-07,1.9732
1999-12-08,1.9662
1999-12-09,1.972
1999-12-10,2.0263
1999-12-13,2.0375
1999-12-14,2.021
1999-12-15,2.03
1999-12-16,1.9685
1999-12-17,1.9724
1999-12-20,1.981
1999-12-21,1.9467
1999-12-22,1.9501
1999-12-23,1.938
1999-12-24,1.9455
1999-12-27,1.9324
1999-12-28,1.9339
1999-12-29,1.9198
1999-12-30,1.9168
1999-12-31,1.9106
2000-01-03,1.9033
2000-01-04,1.9238
2000-01-05,1.9339
2000-01-06,1.9436
2000-01-07,1.938
2000-01-10,1.935
2000-01-11,1.9365
2000-01-12,1.9286
2000-01-13,1.9084
2000-01-14,1.9186
2000-01-18,1.9342
2000-01-19,1.9399
2000-01-20,1.9486
2000-01-21,1.9592
2000-01-24,1.9759
2000-01-25,1.9732
2000-01-26,1.9763
2000-01-27,1.9716
2000-01-28,2.0534
2000-01-31,2.019
2000-02-01,2.0392
2000-02-02,2.0416
2000-02-03,2.0133
2000-02-04,2.0284
2000-02-07,2.0259
2000-02-08,2.0243
2000-02-09,2.0325
2000-02-10,2.0263
2000-02-11,2.0346
2000-02-14,2.0542
2000-02-15,2.0534
2000-02-16,2.0412
2000-02-17,2.0255
2000-02-18,2.0371
2000-02-22,2.0338
2000-02-23,2.0597
2000-02-24,2.0547
2000-02-25,2.0483
2000-02-28,2.0636
2000-02-29,2.0555
2000-03-01,2.0606
2000-03-02,2.05
2000-03-03,2.05
2000-03-06,2.079
2000-03-07,2.0678
2000-03-08,2.0513
2000-03-09,2.0338
2000-03-10,2.0202
2000-03-13,2.0272
2000-03-14,2.0392
2000-03-15,2.0471
2000-03-16,2.05
2000-03-17,2.064
2000-03-20,2.0683
2000-03-21,2.0396
2000-03-22,2.0509
2000-03-23,2.0513
2000-03-24,2.0479
2000-03-27,2.0276
2000-03-28,1.99
2000-03-29,1.994
2000-03-30,2.004
2000-03-31,2.0161
2000-04-03,2.0008
2000-04-04,1.9972
2000-04-05,1.9869
2000-04-06,1.996
2000-04-07,1.9988
2000-04-10,2.006
2000-04-11,2.0064
2000-04-12,2.0101
2000-04-13,2.0088
2000-04-14,2.0096
2000-04-17,2.0222
2000-04-18,2.019
2000-04-19,2.006
2000-04-20,2.0202
2000-04-21,2.0263
2000-04-24,2.0218
2000-04-25,2.0182
2000-04-26,2.0555
2000-04-27,2.0585
2000-04-28,2.0597
2000-05-01,2.0683
2000-05-02,2.058
2000-05-03,2.045
2000-05-04,2.0375
2000-05-05,2.0437
2000-05-08,2.0631
2000-05-09,2.0877
2000-05-10,2.0942
2000-05-11,2.0934
2000-05-12,2.0855
2000-05-15,2.1093
2000-05-16,2.1142
2000-05-17,2.1692
2000-05-18,2.209
2000-05-19,2.1906
2000-05-22,2.1772
2000-05-23,2.1801
2000-05-24,2.2026
2000-05-25,2.1901
2000-05-26,2.181
2000-05-30,2.1734
2000-05-31,2.1872
2000-06-01,2.1925
2000-06-02,2.1441
2000-06-05,2.139
2000-06-06,2.1106
2000-06-07,2.1186
2000-06-08,2.1345
2000-06-09,2.1368
2000-06-12,2.1245
2000-06-13,2.1186
2000-06-14,2.1022
2000-06-15,2.1322
2000-06-16,2.0899
2000-06-19,2.1142
2000-06-20,2.1048
2000-06-21,2.1044
2000-06-22,2.1151
2000-06-23,2.1209
2000-06-26,2.1299
2000-06-27,2.1186
2000-06-28,2.1505
2000-06-29,2.1313
2000-06-30,2.1322
2000-07-03,2.139
2000-07-05,2.1701
2000-07-06,2.1716
2000-07-07,2.1716
2000-07-10,2.1687
2000-07-11,2.1753
2000-07-12,2.1763
2000-07-13,2.1753
2000-07-14,2.1683
2000-07-17,2.1839
2000-07-18,2.1853
2000-07-19,2.2026
2000-07-20,2.1697
2000-07-21,2.1598
2000-07-24,2.1753
2000-07-25,2.1753
2000-07-26,2.1706
2000-07-27,2.1815
2000-07-28,2.1867
2000-07-31,2.2026
2000-08-01,2.1997
2000-08-02,2.2017
2000-08-03,2.1988
2000-08-04,2.2002
2000-08-07,2.2017
2000-08-08,2.2036
2000-08-09,2.2168
2000-08-10,2.2134
2000-08-11,2.2292
2000-08-14,2.2188
2000-08-15,2.2306
2000-08-16,2.2173
2000-08-17,2.2075
2000-08-18,2.2232
2000-08-21,2.2222
2000-08-22,2.2548
2000-08-23,2.3348
2000-08-24,2.3052
2000-08-25,2.2952
2000-08-28,2.3041
2000-08-29,2.3283
2000-08-30,2.3436
2000-08-31,2.343
2000-09-01,2.3348
2000-09-05,2.3463
2000-09-06,2.3529
2000-09-07,2.3969
2000-09-08,2.3889
2000-09-11,2.331
2000-09-12,2.3463
2000-09-13,2.3697
2000-09-14,2.3635
2000-09-15,2.3923
2000-09-18,2.4319
2000-09-19,2.4213
2000-09-20,2.471
2000-09-21,2.4631
2000-09-22,2.4301
2000-09-25,2.4325
2000-09-26,2.4143
2000-09-27,2.4114
2000-09-28,2.4155
2000-09-29,2.454
2000-10-02,2.4783
2000-10-03,2.471
2000-10-04,2.4814
2000-10-05,2.4938
2000-10-06,2.4876
2000-10-10,2.4802
2000-10-11,2.4624
2000-10-12,2.5138
2000-10-13,2.5113
2000-10-16,2.5316
2000-10-17,2.54
2000-10-18,2.551
2000-10-19,2.5349
2000-10-20,2.495
2000-10-23,2.4907
2000-10-24,2.4832
2000-10-25,2.5013
2000-10-26,2.5
2000-10-27,2.4845
2000-10-30,2.4783
2000-10-31,2.524
2000-11-01,2.5284
2000-11-02,2.5368
2000-11-03,2.5253
2000-11-06,2.5044
2000-11-07,2.5094
2000-11-08,2.5157
2000-11-09,2.5031
2000-11-10,2.5189
2000-11-13,2.5265
2000-11-14,2.5265
2000-11-15,2.5094
2000-11-16,2.5189
2000-11-17,2.4969
2000-11-20,2.5176
2000-11-21,2.5432
2000-11-22,2.5044
2000-11-24,2.5044
2000-11-27,2.4631
2000-11-28,2.4649
2000-11-29,2.474
2000-11-30,2.4438
2000-12-01,2.4096
2000-12-04,2.3719
2000-12-05,2.3759
2000-12-06,2.3529
2000-12-07,2.3408
2000-12-08,2.3397
2000-12-11,2.3657
2000-12-12,2.373
2000-12-13,2.3781
2000-12-14,2.3747
2000-12-15,2.337
2000-12-18,2.3202
2000-12-19,2.3299
2000-12-20,2.2957
2000-12-21,2.281
2000-12-22,2.2701
2000-12-26,2.2624
2000-12-27,2.2548
2000-12-28,2.2738
2000-12-29,2.2609
2001-01-02,2.2563
2001-01-03,2.2406
2001-01-04,2.2437
2001-01-05,2.2134
2001-01-08,2.2198
2001-01-09,2.2346
2001-01-10,2.2487
2001-01-11,2.2247
2001-01-12,2.2462
2001-01-16,2.2472
2001-01-17,2.2523
2001-01-18,2.2361
2001-01-19,2.2311
2001-01-22,2.2386
2001-01-23,2.2442
2001-01-24,2.2769
2001-01-25,2.3015
2001-01-26,2.2967
2001-01-29,2.3041
2001-01-30,2.2676
2001-01-31,2.2599
2001-02-01,2.2336
2001-02-02,2.2472
2001-02-05,2.2614
2001-02-06,2.2568
2001-02-07,2.2543
2001-02-08,2.3036
2001-02-09,2.2805
2001-02-12,2.2915
2001-02-13,2.3041
2001-02-14,2.3326
2001-02-15,2.3529
2001-02-16,2.324
2001-02-20,2.3375
2001-02-21,2.3283
2001-02-22,2.3245
2001-02-23,2.3229
2001-02-26,2.3414
2001-02-27,2.3159
2001-02-28,2.324
2001-03-01,2.3095
2001-03-02,2.2857
2001-03-05,2.3111
2001-03-06,2.3213
2001-03-07,2.3641
2001-03-08,2.3753
2001-03-09,2.3838
2001-03-12,2.3787
2001-03-13,2.4056
2001-03-14,2.4027
2001-03-15,2.4278
2001-03-16,2.4184
2001-03-19,2.3923
2001-03-20,2.3912
2001-03-21,2.4125
2001-03-22,2.4172
2001-03-23,2.3998
2001-03-26,2.4125
2001-03-27,2.4331
2001-03-28,2.4432
2001-03-29,2.46
2001-03-30,2.4795
2001-04-02,2.5044
2001-04-03,2.4814
2001-04-04,2.4722
2001-04-05,2.4765
2001-04-06,2.4716
2001-04-09,2.4734
2001-04-10,2.4814
2001-04-11,2.4783
2001-04-12,2.4552
2001-04-13,2.451
2001-04-16,2.445
2001-04-17,2.4673
2001-04-18,2.4722
2001-04-19,2.4643
2001-04-20,2.405
2001-04-23,2.4361
2001-04-24,2.451
2001-04-25,2.442
2001-04-26,2.4361
2001-04-27,2.4242
2001-04-30,2.4225
2001-05-01,2.3821
2001-05-02,2.3613
2001-05-03,2.3669
2001-05-04,2.3719
2001-05-07,2.3753
2001-05-08,2.3753
2001-05-09,2.3557
2001-05-10,2.3458
2001-05-11,2.3714
2001-05-14,2.3895
2001-05-15,2.3883
2001-05-16,2.3685
2001-05-17,2.3474
2001-05-18,2.3474
2001-05-21,2.3419
2001-05-22,2.3579
2001-05-23,2.3781
2001-05-24,2.3669
2001-05-25,2.3574
2001-05-29,2.3669
2001-05-30,2.3981
2001-05-31,2.4492
2001-06-01,2.4378
2001-06-04,2.448
2001-06-05,2.4372
2001-06-06,2.4319
2001-06-07,2.3929
2001-06-08,2.3912
2001-06-11,2.3946
2001-06-12,2.3895
2001-06-13,2.3691
2001-06-14,2.4108
2001-06-15,2.3941
2001-06-18,2.4091
2001-06-19,2.4172
2001-06-20,2.4213
2001-06-21,2.4207
2001-06-22,2.4231
2001-06-25,2.4172
2001-06-26,2.405
2001-06-27,2.3981
2001-06-28,2.4372
2001-06-29,2.471
2001-07-02,2.471
2001-07-03,2.457
2001-07-05,2.471
2001-07-06,2.4777
2001-07-09,2.4697
2001-07-10,2.4631
2001-07-11,2.4649
2001-07-12,2.4704
2001-07-13,2.46
2001-07-16,2.457
2001-07-17,2.4661
2001-07-18,2.4361
2001-07-19,2.4213
2001-07-20,2.445
2001-07-23,2.4444
2001-07-24,2.4372
2001-07-25,2.429
2001-07-26,2.4301
2001-07-27,2.4301
2001-07-30,2.4272
2001-07-31,2.4278
2001-08-01,2.4096
2001-08-02,2.3946
2001-08-03,2.3866
2001-08-06,2.3895
2001-08-07,2.3883
2001-08-08,2.3607
2001-08-09,2.3652
2001-08-10,2.3518
2001-08-13,2.3354
2001-08-14,2.3256
2001-08-15,2.3052
2001-08-16,2.2973
2001-08-17,2.2701
2001-08-20,2.2883
2001-08-21,2.2989
2001-08-22,2.2533
2001-08-23,2.2665
2001-08-24,2.2763
2001-08-27,2.2831
2001-08-28,2.2763
2001-08-29,2.2701
2001-08-30,2.2624
2001-08-31,2.2857
2001-09-04,2.3175
2001-09-05,2.3143
2001-09-06,2.2962
2001-09-07,2.2994
2001-09-10,2.3191
2001-09-12,2.3414
2001-09-13,2.3652
2001-09-14,2.3563
2001-09-17,2.4254
2001-09-18,2.4343
2001-09-19,2.4343
2001-09-20,2.4319
2001-09-21,2.4752
2001-09-24,2.4802
2001-09-25,2.4474
2001-09-26,2.4722
2001-09-27,2.5025
2001-09-28,2.4588
2001-10-01,2.4582
2001-10-02,2.4661
2001-10-03,2.4432
2001-10-04,2.4486
2001-10-05,2.4184
2001-10-09,2.4237
2001-10-10,2.4184
2001-10-11,2.4213
2001-10-12,2.4166
2001-10-15,2.3793
2001-10-16,2.3883
2001-10-17,2.3781
2001-10-18,2.3987
2001-10-19,2.4038
2001-10-22,2.4125
2001-10-23,2.3883
2001-10-24,2.3964
2001-10-25,2.4155
2001-10-26,2.4254
2001-10-29,2.4155
2001-10-30,2.4125
2001-10-31,2.4242
2001-11-01,2.4143
2001-11-02,2.4102
2001-11-05,2.4096
2001-11-06,2.3804
2001-11-07,2.381
2001-11-08,2.3866
2001-11-09,2.3832
2001-11-13,2.3663
2001-11-14,2.3787
2001-11-15,2.3975
2001-11-16,2.4155
2001-11-19,2.4108
2001-11-20,2.4114
2001-11-21,2.4372
2001-11-23,2.4384
2001-11-26,2.4237
2001-11-27,2.4184
2001-11-28,2.4184
2001-11-29,2.4237
2001-11-30,2.4021
2001-12-03,2.4073
2001-12-04,2.4272
2001-12-05,2.4125
2001-12-06,2.4021
2001-12-07,2.412
2001-12-10,2.4108
2001-12-11,2.3981
2001-12-12,2.381
2001-12-13,2.3866
2001-12-14,2.3952
2001-12-17,2.3969
2001-12-18,2.3952
2001-12-19,2.4085
2001-12-20,2.4301
2001-12-21,2.4108
2001-12-24,2.4067
2001-12-26,2.4056
2001-12-27,2.4137
2001-12-28,2.412
2001-12-31,2.4033
2002-01-02,2.3646
2002-01-03,2.3513
2002-01-04,2.3299
2002-01-07,2.3386
2002-01-08,2.3164
2002-01-09,2.3337
2002-01-10,2.3452
2002-01-11,2.3596
2002-01-14,2.3641
2002-01-15,2.3585
2002-01-16,2.3787
2002-01-17,2.3753
2002-01-18,2.3613
2002-01-22,2.3261
2002-01-23,2.3321
2002-01-24,2.3392
2002-01-25,2.3613
2002-01-28,2.3697
2002-01-29,2.3652
2002-01-30,2.4062
2002-01-31,2.3998
2002-02-01,2.3964
2002-02-04,2.3981
2002-02-05,2.4015
2002-02-06,2.3906
2002-02-07,2.4102
2002-02-08,2.3929
2002-02-11,2.3804
2002-02-12,2.3912
2002-02-13,2.3929
2002-02-14,2.3781
2002-02-15,2.368
2002-02-19,2.3759
2002-02-20,2.3787
2002-02-21,2.3889
2002-02-22,2.3889
2002-02-25,2.3935
2002-02-26,2.3895
2002-02-27,2.3861
2002-02-28,2.3736
2002-03-01,2.3669
2002-03-04,2.3463
2002-03-05,2.3474
2002-03-06,2.3337
2002-03-07,2.325
2002-03-08,2.3229
2002-03-11,2.3364
2002-03-12,2.3294
2002-03-13,2.3283
2002-03-14,2.3256
2002-03-15,2.2899
2002-03-18,2.2962
2002-03-19,2.3068
2002-03-20,2.266
2002-03-21,2.2686
2002-03-22,2.2743
2002-03-25,2.2795
2002-03-26,2.291
2002-03-27,2.2962
2002-03-28,2.2696
2002-03-29,2.2701
2002-04-01,2.2589
2002-04-02,2.2624
2002-04-03,2.2758
2002-04-04,2.2743
2002-04-05,2.2847
2002-04-08,2.3116
2002-04-09,2.3015
2002-04-10,2.2883
2002-04-11,2.2594
2002-04-12,2.2614
2002-04-15,2.2712
2002-04-16,2.2743
2002-04-17,2.2523
2002-04-18,2.2452
2002-04-19,2.2386
2002-04-22,2.2406
2002-04-23,2.2386
2002-04-24,2.2321
2002-04-25,2.2193
2002-04-26,2.2237
2002-04-29,2.2371
2002-04-30,2.2361
2002-05-01,2.2331
2002-05-02,2.2447
2002-05-03,2.2346
2002-05-06,2.2346
2002-05-07,2.2272
2002-05-08,2.2326
2002-05-09,2.2163
2002-05-10,2.2099
2002-05-13,2.1973
2002-05-14,2.1959
2002-05-15,2.1858
2002-05-16,2.1683
2002-05-17,2.1575
2002-05-20,2.1482
2002-05-21,2.1413
2002-05-22,2.1209
2002-05-23,2.1004
2002-05-24,2.1245
2002-05-28,2.1
2002-05-29,2.1008
2002-05-30,2.0947
2002-05-31,2.0877
2002-06-03,2.0576
2002-06-04,2.0404
2002-06-05,2.0555
2002-06-06,2.0421
2002-06-07,2.0483
2002-06-10,2.0517
2002-06-11,2.0542
2002-06-12,2.0296
2002-06-13,2.0383
2002-06-14,2.0648
2002-06-17,2.0687
2002-06-18,2.0568
2002-06-19,2.0521
2002-06-20,2.0375
2002-06-21,2.0153
2002-06-24,2.0202
2002-06-25,2.0408
2002-06-26,2.0653
2002-06-27,2.0421
2002-06-28,2.0576
2002-07-01,2.0576
2002-07-02,2.05
2002-07-03,2.0429
2002-07-05,2.0585
2002-07-08,2.0387
2002-07-09,2.0296
2002-07-10,2.0396
2002-07-11,2.0597
2002-07-12,2.0653
2002-07-15,2.0619
2002-07-16,2.0576
2002-07-17,2.073
2002-07-18,2.0738
2002-07-19,2.0534
2002-07-22,2.067
2002-07-23,2.0956
2002-07-24,2.1413
2002-07-25,2.1404
2002-07-26,2.1598
2002-07-29,2.1345
2002-07-30,2.1272
2002-07-31,2.1345
2002-08-01,2.1542
2002-08-02,2.1552
2002-08-05,2.1867
2002-08-06,2.2198
2002-08-07,2.1997
2002-08-08,2.1978
2002-08-09,2.1844
2002-08-12,2.1603
2002-08-13,2.1683
2002-08-14,2.1636
2002-08-15,2.1422
2002-08-16,2.1427
2002-08-19,2.1445
2002-08-20,2.1322
2002-08-21,2.151
2002-08-22,2.1556
2002-08-23,2.145
2002-08-26,2.14
2002-08-27,2.1195
2002-08-28,2.1322
2002-08-29,2.1358
2002-08-30,2.1372
2002-09-03,2.1436
2002-09-04,2.1482
2002-09-05,2.1441
2002-09-06,2.1268
2002-09-09,2.1313
2002-09-10,2.1277
2002-09-11,2.1263
2002-09-12,2.1097
2002-09-13,2.1097
2002-09-16,2.1231
2002-09-17,2.1299
2002-09-18,2.1259
2002-09-19,2.1061
2002-09-20,2.1245
2002-09-23,2.129
2002-09-24,2.124
2002-09-25,2.1268
2002-09-26,2.1263
2002-09-27,2.1249
2002-09-30,2.1286
2002-10-01,2.1231
2002-10-02,2.1084
2002-10-03,2.0934
2002-10-04,2.0903
2002-10-07,2.0644
2002-10-08,2.0747
2002-10-09,2.0794
2002-10-10,2.0855
2002-10-11,2.0803
2002-10-15,2.0855
2002-10-16,2.0799
2002-10-17,2.0781
2002-10-18,2.0786
2002-10-21,2.0674
2002-10-22,2.0631
2002-10-23,2.0657
2002-10-24,2.0589
2002-10-25,2.0542
2002-10-28,2.0437
2002-10-29,2.0606
2002-10-30,2.0725
2002-10-31,2.0593
2002-11-01,2.0325
2002-11-04,2.0137
2002-11-05,2.0153
2002-11-06,2.0198
2002-11-07,2.0028
2002-11-08,2.008
2002-11-12,2.0222
2002-11-13,2.0178
2002-11-14,2.002
2002-11-15,2.0008
2002-11-18,2.0101
2002-11-19,2.0153
2002-11-20,2.0105
2002-11-21,1.9881
2002-11-22,1.99
2002-11-25,2.0028
2002-11-26,2.0202
2002-11-27,2.0305
2002-11-29,2.008
2002-12-02,2.0101
2002-12-03,2.0056
2002-12-04,1.9972
2002-12-05,1.9928
2002-12-06,1.994
2002-12-09,1.9857
2002-12-10,1.9869
2002-12-11,1.9912
2002-12-12,1.9627
2002-12-13,1.947
2002-12-16,1.9474
2002-12-17,1.9327
2002-12-18,1.9444
2002-12-19,1.9361
2002-12-20,1.9417
2002-12-23,1.941
2002-12-24,1.9354
2002-12-26,1.9327
2002-12-27,1.9298
2002-12-30,1.9029
2002-12-31,1.9088
2003-01-02,1.915
2003-01-03,1.9062
2003-01-06,1.8758
2003-01-07,1.8825
2003-01-08,1.8864
2003-01-09,1.8847
2003-01-10,1.866
2003-01-13,1.858
2003-01-14,1.858
2003-01-15,1.8587
2003-01-16,1.8413
2003-01-17,1.8146
2003-01-21,1.8392
2003-01-22,1.8392
2003-01-23,1.8258
2003-01-24,1.8175
2003-01-27,1.8208
2003-01-28,1.8275
2003-01-29,1.8208
2003-01-30,1.8352
2003-01-31,1.8382
2003-02-03,1.8386
2003-02-04,1.8232
2003-02-05,1.8225
2003-02-06,1.8235
2003-02-07,1.8258
2003-02-10,1.8222
2003-02-11,1.8218
2003-02-12,1.8208
2003-02-13,1.806
2003-02-14,1.8126
2003-02-18,1.8159
2003-02-19,1.81
2003-02-20,1.7931
2003-02-21,1.7915
2003-02-24,1.7687
2003-02-25,1.7677
2003-02-26,1.7693
2003-02-27,1.7794
2003-02-28,1.7921
2003-03-03,1.7825
2003-03-04,1.7819
2003-03-05,1.7705
2003-03-06,1.7683
2003-03-07,1.7819
2003-03-10,1.7813
2003-03-11,1.8073
2003-03-12,1.8169
2003-03-13,1.8292
2003-03-14,1.8146
2003-03-17,1.8228
2003-03-18,1.8248
2003-03-19,1.8165
2003-03-20,1.8067
2003-03-21,1.8242
2003-03-24,1.8136
2003-03-25,1.8142
2003-03-26,1.8288
2003-03-27,1.8198
2003-03-28,1.8192
2003-03-31,1.8057
2003-04-01,1.8034
2003-04-02,1.8192
2003-04-03,1.8238
2003-04-04,1.8464
2003-04-07,1.8605
2003-04-08,1.8355
2003-04-09,1.8328
2003-04-10,1.8302
2003-04-11,1.8349
2003-04-14,1.8292
2003-04-15,1.8136
2003-04-16,1.7937
2003-04-17,1.7957
2003-04-18,1.7969
2003-04-21,1.8002
2003-04-22,1.7819
2003-04-23,1.7937
2003-04-24,1.8008
2003-04-25,1.8067
2003-04-28,1.7973
2003-04-29,1.7963
2003-04-30,1.7857
2003-05-01,1.7806
2003-05-02,1.7771
2003-05-05,1.7652
2003-05-06,1.7528
2003-05-07,1.7683
2003-05-08,1.7425
2003-05-09,1.7349
2003-05-12,1.7235
2003-05-13,1.7391
2003-05-14,1.7376
2003-05-15,1.7464
2003-05-16,1.7316
2003-05-19,1.7079
2003-05-20,1.7065
2003-05-21,1.7138
2003-05-22,1.7156
2003-05-23,1.7167
2003-05-27,1.7141
2003-05-28,1.7409
2003-05-29,1.7367
2003-05-30,1.7364
2003-06-02,1.7235
2003-06-03,1.7271
2003-06-04,1.7232
2003-06-05,1.7212
2003-06-06,1.7325
2003-06-09,1.7397
2003-06-10,1.7425
2003-06-11,1.7301
2003-06-12,1.7271
2003-06-13,1.7232
2003-06-16,1.7182
2003-06-17,1.7091
2003-06-18,1.7123
2003-06-19,1.7167
2003-06-20,1.7109
2003-06-23,1.7082
2003-06-24,1.7106
2003-06-25,1.7004
2003-06-26,1.7167
2003-06-27,1.7167
2003-06-30,1.7047
2003-07-01,1.6815
2003-07-02,1.6784
2003-07-03,1.6784
2003-07-07,1.6689
2003-07-08,1.7059
2003-07-09,1.7077
2003-07-10,1.6958
2003-07-11,1.6844
2003-07-14,1.6941
2003-07-15,1.715
2003-07-16,1.7079
2003-07-17,1.7182
2003-07-18,1.7458
2003-07-21,1.7409
2003-07-22,1.7391
2003-07-23,1.7209
2003-07-24,1.7044
2003-07-25,1.7001
2003-07-28,1.703
2003-07-29,1.6918
2003-07-30,1.7141
2003-07-31,1.7274
2003-08-01,1.7074
2003-08-04,1.7194
2003-08-05,1.7221
2003-08-06,1.7224
2003-08-07,1.7197
2003-08-08,1.7161
2003-08-11,1.701
2003-08-12,1.7024
2003-08-13,1.7007
2003-08-14,1.7056
2003-08-15,1.6955
2003-08-18,1.7059
2003-08-19,1.7091
2003-08-20,1.6978
2003-08-21,1.71
2003-08-22,1.71
2003-08-25,1.7153
2003-08-26,1.7322
2003-08-27,1.7498
2003-08-28,1.7559
2003-08-29,1.7286
2003-09-02,1.763
2003-09-03,1.7562
2003-09-04,1.7572
2003-09-05,1.7413
2003-09-08,1.7295
2003-09-09,1.7126
2003-09-10,1.7194
2003-09-11,1.7153
2003-09-12,1.7144
2003-09-15,1.7059
2003-09-16,1.7123
2003-09-17,1.7203
2003-09-18,1.7141
2003-09-19,1.6952
2003-09-22,1.6742
2003-09-23,1.681
2003-09-24,1.6807
2003-09-25,1.6835
2003-09-26,1.701
2003-09-29,1.692
2003-09-30,1.6807
2003-10-01,1.672
2003-10-02,1.6689
2003-10-03,1.6849
2003-10-06,1.6832
2003-10-07,1.6722
2003-10-08,1.6742
2003-10-09,1.6708
2003-10-10,1.6686
2003-10-14,1.6787
2003-10-15,1.6818
2003-10-16,1.6815
2003-10-17,1.6787
2003-10-20,1.6753
2003-10-21,1.6603
2003-10-22,1.6474
2003-10-23,1.6412
2003-10-24,1.6388
2003-10-27,1.6402
2003-10-28,1.634
2003-10-29,1.6329
2003-10-30,1.6308
2003-10-31,1.6345
2003-11-03,1.642
2003-11-04,1.6361
2003-11-05,1.6181
2003-11-06,1.6297
2003-11-07,1.6231
2003-11-10,1.6088
2003-11-12,1.5962
2003-11-13,1.5881
2003-11-14,1.5881
2003-11-17,1.5982
2003-11-18,1.5775
2003-11-19,1.5662
2003-11-20,1.5564
2003-11-21,1.561
2003-11-24,1.5676
2003-11-25,1.5696
2003-11-26,1.5581
2003-11-28,1.5637
2003-12-01,1.5533
2003-12-02,1.5466
2003-12-03,1.5418
2003-12-04,1.5499
2003-12-05,1.5509
2003-12-08,1.5449
2003-12-09,1.5473
2003-12-10,1.542
2003-12-11,1.5516
2003-12-12,1.5427
2003-12-15,1.5418
2003-12-16,1.537
2003-12-17,1.543
2003-12-18,1.5504
2003-12-19,1.5528
2003-12-22,1.5564
2003-12-23,1.5601
2003-12-24,1.5444
2003-12-26,1.543
2003-12-29,1.5415
2003-12-30,1.5302
2003-12-31,1.5251
2004-01-02,1.5179
2004-01-05,1.4888
2004-01-06,1.4888
2004-01-07,1.4888
2004-01-08,1.4791
2004-01-09,1.4661
2004-01-12,1.4616
2004-01-13,1.4652
2004-01-14,1.4641
2004-01-15,1.4859
2004-01-16,1.5006
2004-01-20,1.4986
2004-01-21,1.4908
2004-01-22,1.4773
2004-01-23,1.4877
2004-01-26,1.4865
2004-01-27,1.4717
2004-01-28,1.4738
2004-01-29,1.4986
2004-01-30,1.4914
2004-02-02,1.4874
2004-02-03,1.4695
2004-02-04,1.4611
2004-02-05,1.4531
2004-02-06,1.4486
2004-02-09,1.4378
2004-02-10,1.43
2004-02-11,1.4298
2004-02-12,1.4292
2004-02-13,1.4284
2004-02-17,1.413
2004-02-18,1.4194
2004-02-19,1.4269
2004-02-20,1.4618
2004-02-23,1.4639
2004-02-24,1.448
2004-02-25,1.4541
2004-02-26,1.4548
2004-02-27,1.4594
2004-03-01,1.451
2004-03-02,1.4686
2004-03-03,1.5072
2004-03-04,1.4934
2004-03-05,1.4832
2004-03-08,1.483
2004-03-09,1.4643
2004-03-10,1.5026
2004-03-11,1.5497
2004-03-12,1.5535
2004-03-15,1.554
2004-03-16,1.5392
2004-03-17,1.5432
2004-03-18,1.5202
2004-03-19,1.5251
2004-03-22,1.5063
2004-03-23,1.5124
2004-03-24,1.5251
2004-03-25,1.5444
2004-03-26,1.5427
2004-03-29,1.5316
2004-03-30,1.5225
2004-03-31,1.5038
2004-04-01,1.4975
2004-04-02,1.5191
2004-04-05,1.5392
2004-04-06,1.5284
2004-04-07,1.5135
2004-04-08,1.5198
2004-04-09,1.5158
2004-04-12,1.5092
2004-04-13,1.5298
2004-04-14,1.5773
2004-04-15,1.5716
2004-04-16,1.5608
2004-04-19,1.5542
2004-04-20,1.5785
2004-04-21,1.6038
2004-04-22,1.6
2004-04-23,1.5995
2004-04-26,1.5883
2004-04-27,1.5868
2004-04-28,1.608
2004-04-29,1.6088
2004-04-30,1.6021
2004-05-03,1.5977
2004-05-04,1.5803
2004-05-05,1.5733
2004-05-06,1.5835
2004-05-07,1.6213
2004-05-10,1.6578
2004-05-11,1.6548
2004-05-12,1.6372
2004-05-13,1.6611
2004-05-14,1.6556
2004-05-17,1.6556
2004-05-18,1.6681
2004-05-19,1.6447
2004-05-20,1.6562
2004-05-21,1.6361
2004-05-24,1.642
2004-05-25,1.6213
2004-05-26,1.6163
2004-05-27,1.5743
2004-05-28,1.5911
2004-06-01,1.5903
2004-06-02,1.6051
2004-06-03,1.6236
2004-06-04,1.6147
2004-06-07,1.5878
2004-06-08,1.5946
2004-06-09,1.6119
2004-06-10,1.576
2004-06-11,1.5898
2004-06-14,1.5987
2004-06-15,1.5785
2004-06-16,1.5888
2004-06-17,1.6021
2004-06-18,1.5944
2004-06-21,1.5936
2004-06-22,1.5954
2004-06-23,1.5977
2004-06-24,1.578
2004-06-25,1.5711
2004-06-28,1.5596
2004-06-29,1.581
2004-06-30,1.5818
2004-07-01,1.5625
2004-07-02,1.5461
2004-07-06,1.538
2004-07-07,1.523
2004-07-08,1.5221
2004-07-09,1.5198
2004-07-12,1.5124
2004-07-13,1.5251
2004-07-14,1.5333
2004-07-15,1.537
2004-07-16,1.5195
2004-07-19,1.5172
2004-07-20,1.5218
2004-07-21,1.5681
2004-07-22,1.5557
2004-07-23,1.5723
2004-07-26,1.5694
2004-07-27,1.5936
2004-07-28,1.5931
2004-07-29,1.578
2004-07-30,1.5723
2004-08-02,1.561
2004-08-03,1.5504
2004-08-04,1.5501
2004-08-05,1.5509
2004-08-06,1.5295
2004-08-09,1.5284
2004-08-10,1.5267
2004-08-11,1.5291
2004-08-12,1.5209
2004-08-13,1.5035
2004-08-16,1.5056
2004-08-17,1.5042
2004-08-18,1.5063
2004-08-19,1.4894
2004-08-20,1.4859
2004-08-23,1.4981
2004-08-24,1.5328
2004-08-25,1.5354
2004-08-26,1.5411
2004-08-27,1.5279
2004-08-30,1.5361
2004-08-31,1.5235
2004-09-01,1.5225
2004-09-02,1.5432
2004-09-03,1.5492
2004-09-07,1.5466
2004-09-08,1.5389
2004-09-09,1.5363
2004-09-10,1.5223
2004-09-13,1.5253
2004-09-14,1.5088
2004-09-15,1.5221
2004-09-16,1.5158
2004-09-17,1.5163
2004-09-20,1.5133
2004-09-21,1.5122
2004-09-22,1.5094
2004-09-23,1.4975
2004-09-24,1.4972
2004-09-27,1.5004
2004-09-28,1.499
2004-09-29,1.4943
2004-09-30,1.4804
2004-10-01,1.4852
2004-10-04,1.4937
2004-10-05,1.4854
2004-10-06,1.4804
2004-10-07,1.4804
2004-10-08,1.4635
2004-10-12,1.4728
2004-10-13,1.483
2004-10-14,1.4663
2004-10-15,1.455
2004-10-18,1.4571
2004-10-19,1.4545
2004-10-20,1.444
2004-10-21,1.4395
2004-10-22,1.4401
2004-10-25,1.4251
2004-10-26,1.4335
2004-10-27,1.4378
2004-10-28,1.4588
2004-10-29,1.4633
2004-11-01,1.4624
2004-11-02,1.4605
2004-11-03,1.4545
2004-11-04,1.4447
2004-11-05,1.4393
2004-11-08,1.4438
2004-11-09,1.4405
2004-11-10,1.4609
2004-11-12,1.4438
2004-11-15,1.4314
2004-11-16,1.4263
2004-11-17,1.4112
2004-11-18,1.4112
2004-11-19,1.4049
2004-11-22,1.4088
2004-11-23,1.4025
2004-11-24,1.4083
2004-11-26,1.391
2004-11-29,1.3957
2004-11-30,1.4
2004-12-01,1.3949
2004-12-02,1.3928
2004-12-03,1.3918
2004-12-06,1.3883
2004-12-07,1.3875
2004-12-08,1.4176
2004-12-09,1.4124
2004-12-10,1.4215
2004-12-13,1.4079
2004-12-14,1.41
2004-12-15,1.3906
2004-12-16,1.4069
2004-12-17,1.4008
2004-12-20,1.3943
2004-12-21,1.4063
2004-12-22,1.4031
2004-12-23,1.4021
2004-12-24,1.3937
2004-12-27,1.3854
2004-12-28,1.3822
2004-12-29,1.4035
2004-12-30,1.3926
2004-12-31,1.3883
2005-01-03,1.399
2005-01-04,1.4146
2005-01-05,1.4225
2005-01-06,1.4329
2005-01-07,1.4378
2005-01-10,1.4391
2005-01-11,1.4282
2005-01-12,1.4144
2005-01-13,1.4154
2005-01-14,1.4325
2005-01-18,1.4327
2005-01-19,1.4225
2005-01-20,1.4172
2005-01-21,1.3994
2005-01-24,1.399
2005-01-25,1.4104
2005-01-26,1.3902
2005-01-27,1.3974
2005-01-28,1.4021
2005-01-31,1.4061
2005-02-01,1.4057
2005-02-02,1.4055
2005-02-03,1.4069
2005-02-04,1.4033
2005-02-07,1.4196
2005-02-08,1.4271
2005-02-09,1.4237
2005-02-10,1.4035
2005-02-11,1.4023
2005-02-14,1.3972
2005-02-15,1.3951
2005-02-16,1.4011
2005-02-17,1.3914
2005-02-18,1.3799
2005-02-22,1.3691
2005-02-23,1.3818
2005-02-24,1.3841
2005-02-25,1.3885
2005-02-28,1.3721
2005-03-01,1.3755
2005-03-02,1.3761
2005-03-03,1.3731
2005-03-04,1.3605
2005-03-07,1.3596
2005-03-08,1.3517
2005-03-09,1.3591
2005-03-10,1.3537
2005-03-11,1.3515
2005-03-14,1.3559
2005-03-15,1.3503
2005-03-16,1.3423
2005-03-17,1.3444
2005-03-18,1.3428
2005-03-21,1.3569
2005-03-22,1.3499
2005-03-23,1.3866
2005-03-24,1.3994
2005-03-25,1.4019
2005-03-28,1.4094
2005-03-29,1.4049
2005-03-30,1.4069
2005-03-31,1.4033
2005-04-01,1.4104
2005-04-04,1.4142
2005-04-05,1.4126
2005-04-06,1.4043
2005-04-07,1.3978
2005-04-08,1.3943
2005-04-11,1.386
2005-04-12,1.3904
2005-04-13,1.3797
2005-04-14,1.3866
2005-04-15,1.3937
2005-04-18,1.3945
2005-04-19,1.3862
2005-04-20,1.3742
2005-04-21,1.3725
2005-04-22,1.3659
2005-04-25,1.3712
2005-04-26,1.3795
2005-04-27,1.3856
2005-04-28,1.3716
2005-04-29,1.3615
2005-05-02,1.3708
2005-05-03,1.377
2005-05-04,1.3665
2005-05-05,1.3594
2005-05-06,1.3652
2005-05-09,1.368
2005-05-10,1.3671
2005-05-11,1.368
2005-05-12,1.3899
2005-05-13,1.4041
2005-05-16,1.4124
2005-05-17,1.4085
2005-05-18,1.4041
2005-05-19,1.4035
2005-05-20,1.412
2005-05-23,1.4098
2005-05-24,1.4021
2005-05-25,1.401
2005-05-26,1.4055
2005-05-27,1.4002
2005-05-31,1.4154
2005-06-01,1.4298
2005-06-02,1.4296
2005-06-03,1.4288
2005-06-06,1.4094
2005-06-07,1.3986
2005-06-08,1.3966
2005-06-09,1.4021
2005-06-10,1.4144
2005-06-13,1.4205
2005-06-14,1.41
2005-06-15,1.4031
2005-06-16,1.3978
2005-06-17,1.3937
2005-06-20,1.3976
2005-06-21,1.3961
2005-06-22,1.3953
2005-06-23,1.413
2005-06-24,1.4168
2005-06-27,1.414
2005-06-28,1.4259
2005-06-29,1.431
2005-06-30,1.437
2005-07-01,1.4626
2005-07-05,1.4778
2005-07-06,1.4804
2005-07-07,1.4859
2005-07-08,1.4865
2005-07-11,1.473
2005-07-12,1.4605
2005-07-13,1.4894
2005-07-14,1.4793
2005-07-15,1.4843
2005-07-18,1.4738
2005-07-19,1.4837
2005-07-20,1.483
2005-07-21,1.4609
2005-07-22,1.4556
2005-07-25,1.4624
2005-07-26,1.4643
2005-07-27,1.4695
2005-07-28,1.4641
2005-07-29,1.4633
2005-08-01,1.4607
2005-08-02,1.4539
2005-08-03,1.4461
2005-08-04,1.4443
2005-08-05,1.4503
2005-08-08,1.4426
2005-08-09,1.4461
2005-08-10,1.4407
2005-08-11,1.418
2005-08-12,1.413
2005-08-15,1.4184
2005-08-16,1.4205
2005-08-17,1.4227
2005-08-18,1.438
2005-08-19,1.4428
2005-08-22,1.4349
2005-08-23,1.4341
2005-08-24,1.4331
2005-08-25,1.4343
2005-08-26,1.4343
2005-08-29,1.4418
2005-08-30,1.4537
2005-08-31,1.4426
2005-09-01,1.4239
2005-09-02,1.4176
2005-09-06,1.414
2005-09-07,1.417
2005-09-08,1.4178
2005-09-09,1.4144
2005-09-12,1.4174
2005-09-13,1.4245
2005-09-14,1.4134
2005-09-15,1.4176
2005-09-16,1.4209
2005-09-19,1.4265
2005-09-20,1.4259
2005-09-21,1.4308
2005-09-22,1.4405
2005-09-23,1.4567
2005-09-26,1.4601
2005-09-27,1.4734
2005-09-28,1.4599
2005-09-29,1.4451
2005-09-30,1.4413
2005-10-03,1.4468
2005-10-04,1.4393
2005-10-05,1.4376
2005-10-06,1.4358
2005-10-07,1.4368
2005-10-11,1.4422
2005-10-12,1.4347
2005-10-13,1.452
2005-10-14,1.4341
2005-10-17,1.4351
2005-10-18,1.4384
2005-10-19,1.4294
2005-10-20,1.4241
2005-10-21,1.4306
2005-10-24,1.4219
2005-10-25,1.4178
2005-10-26,1.4241
2005-10-27,1.4116
2005-10-28,1.4213
2005-10-31,1.428
2005-11-01,1.4325
2005-11-02,1.4453
2005-11-03,1.4514
2005-11-04,1.4654
2005-11-07,1.4732
2005-11-08,1.4635
2005-11-09,1.4631
2005-11-10,1.4545
2005-11-14,1.4708
2005-11-15,1.459
2005-11-16,1.4603
2005-11-17,1.4543
2005-11-18,1.4562
2005-11-21,1.451
2005-11-22,1.4512
2005-11-23,1.4413
2005-11-25,1.4347
2005-11-28,1.4267
2005-11-29,1.4247
2005-11-30,1.4231
2005-12-01,1.4211
2005-12-02,1.4035
2005-12-05,1.3891
2005-12-06,1.3945
2005-12-07,1.4164
2005-12-08,1.4257
2005-12-09,1.4201
2005-12-12,1.4053
2005-12-13,1.4158
2005-12-14,1.4142
2005-12-15,1.4472
2005-12-16,1.452
2005-12-19,1.4489
2005-12-20,1.4665
2005-12-21,1.4749
2005-12-22,1.4881
2005-12-23,1.4859
2005-12-27,1.4819
2005-12-28,1.4656
2005-12-29,1.4663
2005-12-30,1.4609
2006-01-03,1.4674
2006-01-04,1.4529
2006-01-05,1.4545
2006-01-06,1.4474
2006-01-09,1.4447
2006-01-10,1.4422
2006-01-11,1.4343
2006-01-12,1.4426
2006-01-13,1.4335
2006-01-17,1.4486
2006-01-18,1.4556
2006-01-19,1.4738
2006-01-20,1.4741
2006-01-23,1.4622
2006-01-24,1.4665
2006-01-25,1.4599
2006-01-26,1.4601
2006-01-27,1.4624
2006-01-30,1.4663
2006-01-31,1.4584
2006-02-01,1.4588
2006-02-02,1.4507
2006-02-03,1.4558
2006-02-06,1.4676
2006-02-07,1.4652
2006-02-08,1.4751
2006-02-09,1.476
2006-02-10,1.4721
2006-02-13,1.471
2006-02-14,1.4843
2006-02-15,1.4789
2006-02-16,1.4948
2006-02-17,1.4984
2006-02-21,1.5099
2006-02-22,1.5179
2006-02-23,1.5097
2006-02-24,1.5083
2006-02-27,1.5129
2006-02-28,1.5074
2006-03-01,1.5078
2006-03-02,1.5035
2006-03-03,1.502
2006-03-06,1.5218
2006-03-07,1.5427
2006-03-08,1.5408
2006-03-09,1.5423
2006-03-10,1.5586
2006-03-13,1.5605
2006-03-14,1.5659
2006-03-15,1.5504
2006-03-16,1.5681
2006-03-17,1.5768
2006-03-20,1.5985
2006-03-21,1.6064
2006-03-22,1.5924
2006-03-23,1.6023
2006-03-24,1.6345
2006-03-27,1.6493
2006-03-28,1.6559
2006-03-29,1.657
2006-03-30,1.6383
2006-03-31,1.6223
2006-04-03,1.6265
2006-04-04,1.6437
2006-04-05,1.6289
2006-04-06,1.6271
2006-04-07,1.6383
2006-04-10,1.6437
2006-04-11,1.638
2006-04-12,1.6265
2006-04-13,1.6108
2006-04-14,1.6181
2006-04-17,1.6015
2006-04-18,1.5929
2006-04-19,1.5788
2006-04-20,1.5946
2006-04-21,1.578
2006-04-24,1.584
2006-04-25,1.6
2006-04-26,1.5805
2006-04-27,1.5803
2006-04-28,1.5704
2006-05-01,1.5681
2006-05-02,1.5601
2006-05-03,1.5564
2006-05-04,1.5559
2006-05-05,1.5593
2006-05-08,1.58
2006-05-09,1.5924
2006-05-10,1.5931
2006-05-11,1.5833
2006-05-12,1.5896
2006-05-15,1.6062
2006-05-16,1.6023
2006-05-17,1.6163
2006-05-18,1.6044
2006-05-19,1.6082
2006-05-22,1.6176
2006-05-23,1.6026
2006-05-24,1.5865
2006-05-25,1.5681
2006-05-26,1.58
2006-05-30,1.5652
2006-05-31,1.5708
2006-06-01,1.5828
2006-06-02,1.5855
2006-06-05,1.5783
2006-06-06,1.5911
2006-06-07,1.5964
2006-06-08,1.5952
2006-06-09,1.578
2006-06-12,1.5863
2006-06-13,1.6046
2006-06-14,1.6013
2006-06-15,1.608
2006-06-16,1.62
2006-06-19,1.62
2006-06-20,1.6113
2006-06-21,1.6134
2006-06-22,1.6359
2006-06-23,1.6496
2006-06-26,1.6551
2006-06-27,1.6491
2006-06-28,1.677
2006-06-29,1.6784
2006-06-30,1.638
2006-07-03,1.6447
2006-07-05,1.6521
2006-07-06,1.6543
2006-07-07,1.6407
2006-07-10,1.6369
2006-07-11,1.6268
2006-07-12,1.625
2006-07-13,1.6155
2006-07-14,1.6111
2006-07-17,1.6067
2006-07-18,1.5977
2006-07-19,1.6051
2006-07-20,1.6044
2006-07-21,1.5987
2006-07-24,1.6051
2006-07-25,1.6005
2006-07-26,1.6
2006-07-27,1.6113
2006-07-28,1.6197
2006-07-31,1.6221
2006-08-01,1.6158
2006-08-02,1.6119
2006-08-03,1.616
2006-08-04,1.6015
2006-08-07,1.6018
2006-08-08,1.5977
2006-08-09,1.585
2006-08-10,1.5785
2006-08-11,1.5748
2006-08-14,1.5835
2006-08-15,1.5765
2006-08-16,1.5555
2006-08-17,1.5569
2006-08-18,1.564
2006-08-21,1.5586
2006-08-22,1.5669
2006-08-23,1.5613
2006-08-24,1.5694
2006-08-25,1.5728
2006-08-28,1.5657
2006-08-29,1.5588
2006-08-30,1.538
2006-08-31,1.5279
2006-09-01,1.5267
2006-09-05,1.5458
2006-09-06,1.542
2006-09-07,1.5425
2006-09-08,1.5699
2006-09-11,1.5649
2006-09-12,1.554
2006-09-13,1.5485
2006-09-14,1.5131
2006-09-15,1.5085
2006-09-18,1.5026
2006-09-19,1.5078
2006-09-20,1.5106
2006-09-21,1.511
2006-09-22,1.5161
2006-09-25,1.4957
2006-09-26,1.5002
2006-09-27,1.5209
2006-09-28,1.5244
2006-09-29,1.5314
2006-10-02,1.5211
2006-10-03,1.5161
2006-10-04,1.5106
2006-10-05,1.5069
2006-10-06,1.5158
2006-10-10,1.5152
2006-10-11,1.5124
2006-10-12,1.5147
2006-10-13,1.5214
2006-10-16,1.5191
2006-10-17,1.502
2006-10-18,1.5067
2006-10-19,1.4977
2006-10-20,1.4979
2006-10-23,1.5085
2006-10-24,1.5088
2006-10-25,1.5131
2006-10-26,1.5267
2006-10-27,1.5106
2006-10-30,1.5026
2006-10-31,1.491
2006-11-01,1.4852
2006-11-02,1.4837
2006-11-03,1.4925
2006-11-06,1.4963
2006-11-07,1.4883
2006-11-08,1.4968
2006-11-09,1.5035
2006-11-10,1.5011
2006-11-13,1.5161
2006-11-14,1.5152
2006-11-15,1.5168
2006-11-16,1.5031
2006-11-17,1.5065
2006-11-20,1.4968
2006-11-21,1.4948
2006-11-22,1.4883
2006-11-24,1.4899
2006-11-27,1.493
2006-11-28,1.4786
2006-11-29,1.4719
2006-11-30,1.4599
2006-12-01,1.4613
2006-12-04,1.448
2006-12-05,1.4569
2006-12-06,1.4601
2006-12-07,1.4478
2006-12-08,1.4495
2006-12-11,1.4529
2006-12-12,1.4484
2006-12-13,1.4482
2006-12-14,1.4484
2006-12-15,1.4478
2006-12-18,1.4495
2006-12-19,1.4393
2006-12-20,1.4378
2006-12-21,1.4358
2006-12-22,1.4296
2006-12-26,1.4278
2006-12-27,1.4235
2006-12-28,1.417
2006-12-29,1.4192
2007-01-02,1.4116
2007-01-03,1.418
2007-01-04,1.4325
2007-01-05,1.4548
2007-01-08,1.4535
2007-01-09,1.4501
2007-01-10,1.4548
2007-01-11,1.4434
2007-01-12,1.4461
2007-01-16,1.4399
2007-01-17,1.4472
2007-01-18,1.4399
2007-01-19,1.4378
2007-01-22,1.4298
2007-01-23,1.4241
2007-01-24,1.4355
2007-01-25,1.4292
2007-01-26,1.4386
2007-01-29,1.4337
2007-01-30,1.4514
2007-01-31,1.4586
2007-02-01,1.4674
2007-02-02,1.471
2007-02-05,1.4628
2007-02-06,1.4708
2007-02-07,1.4594
2007-02-08,1.4571
2007-02-09,1.4626
2007-02-12,1.459
2007-02-13,1.4516
2007-02-14,1.4399
2007-02-15,1.4409
2007-02-16,1.4337
2007-02-20,1.4276
2007-02-21,1.416
2007-02-22,1.4174
2007-02-23,1.415
2007-02-26,1.4086
2007-02-27,1.4196
2007-02-28,1.4261
2007-03-01,1.4403
2007-03-02,1.4524
2007-03-05,1.4745
2007-03-06,1.4691
2007-03-07,1.4622
2007-03-08,1.4599
2007-03-09,1.4461
2007-03-12,1.4426
2007-03-13,1.4337
2007-03-14,1.4489
2007-03-15,1.4393
2007-03-16,1.4333
2007-03-19,1.4243
2007-03-20,1.4198
2007-03-21,1.4194
2007-03-22,1.3994
2007-03-23,1.4037
2007-03-26,1.3963
2007-03-27,1.392
2007-03-28,1.4071
2007-03-29,1.3996
2007-03-30,1.397
2007-04-02,1.3862
2007-04-03,1.3872
2007-04-04,1.3879
2007-04-05,1.3831
2007-04-06,1.3848
2007-04-09,1.3879
2007-04-10,1.3716
2007-04-11,1.3731
2007-04-12,1.3725
2007-04-13,1.3559
2007-04-16,1.3497
2007-04-17,1.3434
2007-04-18,1.3455
2007-04-19,1.3443
2007-04-20,1.3401
2007-04-23,1.3401
2007-04-24,1.3466
2007-04-25,1.3419
2007-04-26,1.3563
2007-04-27,1.3495
2007-04-30,1.3468
2007-05-01,1.3483
2007-05-02,1.3537
2007-05-03,1.3581
2007-05-04,1.36
2007-05-07,1.3556
2007-05-08,1.3565
2007-05-09,1.3615
2007-05-10,1.365
2007-05-11,1.362
2007-05-14,1.3543
2007-05-15,1.3537
2007-05-16,1.3637
2007-05-17,1.3689
2007-05-18,1.368
2007-05-21,1.371
2007-05-22,1.3746
2007-05-23,1.3676
2007-05-24,1.3791
2007-05-25,1.3761
2007-05-29,1.3719
2007-05-30,1.3691
2007-05-31,1.3578
2007-06-01,1.3452
2007-06-04,1.3382
2007-06-05,1.3305
2007-06-06,1.3323
2007-06-07,1.3238
2007-06-08,1.3219
2007-06-11,1.3346
2007-06-12,1.3298
2007-06-13,1.3326
2007-06-14,1.333
2007-06-15,1.3275
2007-06-18,1.3263
2007-06-19,1.3194
2007-06-20,1.3111
2007-06-21,1.3122
2007-06-22,1.3038
2007-06-25,1.305
2007-06-26,1.3041
2007-06-27,1.3177
2007-06-28,1.2999
2007-06-29,1.2937
2007-07-02,1.2771
2007-07-03,1.2798
2007-07-05,1.2773
2007-07-06,1.2783
2007-07-09,1.2806
2007-07-10,1.283
2007-07-11,1.2832
2007-07-12,1.2789
2007-07-13,1.2724
2007-07-16,1.2623
2007-07-17,1.2642
2007-07-18,1.2594
2007-07-19,1.2621
2007-07-20,1.2555
2007-07-23,1.2441
2007-07-24,1.2362
2007-07-25,1.245
2007-07-26,1.2642
2007-07-27,1.3067
2007-07-30,1.3115
2007-07-31,1.2962
2007-08-01,1.3116
2007-08-02,1.2992
2007-08-03,1.3084
2007-08-06,1.3116
2007-08-07,1.3139
2007-08-08,1.3016
2007-08-09,1.3196
2007-08-10,1.3401
2007-08-13,1.351
2007-08-14,1.3689
2007-08-15,1.3968
2007-08-16,1.4756
2007-08-17,1.4514
2007-08-20,1.4372
2007-08-21,1.4364
2007-08-22,1.4273
2007-08-23,1.411
2007-08-24,1.3922
2007-08-27,1.3924
2007-08-28,1.4221
2007-08-29,1.4231
2007-08-30,1.4196
2007-08-31,1.4235
2007-09-03,1.4235
2007-09-04,1.4312
2007-09-05,1.4493
2007-09-06,1.4457
2007-09-07,1.4516
2007-09-10,1.4413
2007-09-11,1.4253
2007-09-12,1.4006
2007-09-13,1.3945
2007-09-14,1.4035
2007-09-17,1.4196
2007-09-18,1.4086
2007-09-19,1.3646
2007-09-20,1.3464
2007-09-21,1.3486
2007-09-24,1.3423
2007-09-25,1.3528
2007-09-26,1.3432
2007-09-27,1.3371
2007-09-28,1.3214
2007-10-01,1.3051
2007-10-02,1.3144
2007-10-03,1.3154
2007-10-04,1.324
2007-10-05,1.3111
2007-10-08,1.3111
2007-10-09,1.312
2007-10-10,1.3092
2007-10-11,1.2923
2007-10-12,1.2895
2007-10-15,1.3067
2007-10-16,1.3416
2007-10-17,1.3266
2007-10-18,1.3284
2007-10-19,1.33
2007-10-22,1.3493
2007-10-23,1.3287
2007-10-24,1.331
2007-10-25,1.3144
2007-10-26,1.3074
2007-10-29,1.3016
2007-10-30,1.3051
2007-10-31,1.2999
2007-11-01,1.3113
2007-11-02,1.3137
2007-11-05,1.304
2007-11-06,1.2885
2007-11-07,1.2757
2007-11-08,1.2882
2007-11-09,1.3038
2007-11-13,1.3256
2007-11-14,1.3079
2007-11-15,1.3187
2007-11-16,1.3229
2007-11-19,1.325
2007-11-20,1.3118
2007-11-21,1.3321
2007-11-22,1.3321
2007-11-23,1.3231
2007-11-26,1.3231
2007-11-27,1.3196
2007-11-28,1.2984
2007-11-29,1.295
2007-11-30,1.3036
2007-12-03,1.3043
2007-12-04,1.3111
2007-12-05,1.3012
2007-12-06,1.2933
2007-12-07,1.2829
2007-12-10,1.2834
2007-12-11,1.2775
2007-12-12,1.2663
2007-12-13,1.2789
2007-12-14,1.3029
2007-12-17,1.327
2007-12-18,1.331
2007-12-19,1.3233
2007-12-20,1.3228
2007-12-21,1.3079
2007-12-24,1.3033
2007-12-26,1.3017
2007-12-27,1.299
2007-12-28,1.2937
2007-12-31,1.3024
2008-01-02,1.2933
2008-01-03,1.29
2008-01-04,1.2967
2008-01-07,1.3046
2008-01-08,1.2957
2008-01-09,1.2965
2008-01-10,1.2791
2008-01-11,1.2742
2008-01-14,1.2658
2008-01-15,1.2802
2008-01-16,1.2989
2008-01-17,1.2997
2008-01-18,1.32
2008-01-22,1.3089
2008-01-23,1.3186
2008-01-24,1.2928
2008-01-25,1.2975
2008-01-28,1.2907
2008-01-29,1.2849
2008-01-30,1.2798
2008-01-31,1.2684
2008-02-01,1.2582
2008-02-04,1.258
2008-02-05,1.2736
2008-02-06,1.2734
2008-02-07,1.2658
2008-02-08,1.2689
2008-02-11,1.2687
2008-02-12,1.2588
2008-02-13,1.2776
2008-02-14,1.2666
2008-02-15,1.2676
2008-02-19,1.2509
2008-02-20,1.2587
2008-02-21,1.2488
2008-02-22,1.2407
2008-02-25,1.2373
2008-02-26,1.2303
2008-02-27,1.2232
2008-02-28,1.2276
2008-02-29,1.2458
2008-03-03,1.2392
2008-03-04,1.2542
2008-03-05,1.2495
2008-03-06,1.2494
2008-03-07,1.259
2008-03-10,1.2644
2008-03-11,1.2508
2008-03-12,1.2402
2008-03-13,1.2294
2008-03-14,1.2271
2008-03-17,1.2516
2008-03-18,1.2355
2008-03-19,1.2447
2008-03-20,1.2689
2008-03-21,1.2626
2008-03-24,1.255
2008-03-25,1.2444
2008-03-26,1.2455
2008-03-27,1.2436
2008-03-28,1.2528
2008-03-31,1.2723
2008-04-01,1.2798
2008-04-02,1.265
2008-04-03,1.2718
2008-04-04,1.2684
2008-04-07,1.255
2008-04-08,1.2552
2008-04-09,1.256
2008-04-10,1.2523
2008-04-11,1.2591
2008-04-14,1.2697
2008-04-15,1.2752
2008-04-16,1.2641
2008-04-17,1.2687
2008-04-18,1.2706
2008-04-21,1.2601
2008-04-22,1.2533
2008-04-23,1.2517
2008-04-24,1.2674
2008-04-25,1.2778
2008-04-28,1.2708
2008-04-29,1.2885
2008-04-30,1.2804
2008-05-01,1.2868
2008-05-02,1.278
2008-05-05,1.2728
2008-05-06,1.2634
2008-05-07,1.278
2008-05-08,1.2933
2008-05-09,1.3041
2008-05-12,1.2972
2008-05-13,1.3023
2008-05-14,1.3115
2008-05-15,1.3163
2008-05-16,1.2923
2008-05-19,1.2937
2008-05-20,1.2888
2008-05-21,1.2812
2008-05-22,1.2744
2008-05-23,1.2697
2008-05-27,1.2661
2008-05-28,1.2755
2008-05-29,1.2847
2008-05-30,1.2758
2008-06-02,1.2739
2008-06-03,1.276
2008-06-04,1.2781
2008-06-05,1.3067
2008-06-06,1.3043
2008-06-09,1.312
2008-06-10,1.3319
2008-06-11,1.3221
2008-06-12,1.333
2008-06-13,1.3326
2008-06-16,1.3284
2008-06-17,1.3261
2008-06-18,1.3224
2008-06-19,1.3125
2008-06-20,1.311
2008-06-23,1.3221
2008-06-24,1.3168
2008-06-25,1.3222
2008-06-26,1.3212
2008-06-27,1.312
2008-06-30,1.3142
2008-07-01,1.3215
2008-07-02,1.3129
2008-07-03,1.3221
2008-07-07,1.3298
2008-07-08,1.3307
2008-07-09,1.3137
2008-07-10,1.3196
2008-07-11,1.3139
2008-07-14,1.3094
2008-07-15,1.2952
2008-07-16,1.2955
2008-07-17,1.3055
2008-07-18,1.3113
2008-07-21,1.3161
2008-07-22,1.3149
2008-07-23,1.3303
2008-07-24,1.3483
2008-07-25,1.3479
2008-07-28,1.3421
2008-07-29,1.358
2008-07-30,1.3613
2008-07-31,1.3624
2008-08-01,1.3759
2008-08-04,1.3708
2008-08-05,1.378
2008-08-06,1.393
2008-08-07,1.3986
2008-08-08,1.4184
2008-08-11,1.4261
2008-08-12,1.4308
2008-08-13,1.4353
2008-08-14,1.4296
2008-08-15,1.4174
2008-08-18,1.4037
2008-08-19,1.4039
2008-08-20,1.4061
2008-08-21,1.3922
2008-08-22,1.4073
2008-08-25,1.4102
2008-08-26,1.4351
2008-08-27,1.4323
2008-08-28,1.4247
2008-08-29,1.4304
2008-09-02,1.4573
2008-09-03,1.4607
2008-09-04,1.4719
2008-09-05,1.5008
2008-09-08,1.4928
2008-09-09,1.4883
2008-09-10,1.5011
2008-09-11,1.5368
2008-09-12,1.5072
2008-09-15,1.5152
2008-09-16,1.5188
2008-09-17,1.5291
2008-09-18,1.4885
2008-09-19,1.4558
2008-09-22,1.4411
2008-09-23,1.4599
2008-09-24,1.4573
2008-09-25,1.4631
2008-09-26,1.4582
2008-09-29,1.4745
2008-09-30,1.4948
2008-10-01,1.4738
2008-10-02,1.5051
2008-10-03,1.5092
2008-10-06,1.5964
2008-10-07,1.5718
2008-10-08,1.662
2008-10-09,1.6205
2008-10-10,1.6779
2008-10-14,1.6008
2008-10-15,1.6171
2008-10-16,1.6388
2008-10-17,1.6252
2008-10-20,1.6142
2008-10-21,1.6335
2008-10-22,1.6844
2008-10-23,1.6972
2008-10-24,1.8054
2008-10-27,1.8484
2008-10-28,1.809
2008-10-29,1.7079
2008-10-30,1.7015
2008-10-31,1.7197
2008-11-03,1.6736
2008-11-04,1.6327
2008-11-05,1.6461
2008-11-06,1.6767
2008-11-07,1.6955
2008-11-10,1.7033
2008-11-12,1.773
2008-11-13,1.7979
2008-11-14,1.7781
2008-11-17,1.7854
2008-11-18,1.8018
2008-11-19,1.8162
2008-11-20,1.8825
2008-11-21,1.8822
2008-11-24,1.8278
2008-11-25,1.8285
2008-11-26,1.8208
2008-11-28,1.8182
2008-12-01,1.8674
2008-12-02,1.8801
2008-12-03,1.8741
2008-12-04,1.858
2008-12-05,1.9055
2008-12-08,1.8352
2008-12-09,1.8403
2008-12-10,1.8258
2008-12-11,1.7995
2008-12-12,1.8355
2008-12-15,1.7999
2008-12-16,1.7693
2008-12-17,1.6972
2008-12-18,1.6846
2008-12-19,1.7367
2008-12-22,1.7416
2008-12-23,1.764
2008-12-24,1.7406
2008-12-26,1.7361
2008-12-29,1.7167
2008-12-30,1.7331
2008-12-31,1.7197
2009-01-02,1.7094
2009-01-05,1.7007
2009-01-06,1.6821
2009-01-07,1.665
2009-01-08,1.6866
2009-01-09,1.6855
2009-01-12,1.728
2009-01-13,1.8106
2009-01-14,1.842
2009-01-15,1.885
2009-01-16,1.8467
2009-01-20,1.8965
2009-01-21,1.9175
2009-01-22,1.8993
2009-01-23,1.8975
2009-01-26,1.8847
2009-01-27,1.8925
2009-01-28,1.8709
2009-01-29,1.9376
2009-01-30,1.967
2009-02-02,1.9897
2009-02-03,1.9558
2009-02-04,1.9543
2009-02-05,1.9399
2009-02-06,1.8868
2009-02-09,1.8376
2009-02-10,1.8918
2009-02-11,1.9011
2009-02-12,1.922
2009-02-13,1.899
2009-02-17,1.9569
2009-02-18,1.9581
2009-02-19,1.952
2009-02-20,1.9708
2009-02-23,1.96
2009-02-24,1.9612
2009-02-25,1.9543
2009-02-26,1.9558
2009-02-27,1.9881
2009-03-02,2.03
2009-03-03,2.0194
2009-03-04,1.9763
2009-03-05,1.994
2009-03-06,1.9837
2009-03-09,2.0296
2009-03-10,1.9877
2009-03-11,1.9747
2009-03-12,1.9455
2009-03-13,1.9069
2009-03-16,1.8797
2009-03-17,1.8925
2009-03-18,1.8921
2009-03-19,1.7832
2009-03-20,1.7841
2009-03-23,1.7562
2009-03-24,1.7596
2009-03-25,1.7581
2009-03-26,1.7256
2009-03-27,1.7504
2009-03-30,1.7797
2009-03-31,1.7569
2009-04-01,1.7746
2009-04-02,1.7188
2009-04-03,1.7241
2009-04-06,1.7033
2009-04-07,1.7247
2009-04-08,1.728
2009-04-09,1.7218
2009-04-10,1.7156
2009-04-13,1.6989
2009-04-14,1.7074
2009-04-15,1.7364
2009-04-16,1.7516
2009-04-17,1.7624
2009-04-20,1.7989
2009-04-21,1.7768
2009-04-22,1.7889
2009-04-23,1.7924
2009-04-24,1.7476
2009-04-27,1.7562
2009-04-28,1.7889
2009-04-29,1.7364
2009-04-30,1.7559
2009-05-01,1.7584
2009-05-04,1.7422
2009-05-05,1.7179
2009-05-06,1.7167
2009-05-07,1.6773
2009-05-08,1.6711
2009-05-11,1.6496
2009-05-12,1.6556
2009-05-13,1.6815
2009-05-14,1.6824
2009-05-15,1.701
2009-05-18,1.692
2009-05-19,1.66
2009-05-20,1.6407
2009-05-21,1.6504
2009-05-22,1.609
2009-05-26,1.6075
2009-05-27,1.6051
2009-05-28,1.5977
2009-05-29,1.5699
2009-06-01,1.5363
2009-06-02,1.5265
2009-06-03,1.5632
2009-06-04,1.5835
2009-06-05,1.5803
2009-06-08,1.6186
2009-06-09,1.601
2009-06-10,1.5886
2009-06-11,1.5492
2009-06-12,1.5557
2009-06-15,1.5898
2009-06-16,1.576
2009-06-17,1.5911
2009-06-18,1.5535
2009-06-19,1.5442
2009-06-22,1.5833
2009-06-23,1.5711
2009-06-24,1.5482
2009-06-25,1.5552
2009-06-26,1.5516
2009-06-29,1.5375
2009-06-30,1.5511
2009-07-01,1.5499
2009-07-02,1.5886
2009-07-03,1.5858
2009-07-06,1.587
2009-07-07,1.5741
2009-07-08,1.6021
2009-07-09,1.5865
2009-07-10,1.5977
2009-07-13,1.5848
2009-07-14,1.5741
2009-07-15,1.5399
2009-07-16,1.5516
2009-07-17,1.5547
2009-07-20,1.5265
2009-07-21,1.5279
2009-07-22,1.5211
2009-07-23,1.5119
2009-07-24,1.5221
2009-07-27,1.5265
2009-07-28,1.517
2009-07-29,1.5288
2009-07-30,1.5312
2009-07-31,1.514
2009-08-03,1.4963
2009-08-04,1.499
2009-08-05,1.4877
2009-08-06,1.4903
2009-08-07,1.4872
2009-08-10,1.4802
2009-08-11,1.4957
2009-08-12,1.487
2009-08-13,1.4756
2009-08-14,1.4758
2009-08-17,1.4959
2009-08-18,1.4896
2009-08-19,1.4819
2009-08-20,1.4802
2009-08-21,1.4643
2009-08-24,1.4526
2009-08-25,1.4514
2009-08-26,1.471
2009-08-27,1.4652
2009-08-28,1.4558
2009-08-31,1.4586
2009-09-01,1.4719
2009-09-02,1.4879
2009-09-03,1.4734
2009-09-04,1.4573
2009-09-08,1.4353
2009-09-09,1.4345
2009-09-10,1.432
2009-09-11,1.4126
2009-09-14,1.4286
2009-09-15,1.4247
2009-09-16,1.4023
2009-09-17,1.4059
2009-09-18,1.4102
2009-09-21,1.4136
2009-09-22,1.3852
2009-09-23,1.3835
2009-09-24,1.3883
2009-09-25,1.3951
2009-09-28,1.3912
2009-09-29,1.3998
2009-09-30,1.3826
2009-10-01,1.3951
2009-10-02,1.3957
2009-10-05,1.3774
2009-10-06,1.3578
2009-10-07,1.3644
2009-10-08,1.3444
2009-10-09,1.3656
2009-10-13,1.3598
2009-10-14,1.3557
2009-10-15,1.3417
2009-10-16,1.3521
2009-10-19,1.328
2009-10-20,1.3407
2009-10-21,1.3221
2009-10-22,1.3261
2009-10-23,1.3215
2009-10-26,1.3342
2009-10-27,1.3412
2009-10-28,1.3665
2009-10-29,1.3659
2009-10-30,1.3831
2009-11-02,1.3841
2009-11-03,1.3931
2009-11-04,1.3793
2009-11-05,1.391
2009-11-06,1.3806
2009-11-09,1.3488
2009-11-10,1.3497
2009-11-12,1.3631
2009-11-13,1.3481
2009-11-16,1.3387
2009-11-17,1.3459
2009-11-18,1.3396
2009-11-19,1.368
2009-11-20,1.3789
2009-11-23,1.362
2009-11-24,1.3816
2009-11-25,1.371
2009-11-27,1.4059
2009-11-30,1.3984
2009-12-01,1.3727
2009-12-02,1.3818
2009-12-03,1.3826
2009-12-04,1.3949
2009-12-07,1.4025
2009-12-08,1.4077
2009-12-09,1.4035
2009-12-10,1.3708
2009-12-11,1.3814
2009-12-14,1.3719
2009-12-15,1.3854
2009-12-16,1.3845
2009-12-17,1.4086
2009-12-18,1.4104
2009-12-21,1.4108
2009-12-22,1.4239
2009-12-23,1.417
2009-12-24,1.4184
2009-12-28,1.4106
2009-12-29,1.3893
2009-12-30,1.3864
2009-12-31,1.3784
2010-01-04,1.3648
2010-01-05,1.3592
2010-01-06,1.3596
2010-01-07,1.3652
2010-01-08,1.3628
2010-01-11,1.3472
2010-01-12,1.3484
2010-01-13,1.3524
2010-01-14,1.3468
2010-01-15,1.355
2010-01-19,1.3548
2010-01-20,1.3899
2010-01-21,1.4002
2010-01-22,1.4025
2010-01-25,1.4
2010-01-26,1.4205
2010-01-27,1.4144
2010-01-28,1.4047
2010-01-29,1.4192
2010-02-01,1.4152
2010-02-02,1.4053
2010-02-03,1.4126
2010-02-04,1.455
2010-02-05,1.462
2010-02-08,1.4539
2010-02-09,1.4409
2010-02-10,1.4447
2010-02-11,1.4286
2010-02-12,1.4388
2010-02-16,1.4186
2010-02-17,1.4201
2010-02-18,1.4253
2010-02-19,1.437
2010-02-22,1.4265
2010-02-23,1.4388
2010-02-24,1.442
2010-02-25,1.4575
2010-02-26,1.4286
2010-03-01,1.4304
2010-03-02,1.4364
2010-03-03,1.4391
2010-03-04,1.4545
2010-03-05,1.4384
2010-03-08,1.431
2010-03-09,1.4231
2010-03-10,1.4126
2010-03-11,1.4294
2010-03-12,1.4273
2010-03-15,1.4288
2010-03-16,1.4138
2010-03-17,1.3966
2010-03-18,1.4015
2010-03-19,1.4102
2010-03-22,1.4176
2010-03-23,1.415
2010-03-24,1.4239
2010-03-25,1.4114
2010-03-26,1.4213
2010-03-29,1.4108
2010-03-30,1.4096
2010-03-31,1.4088
2010-04-01,1.4126
2010-04-02,1.4164
2010-04-05,1.4188
2010-04-06,1.4265
2010-04-07,1.4126
2010-04-08,1.4148
2010-04-09,1.3966
2010-04-12,1.4017
2010-04-13,1.4021
2010-04-14,1.399
2010-04-15,1.4071
2010-04-16,1.4126
2010-04-19,1.4144
2010-04-20,1.4053
2010-04-21,1.4102
2010-04-22,1.4096
2010-04-23,1.3994
2010-04-26,1.3816
2010-04-27,1.4065
2010-04-28,1.3953
2010-04-29,1.3831
2010-04-30,1.3661
2010-05-03,1.3686
2010-05-04,1.3827
2010-05-05,1.3926
2010-05-06,1.4
2010-05-07,1.3986
2010-05-10,1.3848
2010-05-11,1.3873
2010-05-12,1.4017
2010-05-13,1.3935
2010-05-14,1.4059
2010-05-17,1.4409
2010-05-18,1.4329
2010-05-19,1.491
2010-05-20,1.4928
2010-05-21,1.4699
2010-05-24,1.481
2010-05-25,1.5022
2010-05-26,1.5006
2010-05-27,1.4665
2010-05-28,1.471
2010-06-01,1.4678
2010-06-02,1.4734
2010-06-03,1.4654
2010-06-04,1.4863
2010-06-07,1.506
2010-06-08,1.5033
2010-06-09,1.487
2010-06-10,1.4599
2010-06-11,1.4514
2010-06-14,1.4284
2010-06-15,1.4358
2010-06-16,1.4304
2010-06-17,1.4239
2010-06-18,1.418
2010-06-21,1.4031
2010-06-22,1.411
2010-06-23,1.4013
2010-06-24,1.417
2010-06-25,1.4086
2010-06-28,1.4106
2010-06-29,1.4405
2010-06-30,1.4491
2010-07-01,1.4562
2010-07-02,1.4495
2010-07-06,1.4343
2010-07-07,1.4335
2010-07-08,1.4114
2010-07-09,1.4108
2010-07-12,1.4094
2010-07-13,1.3899
2010-07-14,1.3805
2010-07-15,1.3839
2010-07-16,1.4061
2010-07-19,1.4154
2010-07-20,1.4039
2010-07-21,1.3933
2010-07-22,1.3814
2010-07-23,1.3725
2010-07-26,1.3659
2010-07-27,1.3644
2010-07-28,1.3749
2010-07-29,1.385
2010-07-30,1.3772
2010-08-02,1.3626
2010-08-03,1.3605
2010-08-04,1.3609
2010-08-05,1.3757
2010-08-06,1.3708
2010-08-09,1.3702
2010-08-10,1.3881
2010-08-11,1.3937
2010-08-12,1.4088
2010-08-13,1.4124
2010-08-16,1.4112
2010-08-17,1.3998
2010-08-18,1.3968
2010-08-19,1.4142
2010-08-20,1.4235
2010-08-23,1.4124
2010-08-24,1.4146
2010-08-25,1.4327
2010-08-26,1.4198
2010-08-27,1.4073
2010-08-30,1.4106
2010-08-31,1.4296
2010-09-01,1.4029
2010-09-02,1.3982
2010-09-03,1.387
2010-09-07,1.3856
2010-09-08,1.3826
2010-09-09,1.3763
2010-09-10,1.374
2010-09-13,1.363
2010-09-14,1.3559
2010-09-15,1.3643
2010-09-16,1.3837
2010-09-17,1.3768
2010-09-20,1.3702
2010-09-21,1.3732
2010-09-22,1.3598
2010-09-23,1.3661
2010-09-24,1.3624
2010-09-27,1.3605
2010-09-28,1.3537
2010-09-29,1.3546
2010-09-30,1.3644
2010-10-01,1.3472
2010-10-04,1.349
2010-10-05,1.3358
2010-10-06,1.3252
2010-10-07,1.334
2010-10-08,1.3254
2010-10-12,1.327
2010-10-13,1.3115
2010-10-14,1.3186
2010-10-15,1.3231
2010-10-18,1.3208
2010-10-19,1.3346
2010-10-20,1.327
2010-10-21,1.3332
2010-10-22,1.3421
2010-10-25,1.3266
2010-10-26,1.3337
2010-10-27,1.3448
2010-10-28,1.3249
2010-10-29,1.3115
2010-11-01,1.3028
2010-11-02,1.2958
2010-11-03,1.2898
2010-11-04,1.2585
2010-11-05,1.2588
2010-11-08,1.2655
2010-11-09,1.2711
2010-11-10,1.2802
2010-11-12,1.2877
2010-11-15,1.287
2010-11-16,1.3031
2010-11-17,1.2953
2010-11-18,1.2865
2010-11-19,1.2868
2010-11-22,1.2952
2010-11-23,1.3127
2010-11-24,1.3115
2010-11-26,1.3324
2010-11-29,1.3428
2010-11-30,1.3432
2010-12-01,1.3339
2010-12-02,1.3226
2010-12-03,1.3115
2010-12-06,1.3156
2010-12-07,1.3132
2010-12-08,1.3365
2010-12-09,1.3392
2010-12-10,1.3358
2010-12-13,1.3242
2010-12-14,1.3273
2010-12-15,1.3439
2010-12-16,1.3572
2010-12-17,1.3587
2010-12-20,1.3472
2010-12-21,1.3444
2010-12-22,1.347
2010-12-23,1.3353
2010-12-27,1.3371
2010-12-28,1.3238
2010-12-29,1.3065
2010-12-30,1.3009
2011-01-03,1.288
2011-01-04,1.3034
2011-01-05,1.3127
2011-01-06,1.3177
2011-01-07,1.3189
2011-01-10,1.3104
2011-01-11,1.3156
2011-01-12,1.3161
2011-01-13,1.2987
2011-01-14,1.3021
2011-01-18,1.2979
2011-01-19,1.2953
2011-01-20,1.3224
2011-01-21,1.3193
2011-01-24,1.3084
2011-01-25,1.3089
2011-01-26,1.305
2011-01-27,1.2957
2011-01-28,1.2947
2011-01-31,1.2928
2011-02-01,1.2821
2011-02-02,1.283
2011-02-03,1.2925
2011-02-04,1.3007
2011-02-07,1.2977
2011-02-08,1.2862
2011-02-09,1.2967
2011-02-10,1.3024
2011-02-11,1.3172
2011-02-14,1.3214
2011-02-15,1.3303
2011-02-16,1.3287
2011-02-17,1.3165
2011-02-18,1.3099
2011-02-22,1.3351
2011-02-23,1.3417
2011-02-24,1.3376
2011-02-25,1.3308
2011-02-28,1.3294
2011-03-01,1.3319
2011-03-02,1.3473
2011-03-03,1.3508
2011-03-04,1.3574
2011-03-07,1.3581
2011-03-08,1.3497
2011-03-09,1.3517
2011-03-10,1.3589
2011-03-11,1.3425
2011-03-14,1.3559
2011-03-15,1.3693
2011-03-16,1.371
2011-03-17,1.3873
2011-03-18,1.3704
2011-03-21,1.3646
2011-03-22,1.3488
2011-03-23,1.3519
2011-03-24,1.3307
2011-03-25,1.3238
2011-03-28,1.3256
2011-03-29,1.3233
2011-03-30,1.3122
2011-03-31,1.3091
2011-04-01,1.3041
2011-04-04,1.3036
2011-04-05,1.2984
2011-04-06,1.2847
2011-04-07,1.2865
2011-04-08,1.2788
2011-04-11,1.2794
2011-04-12,1.2739
2011-04-13,1.266
2011-04-14,1.2626
2011-04-15,1.2545
2011-04-18,1.2708
2011-04-19,1.27
2011-04-20,1.2541
2011-04-21,1.2467
2011-04-22,1.2477
2011-04-25,1.2506
2011-04-26,1.2422
2011-04-27,1.2477
2011-04-28,1.2488
2011-04-29,1.2395
2011-05-02,1.2364
2011-05-03,1.2421
2011-05-04,1.2663
2011-05-05,1.2711
2011-05-06,1.2572
2011-05-09,1.2621
2011-05-10,1.261
2011-05-11,1.2637
2011-05-12,1.2552
2011-05-13,1.2732
2011-05-16,1.2739
2011-05-17,1.285
2011-05-18,1.2669
2011-05-19,1.2692
2011-05-20,1.2604
2011-05-23,1.2689
2011-05-24,1.2538
2011-05-25,1.25
2011-05-26,1.2372
2011-05-27,1.2214
2011-05-31,1.2149
2011-06-01,1.216
2011-06-02,1.2294
2011-06-03,1.2264
2011-06-06,1.2249
2011-06-07,1.2183
2011-06-08,1.2246
2011-06-09,1.2055
2011-06-10,1.214
2011-06-13,1.2291
2011-06-14,1.2219
2011-06-15,1.2356
2011-06-16,1.2449
2011-06-17,1.2335
2011-06-20,1.2318
2011-06-21,1.2315
2011-06-22,1.2226
2011-06-23,1.2335
2011-06-24,1.2318
2011-06-27,1.2408
2011-06-28,1.2344
2011-06-29,1.2158
2011-06-30,1.2071
2011-07-01,1.2088
2011-07-05,1.2074
2011-07-06,1.2074
2011-07-07,1.2042
2011-07-08,1.1998
2011-07-11,1.2054
2011-07-12,1.2182
2011-07-13,1.1962
2011-07-14,1.1844
2011-07-15,1.185
2011-07-18,1.1867
2011-07-19,1.1688
2011-07-20,1.1697
2011-07-21,1.1586
2011-07-22,1.1567
2011-07-25,1.1545
2011-07-26,1.1485
2011-07-27,1.1501
2011-07-28,1.146
2011-07-29,1.1395
2011-08-01,1.1438
2011-08-02,1.1465
2011-08-03,1.1587
2011-08-04,1.1836
2011-08-05,1.2022
2011-08-08,1.2024
2011-08-09,1.2192
2011-08-10,1.2315
2011-08-11,1.214
2011-08-12,1.2021
2011-08-15,1.2058
2011-08-16,1.195
2011-08-17,1.1923
2011-08-18,1.2102
2011-08-19,1.2132
2011-08-22,1.2137
2011-08-23,1.1977
2011-08-24,1.2076
2011-08-25,1.2064
2011-08-26,1.1901
2011-08-29,1.1836
2011-08-30,1.1716
2011-08-31,1.1695
2011-09-01,1.1741
2011-09-02,1.1776
2011-09-06,1.2151
2011-09-07,1.2063
2011-09-08,1.1957
2011-09-09,1.2174
2011-09-12,1.2179
2011-09-13,1.2136
2011-09-14,1.2171
2011-09-15,1.212
2011-09-16,1.2032
2011-09-19,1.2158
2011-09-20,1.2101
2011-09-21,1.2274
2011-09-22,1.2837
2011-09-23,1.2837
2011-09-26,1.296
2011-09-27,1.2604
2011-09-28,1.2729
2011-09-29,1.2875
2011-09-30,1.3029
2011-10-03,1.3116
2011-10-04,1.3266
2011-10-05,1.311
2011-10-06,1.3023
2011-10-07,1.2878
2011-10-11,1.2778
2011-10-12,1.2547
2011-10-13,1.2623
2011-10-14,1.2467
2011-10-17,1.2538
2011-10-18,1.2614
2011-10-19,1.2579
2011-10-20,1.2674
2011-10-21,1.247
2011-10-24,1.2372
2011-10-25,1.2552
2011-10-26,1.2617
2011-10-27,1.2209
2011-10-28,1.2165
2011-10-31,1.2315
2011-11-01,1.259
2011-11-02,1.262
2011-11-03,1.2679
2011-11-04,1.2615
2011-11-07,1.2572
2011-11-08,1.2579
2011-11-09,1.2731
2011-11-10,1.2882
2011-11-14,1.2835
2011-11-15,1.2999
2011-11-16,1.3012
2011-11-17,1.3118
2011-11-18,1.32
2011-11-21,1.3378
2011-11-22,1.3412
2011-11-23,1.3504
2011-11-25,1.3483
2011-11-28,1.3245
2011-11-29,1.3111
2011-11-30,1.2872
2011-12-01,1.2855
2011-12-02,1.286
2011-12-05,1.2798
2011-12-06,1.2858
2011-12-07,1.2857
2011-12-08,1.2937
2011-12-09,1.2932
2011-12-12,1.3129
2011-12-13,1.3087
2011-12-14,1.3321
2011-12-15,1.3259
2011-12-16,1.312
2011-12-19,1.3212
2011-12-20,1.299
2011-12-21,1.3031
2011-12-22,1.2903
2011-12-23,1.292
2011-12-27,1.2953
2011-12-28,1.3004
2011-12-29,1.2963
2011-12-30,1.2812
2012-01-03,1.2653
2012-01-04,1.2697
2012-01-05,1.2814
2012-01-06,1.2791
2012-01-09,1.2739
2012-01-10,1.2583
2012-01-11,1.2579
2012-01-12,1.2615
2012-01-13,1.2621
2012-01-17,1.2492
2012-01-18,1.2408
2012-01-19,1.2467
2012-01-20,1.2408
2012-01-23,1.2333
2012-01-24,1.2356
2012-01-25,1.2413
2012-01-26,1.2173
2012-01-27,1.2137
2012-01-30,1.2197
2012-01-31,1.2127
2012-02-01,1.2018
2012-02-02,1.1975
2012-02-03,1.1962
2012-02-06,1.1983
2012-02-07,1.1956
2012-02-08,1.1995
2012-02-09,1.1953
2012-02-10,1.2073
2012-02-13,1.1977
2012-02-14,1.2018
2012-02-15,1.193
2012-02-16,1.1998
2012-02-17,1.2009
2012-02-21,1.1959
2012-02-22,1.2054
2012-02-23,1.1998
2012-02-24,1.1955
2012-02-27,1.1899
2012-02-28,1.1937
2012-02-29,1.1909
2012-03-01,1.1906
2012-03-02,1.2026
2012-03-05,1.2171
2012-03-06,1.2306
2012-03-07,1.2203
2012-03-08,1.2133
2012-03-09,1.2168
2012-03-12,1.2232
2012-03-13,1.2152
2012-03-14,1.2356
2012-03-15,1.2203
2012-03-16,1.2136
2012-03-19,1.2112
2012-03-20,1.2231
2012-03-21,1.229
2012-03-22,1.2375
2012-03-23,1.2238
2012-03-26,1.2182
2012-03-27,1.2186
2012-03-28,1.2229
2012-03-29,1.2235
2012-03-30,1.2195
2012-04-02,1.2136
2012-04-03,1.2204
2012-04-04,1.2276
2012-04-05,1.2261
2012-04-06,1.22
2012-04-09,1.2154
2012-04-10,1.2297
2012-04-11,1.2228
2012-04-12,1.2092
2012-04-13,1.2132
2012-04-16,1.2212
2012-04-17,1.2161
2012-04-18,1.2235
2012-04-19,1.227
2012-04-20,1.2235
2012-04-23,1.2326
2012-04-24,1.2318
2012-04-25,1.2296
2012-04-26,1.2277
2012-04-27,1.2197
2012-04-30,1.2234
2012-05-01,1.2261
2012-05-02,1.2355
2012-05-03,1.2497
2012-05-04,1.2577
2012-05-07,1.2569
2012-05-08,1.2702
2012-05-09,1.274
2012-05-10,1.2705
2012-05-11,1.271
2012-05-14,1.2824
2012-05-15,1.2945
2012-05-16,1.3055
2012-05-17,1.306
2012-05-18,1.3259
2012-05-21,1.3156
2012-05-22,1.3142
2012-05-23,1.3387
2012-05-24,1.3273
2012-05-25,1.3231
2012-05-29,1.3146
2012-05-30,1.3245
2012-05-31,1.3286
2012-06-01,1.3268
2012-06-04,1.3214
2012-06-05,1.3252
2012-06-06,1.3019
2012-06-07,1.2967
2012-06-08,1.3033
2012-06-11,1.2933
2012-06-12,1.2893
2012-06-13,1.2852
2012-06-14,1.2793
2012-06-15,1.2697
2012-06-18,1.265
2012-06-19,1.2516
2012-06-20,1.2553
2012-06-21,1.2617
2012-06-22,1.265
2012-06-25,1.2724
2012-06-26,1.2642
2012-06-27,1.2649
2012-06-28,1.2719
2012-06-29,1.2458
2012-07-02,1.2458
2012-07-03,1.2408
2012-07-05,1.2425
2012-07-06,1.2555
2012-07-09,1.2571
2012-07-10,1.2549
2012-07-11,1.2527
2012-07-12,1.2661
2012-07-13,1.2583
2012-07-16,1.2545
2012-07-17,1.2568
2012-07-18,1.2514
2012-07-19,1.245
2012-07-20,1.2513
2012-07-23,1.2673
2012-07-24,1.2697
2012-07-25,1.2724
2012-07-26,1.2477
2012-07-27,1.2382
2012-07-30,1.2369
2012-07-31,1.2323
2012-08-01,1.2309
2012-08-02,1.2361
2012-08-03,1.2198
2012-08-06,1.2168
2012-08-07,1.2234
2012-08-08,1.2261
2012-08-09,1.233
2012-08-10,1.2306
2012-08-13,1.2373
2012-08-14,1.2387
2012-08-15,1.2387
2012-08-16,1.2349
2012-08-17,1.2376
2012-08-20,1.2344
2012-08-21,1.2315
2012-08-22,1.2349
2012-08-23,1.2252
2012-08-24,1.2321
2012-08-27,1.2349
2012-08-28,1.2412
2012-08-29,1.2463
2012-08-30,1.252
2012-08-31,1.2442
2012-09-04,1.2594
2012-09-05,1.2575
2012-09-06,1.2475
2012-09-07,1.2326
2012-09-10,1.2329
2012-09-11,1.2222
2012-09-12,1.2203
2012-09-13,1.2143
2012-09-14,1.2061
2012-09-17,1.2086
2012-09-18,1.2077
2012-09-19,1.207
2012-09-20,1.2099
2012-09-21,1.2041
2012-09-24,1.2168
2012-09-25,1.2086
2012-09-26,1.2149
2012-09-27,1.2019
2012-09-28,1.2058
2012-10-01,1.2064
2012-10-02,1.2035
2012-10-03,1.2191
2012-10-04,1.2209
2012-10-05,1.2149
2012-10-09,1.2243
2012-10-10,1.2229
2012-10-11,1.2232
2012-10-12,1.2231
2012-10-15,1.2212
2012-10-16,1.229
2012-10-17,1.2168
2012-10-18,1.216
2012-10-19,1.2253
2012-10-22,1.2231
2012-10-23,1.2323
2012-10-24,1.2265
2012-10-25,1.2182
2012-10-26,1.2157
2012-10-29,1.2212
2012-10-30,1.2189
2012-10-31,1.2165
2012-11-01,1.2101
2012-11-02,1.2105
2012-11-05,1.2117
2012-11-06,1.2082
2012-11-07,1.2114
2012-11-08,1.2234
2012-11-09,1.2273
2012-11-13,1.2201
2012-11-14,1.232
2012-11-15,1.2353
2012-11-16,1.2358
2012-11-19,1.2222
2012-11-20,1.2264
2012-11-21,1.232
2012-11-23,1.2136
2012-11-26,1.2165
2012-11-27,1.2179
2012-11-28,1.2152
2012-11-29,1.2171
2012-11-30,1.2194
2012-12-03,1.2167
2012-12-04,1.2132
2012-12-05,1.2114
2012-12-06,1.2012
2012-12-07,1.2008
2012-12-10,1.1986
2012-12-11,1.1932
2012-12-12,1.1889
2012-12-13,1.1848
2012-12-14,1.1839
2012-12-17,1.1843
2012-12-18,1.1875
2012-12-19,1.195
2012-12-20,1.2
2012-12-21,1.2129
2012-12-24,1.2157
2012-12-26,1.2256
2012-12-27,1.2235
2012-12-28,1.2182
2012-12-31,1.2096
2013-01-02,1.2002
2013-01-03,1.2011
2013-01-04,1.207
2013-01-07,1.1975
2013-01-08,1.1982
2013-01-09,1.1908
2013-01-10,1.1868
2013-01-11,1.1946
2013-01-14,1.1906
2013-01-15,1.1922
2013-01-16,1.1892
2013-01-17,1.1891
2013-01-18,1.1975
2013-01-22,1.1903
2013-01-23,1.1857
2013-01-24,1.1919
2013-01-25,1.1942
2013-01-28,1.2039
2013-01-29,1.1939
2013-01-30,1.2034
2013-01-31,1.1909
2013-02-01,1.1815
2013-02-04,1.1823
2013-02-05,1.1844
2013-02-06,1.1864
2013-02-07,1.2044
2013-02-08,1.1972
2013-02-11,1.1946
2013-02-12,1.1875
2013-02-13,1.1895
2013-02-14,1.1804
2013-02-15,1.1825
2013-02-19,1.1788
2013-02-20,1.195
2013-02-21,1.1976
2013-02-22,1.193
2013-02-25,1.1933
2013-02-26,1.2124
2013-02-27,1.2145
2013-02-28,1.2069
2013-03-01,1.2124
2013-03-04,1.2149
2013-03-05,1.2054
2013-03-06,1.206
2013-03-07,1.2092
2013-03-08,1.2194
2013-03-11,1.212
2013-03-12,1.2112
2013-03-13,1.2134
2013-03-14,1.2191
2013-03-15,1.2096
2013-03-18,1.2129
2013-03-19,1.2137
2013-03-20,1.2164
2013-03-21,1.2008
2013-03-22,1.1973
2013-03-25,1.198
2013-03-26,1.1933
2013-03-27,1.1963
2013-03-28,1.193
2013-03-29,1.1962
2013-04-01,1.1937
2013-04-02,1.1868
2013-04-03,1.1846
2013-04-04,1.1932
2013-04-05,1.1875
2013-04-08,1.1829
2013-04-09,1.1748
2013-04-10,1.1673
2013-04-11,1.1561
2013-04-12,1.1666
2013-04-15,1.1783
2013-04-16,1.1781
2013-04-17,1.1825
2013-04-18,1.1874
2013-04-19,1.1854
2013-04-22,1.1896
2013-04-23,1.1892
2013-04-24,1.1827
2013-04-25,1.1741
2013-04-26,1.1752
2013-04-29,1.1675
2013-04-30,1.1655
2013-05-01,1.1773
2013-05-02,1.1769
2013-05-03,1.1712
2013-05-06,1.1752
2013-05-07,1.1844
2013-05-08,1.1913
2013-05-09,1.184
2013-05-10,1.2086
2013-05-13,1.2129
2013-05-14,1.2174
2013-05-15,1.216
2013-05-16,1.221
2013-05-17,1.2373
2013-05-20,1.2265
2013-05-21,1.2253
2013-05-22,1.237
2013-05-23,1.2246
2013-05-24,1.2349
2013-05-28,1.2355
2013-05-29,1.2299
2013-05-30,1.2382
2013-05-31,1.2542
2013-06-03,1.2347
2013-06-04,1.2513
2013-06-05,1.2587
2013-06-06,1.2481
2013-06-07,1.2686
2013-06-10,1.2641
2013-06-11,1.2708
2013-06-12,1.2538
2013-06-13,1.2453
2013-06-14,1.2399
2013-06-17,1.2508
2013-06-18,1.2498
2013-06-19,1.2435
2013-06-20,1.2942
2013-06-21,1.2965
2013-06-24,1.2938
2013-06-25,1.2937
2013-06-26,1.2801
2013-06-27,1.2845
2013-06-28,1.2895
2013-07-01,1.2771
2013-07-02,1.2887
2013-07-03,1.2855
2013-07-05,1.2968
2013-07-08,1.2816
2013-07-09,1.2728
2013-07-10,1.283
2013-07-11,1.2817
2013-07-12,1.2852
2013-07-15,1.2814
2013-07-16,1.2692
2013-07-17,1.2668
2013-07-18,1.2684
2013-07-19,1.2585
2013-07-22,1.2557
2013-07-23,1.2549
2013-07-24,1.2588
2013-07-25,1.2415
2013-07-26,1.2389
2013-07-29,1.2461
2013-07-30,1.2539
2013-07-31,1.2577
2013-08-01,1.271
2013-08-02,1.2783
2013-08-05,1.2822
2013-08-06,1.2679
2013-08-07,1.2536
2013-08-08,1.2444
2013-08-09,1.2441
2013-08-12,1.2444
2013-08-13,1.2588
2013-08-14,1.2449
2013-08-15,1.2429
2013-08-16,1.2318
2013-08-19,1.2369
2013-08-20,1.2519
2013-08-21,1.2692
2013-08-22,1.2762
2013-08-23,1.2791
2013-08-26,1.2731
2013-08-27,1.2829
2013-08-28,1.2817
2013-08-29,1.2885
2013-08-30,1.2938
2013-09-03,1.2844
2013-09-04,1.2618
2013-09-05,1.2658
2013-09-06,1.2489
2013-09-09,1.2469
2013-09-10,1.2419
2013-09-11,1.2401
2013-09-12,1.227
2013-09-13,1.2279
2013-09-16,1.2217
2013-09-17,1.2124
2013-09-18,1.2168
2013-09-19,1.1962
2013-09-20,1.1945
2013-09-23,1.1925
2013-09-24,1.2058
2013-09-25,1.2092
2013-09-26,1.2083
2013-09-27,1.2088
2013-09-30,1.2015
2013-10-01,1.2089
2013-10-02,1.2092
2013-10-03,1.2061
2013-10-04,1.2009
2013-10-07,1.2005
2013-10-08,1.2042
2013-10-09,1.2055
2013-10-10,1.2048
2013-10-11,1.1999
2013-10-15,1.1949
2013-10-16,1.1896
2013-10-17,1.1748
2013-10-18,1.1769
2013-10-21,1.1811
2013-10-22,1.1741
2013-10-23,1.1915
2013-10-24,1.1982
2013-10-25,1.2074
2013-10-28,1.2071
2013-10-29,1.2099
2013-10-30,1.2126
2013-10-31,1.2082
2013-11-01,1.2149
2013-11-04,1.2069
2013-11-05,1.2053
2013-11-06,1.1929
2013-11-07,1.1983
2013-11-08,1.2115
2013-11-12,1.2174
2013-11-13,1.2105
2013-11-14,1.2076
2013-11-15,1.2003
2013-11-18,1.1947
2013-11-19,1.1989
2013-11-20,1.2061
2013-11-21,1.2182
2013-11-22,1.2241
2013-11-25,1.2213
2013-11-26,1.2206
2013-11-27,1.2306
2013-11-29,1.2259
2013-12-02,1.2228
2013-12-03,1.2129
2013-12-04,1.2235
2013-12-05,1.2179
2013-12-06,1.209
2013-12-09,1.2092
2013-12-10,1.2024
2013-12-11,1.2157
2013-12-12,1.2139
2013-12-13,1.2099
2013-12-16,1.2096
2013-12-17,1.2127
2013-12-18,1.2157
2013-12-19,1.2238
2013-12-20,1.2174
2013-12-23,1.2177
2013-12-24,1.2216
2013-12-26,1.2258
2013-12-27,1.2225
2013-12-30,1.2167
2013-12-31,1.2152
2014-01-02,1.2189
2014-01-03,1.2054
2014-01-06,1.206
2014-01-07,1.2063
2014-01-08,1.2079
2014-01-09,1.2124
2014-01-10,1.2057
2014-01-13,1.1957
2014-01-14,1.1906
2014-01-15,1.1979
2014-01-16,1.2016
2014-01-17,1.2108
2014-01-21,1.2026
2014-01-22,1.2039
2014-01-23,1.2016
2014-01-24,1.2117
2014-01-27,1.2152
2014-01-28,1.2111
2014-01-29,1.2079
2014-01-30,1.2291
2014-01-31,1.2361
2014-02-03,1.2335
2014-02-04,1.2194
2014-02-05,1.2188
2014-02-06,1.2089
2014-02-07,1.2073
2014-02-10,1.2086
2014-02-11,1.199
2014-02-12,1.2019
2014-02-13,1.1992
2014-02-14,1.1952
2014-02-18,1.2031
2014-02-19,1.2037
2014-02-20,1.2073
2014-02-21,1.2073
2014-02-24,1.1995
2014-02-25,1.1996
2014-02-26,1.2057
2014-02-27,1.1929
2014-02-28,1.1919
2014-03-03,1.1946
2014-03-04,1.1935
2014-03-05,1.1874
2014-03-06,1.1779
2014-03-07,1.1827
2014-03-10,1.1813
2014-03-11,1.1781
2014-03-12,1.1781
2014-03-13,1.1671
2014-03-14,1.1695
2014-03-17,1.1662
2014-03-18,1.1586
2014-03-19,1.16
2014-03-20,1.1712
2014-03-21,1.1699
2014-03-24,1.1701
2014-03-25,1.1686
2014-03-26,1.162
2014-03-27,1.1522
2014-03-28,1.1554
2014-03-31,1.1515
2014-04-01,1.1534
2014-04-02,1.1686
2014-04-03,1.1714
2014-04-04,1.1648
2014-04-07,1.1629
2014-04-08,1.1531
2014-04-09,1.1546
2014-04-10,1.1484
2014-04-11,1.1513
2014-04-14,1.1537
2014-04-15,1.1587
2014-04-16,1.1616
2014-04-17,1.1651
2014-04-18,1.1637
2014-04-21,1.168
2014-04-22,1.1617
2014-04-23,1.1654
2014-04-24,1.1682
2014-04-25,1.1652
2014-04-28,1.1722
2014-04-29,1.1704
2014-04-30,1.1621
2014-05-01,1.159
2014-05-02,1.1567
2014-05-05,1.1518
2014-05-06,1.1408
2014-05-07,1.1531
2014-05-08,1.1551
2014-05-09,1.1613
2014-05-12,1.1601
2014-05-13,1.1561
2014-05-14,1.1534
2014-05-15,1.1578
2014-05-16,1.1581
2014-05-19,1.1579
2014-05-20,1.1663
2014-05-21,1.1703
2014-05-22,1.168
2014-05-23,1.1699
2014-05-27,1.1715
2014-05-28,1.1776
2014-05-29,1.1815
2014-05-30,1.1786
2014-06-02,1.1805
2014-06-03,1.186
2014-06-04,1.1872
2014-06-05,1.1791
2014-06-06,1.1765
2014-06-09,1.1774
2014-06-10,1.1751
2014-06-11,1.1681
2014-06-12,1.1515
2014-06-13,1.1557
2014-06-16,1.1518
2014-06-17,1.1549
2014-06-18,1.1522
2014-06-19,1.1473
2014-06-20,1.1506
2014-06-23,1.1482
2014-06-24,1.1513
2014-06-25,1.1446
2014-06-26,1.141
2014-06-27,1.1409
2014-06-30,1.1422
2014-07-01,1.14
2014-07-02,1.1401
2014-07-03,1.1412
2014-07-07,1.1405
2014-07-08,1.1379
2014-07-09,1.1357
2014-07-10,1.1346
2014-07-11,1.1358
2014-07-14,1.136
2014-07-15,1.1406
2014-07-16,1.148
2014-07-17,1.1506
2014-07-18,1.1523
2014-07-21,1.1504
2014-07-22,1.1551
2014-07-23,1.1509
2014-07-24,1.1646
2014-07-25,1.1699
2014-07-28,1.1696
2014-07-29,1.1769
2014-07-30,1.1808
2014-07-31,1.1779
2014-08-01,1.1751
2014-08-04,1.173
2014-08-05,1.182
2014-08-06,1.1825
2014-08-07,1.1776
2014-08-08,1.1804
2014-08-11,1.1815
2014-08-12,1.1855
2014-08-13,1.1822
2014-08-14,1.1774
2014-08-15,1.1781
2014-08-18,1.1797
2014-08-19,1.1844
2014-08-20,1.1902
2014-08-21,1.1902
2014-08-22,1.1915
2014-08-25,1.1975
2014-08-26,1.1995
2014-08-27,1.1949
2014-08-28,1.1939
2014-08-29,1.1952
2014-09-02,1.2035
2014-09-03,1.2026
2014-09-04,1.2034
2014-09-05,1.2009
2014-09-08,1.207
2014-09-09,1.2129
2014-09-10,1.2129
2014-09-11,1.2214
2014-09-12,1.2261
2014-09-15,1.2246
2014-09-16,1.2185
2014-09-17,1.2268
2014-09-18,1.2279
2014-09-19,1.2317
2014-09-22,1.2308
2014-09-23,1.2398
2014-09-24,1.2396
2014-09-25,1.2607
2014-09-26,1.2697
2014-09-29,1.284
2014-09-30,1.284
2014-10-01,1.2802
2014-10-02,1.2689
2014-10-03,1.2867
2014-10-06,1.2811
2014-10-07,1.2765
2014-10-08,1.2821
2014-10-09,1.2716
2014-10-10,1.2765
2014-10-14,1.2731
2014-10-15,1.2599
2014-10-16,1.2558
2014-10-17,1.2602
2014-10-20,1.2552
2014-10-21,1.255
2014-10-22,1.2588
2014-10-23,1.2753
2014-10-24,1.2718
2014-10-27,1.2679
2014-10-28,1.2612
2014-10-29,1.2555
2014-10-30,1.2755
2014-10-31,1.2853
2014-11-03,1.2933
2014-11-04,1.2858
2014-11-05,1.294
2014-11-06,1.2962
2014-11-07,1.2927
2014-11-10,1.2882
2014-11-12,1.2661
2014-11-13,1.2657
2014-11-14,1.2642
2014-11-17,1.2602
2014-11-18,1.2593
2014-11-19,1.2724
2014-11-20,1.2736
2014-11-21,1.2681
2014-11-24,1.2729
2014-11-25,1.2811
2014-11-26,1.2689
2014-11-28,1.2755
2014-12-01,1.266
2014-12-02,1.2821
2014-12-03,1.2857
2014-12-04,1.2802
2014-12-05,1.2957
2014-12-08,1.3051
2014-12-09,1.2943
2014-12-10,1.2962
2014-12-11,1.2819
2014-12-12,1.2839
2014-12-15,1.2897
2014-12-16,1.2837
2014-12-17,1.2937
2014-12-18,1.2892
2014-12-19,1.2912
2014-12-22,1.292
2014-12-23,1.2967
2014-12-24,1.2952
2014-12-29,1.284
2014-12-30,1.2744
2014-12-31,1.2827
2015-01-02,1.2968
2015-01-05,1.2984
2015-01-06,1.2812
2015-01-07,1.2942
2015-01-08,1.2778
2015-01-09,1.2768
2015-01-12,1.286
2015-01-13,1.2933
2015-01-14,1.291
2015-01-15,1.2835
2015-01-16,1.2857
2015-01-20,1.2999
2015-01-21,1.3196
2015-01-22,1.3243
2015-01-23,1.3374
2015-01-26,1.3468
2015-01-27,1.3403
2015-01-28,1.3421
2015-01-29,1.3776
2015-01-30,1.3797
2015-02-02,1.3691
2015-02-03,1.371
2015-02-04,1.3567
2015-02-05,1.353
2015-02-06,1.3585
2015-02-09,1.3486
2015-02-10,1.349
2015-02-11,1.3546
2015-02-12,1.3401
2015-02-13,1.339
2015-02-17,1.3293
2015-02-18,1.33
2015-02-19,1.3257
2015-02-20,1.3273
2015-02-23,1.327
2015-02-24,1.3412
2015-02-25,1.3249
2015-02-26,1.3236
2015-02-27,1.3233
2015-03-02,1.3293
2015-03-03,1.321
2015-03-04,1.3186
2015-03-05,1.3394
2015-03-06,1.3578
2015-03-09,1.3587
2015-03-10,1.3751
2015-03-11,1.3854
2015-03-12,1.3508
2015-03-13,1.3643
2015-03-16,1.3532
2015-03-17,1.3676
2015-03-18,1.3581
2015-03-19,1.3557
2015-03-20,1.3236
2015-03-23,1.3118
2015-03-24,1.3103
2015-03-25,1.3101
2015-03-26,1.3186
2015-03-27,1.3228
2015-03-30,1.3308
2015-03-31,1.336
2015-04-01,1.3403
2015-04-02,1.3364
2015-04-03,1.3167
2015-04-06,1.3149
2015-04-07,1.3321
2015-04-08,1.3193
2015-04-09,1.3236
2015-04-10,1.3277
2015-04-13,1.3426
2015-04-14,1.327
2015-04-15,1.3268
2015-04-16,1.3051
2015-04-17,1.3014
2015-04-20,1.3043
2015-04-21,1.3004
2015-04-22,1.3026
2015-04-23,1.3184
2015-04-24,1.3156
2015-04-27,1.3075
2015-04-28,1.2932
2015-04-29,1.2925
2015-04-30,1.3173
2015-05-01,1.3298
2015-05-04,1.328
2015-05-05,1.3222
2015-05-06,1.331
2015-05-07,1.343
2015-05-08,1.3351
2015-05-11,1.3605
2015-05-12,1.3556
2015-05-13,1.3355
2015-05-14,1.3333
2015-05-15,1.3353
2015-05-18,1.3517
2015-05-19,1.3598
2015-05-20,1.3708
2015-05-21,1.3661
2015-05-22,1.3686
2015-05-26,1.3835
2015-05-27,1.3835
2015-05-28,1.3986
2015-05-29,1.4063
2015-06-01,1.4088
2015-06-02,1.3978
2015-06-03,1.3982
2015-06-04,1.4053
2015-06-05,1.4192
2015-06-08,1.409
2015-06-09,1.4011
2015-06-10,1.39
2015-06-11,1.4306
2015-06-12,1.4316
2015-06-15,1.4276
2015-06-16,1.4314
2015-06-17,1.4465
2015-06-18,1.4405
2015-06-19,1.4503
2015-06-22,1.4543
2015-06-23,1.4596
2015-06-24,1.456
2015-06-25,1.447
2015-06-26,1.4639
2015-06-29,1.459
2015-06-30,1.4754
2015-07-01,1.4806
2015-07-02,1.4868
2015-07-06,1.4919
2015-07-07,1.5011
2015-07-08,1.4835
2015-07-09,1.4865
2015-07-10,1.4928
2015-07-13,1.4939
2015-07-14,1.491
2015-07-15,1.514
2015-07-16,1.5295
2015-07-17,1.5321
2015-07-20,1.5218
2015-07-21,1.5085
2015-07-22,1.5216
2015-07-23,1.5049
2015-07-24,1.5184
2015-07-27,1.5069
2015-07-28,1.4952
2015-07-29,1.4966
2015-07-30,1.5177
2015-07-31,1.5094
2015-08-03,1.5145
2015-08-04,1.5179
2015-08-05,1.534
2015-08-06,1.5279
2015-08-07,1.5161
2015-08-10,1.5147
2015-08-11,1.5298
2015-08-12,1.5072
2015-08-13,1.5218
2015-08-14,1.5277
2015-08-17,1.5198
2015-08-18,1.5195
2015-08-19,1.5235
2015-08-20,1.5074
2015-08-21,1.4912
2015-08-24,1.5368
2015-08-25,1.5333
2015-08-26,1.5567
2015-08-27,1.5437
2015-08-28,1.5513
2015-08-31,1.5751
2015-09-01,1.5758
2015-09-02,1.5765
2015-09-03,1.5625
2015-09-04,1.5924
2015-09-08,1.5755
2015-09-09,1.562
2015-09-10,1.5858
2015-09-11,1.5838
2015-09-14,1.5798
2015-09-15,1.584
2015-09-16,1.5751
2015-09-17,1.5818
2015-09-18,1.5586
2015-09-21,1.5848
2015-09-22,1.5893
2015-09-23,1.6015
2015-09-24,1.5778
2015-09-25,1.5701
2015-09-28,1.5758
2015-09-29,1.5704
2015-09-30,1.5649
2015-10-01,1.5598
2015-10-02,1.5547
2015-10-05,1.5373
2015-10-06,1.53
2015-10-07,1.5099
2015-10-08,1.5056
2015-10-09,1.4925
2015-10-13,1.495
2015-10-14,1.4778
2015-10-15,1.459
2015-10-16,1.4708
2015-10-19,1.4697
2015-10-20,1.4804
2015-10-21,1.485
2015-10-22,1.4725
2015-10-23,1.4813
2015-10-26,1.4719
2015-10-27,1.4702
2015-10-28,1.4879
2015-10-29,1.497
2015-10-30,1.478
2015-11-02,1.4826
2015-11-03,1.4979
2015-11-04,1.5181
2015-11-05,1.509
2015-11-06,1.5363
2015-11-09,1.5298
2015-11-10,1.5305
2015-11-12,1.5316
2015-11-13,1.5319
2015-11-16,1.5413
2015-11-17,1.5482
2015-11-18,1.5528
2015-11-19,1.5198
2015-11-20,1.5249
2015-11-23,1.5359
2015-11-24,1.5291
2015-11-25,1.5214
2015-11-27,1.53
2015-11-30,1.5211
2015-12-01,1.4972
2015-12-02,1.5085
2015-12-03,1.5076
2015-12-04,1.4804
2015-12-07,1.5042
2015-12-08,1.5069
2015-12-09,1.5085
2015-12-10,1.4786
2015-12-11,1.4865
2015-12-14,1.4754
2015-12-15,1.4819
2015-12-16,1.4767
2015-12-17,1.4943
2015-12-18,1.481
2015-12-21,1.4773
2015-12-22,1.468
2015-12-23,1.473
2015-12-24,1.4624
2015-12-28,1.4592
2015-12-29,1.4552
2015-12-30,1.4626
2015-12-31,1.4616
2016-01-04,1.4837
2016-01-05,1.4925
2016-01-06,1.5056
2016-01-07,1.5031
2016-01-08,1.5246
2016-01-11,1.5258
2016-01-12,1.533
2016-01-13,1.5246
2016-01-14,1.5456
2016-01-15,1.555
2016-01-19,1.5411
2016-01-20,1.5652
2016-01-21,1.5333
2016-01-22,1.5425
2016-01-25,1.5449
2016-01-26,1.5404
2016-01-27,1.5321
2016-01-28,1.5439
2016-01-29,1.5458
2016-02-01,1.5356
2016-02-02,1.5392
2016-02-03,1.5017
2016-02-04,1.4861
2016-02-05,1.5108
2016-02-08,1.5067
2016-02-09,1.5042
2016-02-10,1.5026
2016-02-11,1.4966
2016-02-12,1.5088
2016-02-16,1.5232
2016-02-17,1.5088
2016-02-18,1.5092
2016-02-19,1.5117
2016-02-22,1.4881
2016-02-23,1.5015
2016-02-24,1.5078
2016-02-25,1.4928
2016-02-26,1.5042
2016-02-29,1.5149
2016-03-01,1.5108
2016-03-02,1.5056
2016-03-03,1.4824
2016-03-04,1.4708
2016-03-07,1.4704
2016-03-08,1.4771
2016-03-09,1.4686
2016-03-10,1.4999
2016-03-11,1.4786
2016-03-14,1.4948
2016-03-15,1.5119
2016-03-16,1.5149
2016-03-17,1.4631
2016-03-18,1.468
2016-03-21,1.4784
2016-03-22,1.4793
2016-03-23,1.4921
2016-03-24,1.4937
2016-03-25,1.4959
2016-03-28,1.4861
2016-03-29,1.4699
2016-03-30,1.4463
2016-03-31,1.4438
2016-04-01,1.4495
2016-04-04,1.4594
2016-04-05,1.4734
2016-04-06,1.462
2016-04-07,1.4762
2016-04-08,1.4674
2016-04-11,1.4577
2016-04-12,1.4489
2016-04-13,1.4459
2016-04-14,1.4565
2016-04-15,1.4465
2016-04-18,1.4397
2016-04-19,1.4217
2016-04-20,1.4292
2016-04-21,1.4443
2016-04-22,1.459
2016-04-25,1.4586
2016-04-26,1.4503
2016-04-27,1.4596
2016-04-28,1.4349
2016-04-29,1.4318
2016-05-02,1.4267
2016-05-03,1.444
2016-05-04,1.4548
2016-05-05,1.4505
2016-05-06,1.4613
2016-05-09,1.4754
2016-05-10,1.4824
2016-05-11,1.4609
2016-05-12,1.4671
2016-05-13,1.4747
2016-05-16,1.4695
2016-05-17,1.462
2016-05-18,1.4745
2016-05-19,1.4819
2016-05-20,1.4793
2016-05-23,1.4806
2016-05-24,1.4841
2016-05-25,1.481
2016-05-26,1.481
2016-05-27,1.4861
2016-05-31,1.4773
2016-06-01,1.4691
2016-06-02,1.4674
2016-06-03,1.4405
2016-06-06,1.4428
2016-06-07,1.4325
2016-06-08,1.4237
2016-06-09,1.4019
2016-06-10,1.4146
2016-06-13,1.4156
2016-06-14,1.428
2016-06-15,1.4229
2016-06-16,1.4294
2016-06-17,1.4172
2016-06-20,1.4067
2016-06-21,1.401
2016-06-22,1.3957
2016-06-23,1.3808
2016-06-24,1.4067
2016-06-27,1.4245
2016-06-28,1.4223
2016-06-29,1.4043
2016-06-30,1.4045
2016-07-01,1.3953
2016-07-05,1.3992
2016-07-06,1.4025
2016-07-07,1.3864
2016-07-08,1.3712
2016-07-11,1.3847
2016-07-12,1.3691
2016-07-13,1.3693
2016-07-14,1.3891
2016-07-15,1.4019
2016-07-18,1.4051
2016-07-19,1.4186
2016-07-20,1.4219
2016-07-21,1.4308
2016-07-22,1.4306
2016-07-25,1.4325
2016-07-26,1.4209
2016-07-27,1.4201
2016-07-28,1.4134
2016-07-29,1.3858
2016-08-01,1.3897
2016-08-02,1.3822
2016-08-03,1.3961
2016-08-04,1.3899
2016-08-05,1.401
2016-08-08,1.4008
2016-08-09,1.3931
2016-08-10,1.385
2016-08-11,1.3808
2016-08-12,1.386
2016-08-15,1.3852
2016-08-16,1.3763
2016-08-17,1.3852
2016-08-18,1.3714
2016-08-19,1.3759
2016-08-22,1.374
2016-08-23,1.3686
2016-08-24,1.3686
2016-08-25,1.3704
2016-08-26,1.3695
2016-08-29,1.3785
2016-08-30,1.3847
2016-08-31,1.378
2016-09-01,1.3732
2016-09-02,1.3725
2016-09-06,1.3501
2016-09-07,1.3421
2016-09-08,1.3503
2016-09-09,1.3631
2016-09-12,1.3659
2016-09-13,1.377
2016-09-14,1.3691
2016-09-15,1.3684
2016-09-16,1.3753
2016-09-19,1.3667
2016-09-20,1.3656
2016-09-21,1.3646
2016-09-22,1.3671
2016-09-23,1.3822
2016-09-26,1.3736
2016-09-27,1.371
2016-09-28,1.3785
2016-09-29,1.3727
2016-09-30,1.3717
2016-10-03,1.3768
2016-10-04,1.3801
2016-10-05,1.3941
2016-10-06,1.3965
2016-10-07,1.4047
2016-10-11,1.415
2016-10-12,1.4188
2016-10-13,1.4122
2016-10-14,1.411
2016-10-17,1.4017
2016-10-18,1.3854
2016-10-19,1.3845
2016-10-20,1.3883
2016-10-21,1.3978
2016-10-24,1.4019
2016-10-25,1.3951
2016-10-26,1.3974
2016-10-27,1.4039
2016-10-28,1.3998
2016-10-31,1.3974
2016-11-01,1.3935
2016-11-02,1.3706
2016-11-03,1.3657
2016-11-04,1.3678
2016-11-07,1.3654
2016-11-08,1.3596
2016-11-09,1.3695
2016-11-10,1.3885
2016-11-14,1.4114
2016-11-15,1.4094
2016-11-16,1.4126
2016-11-17,1.4168
2016-11-18,1.4229
2016-11-21,1.417
2016-11-22,1.4188
2016-11-23,1.4265
2016-11-25,1.4194
2016-11-28,1.4158
2016-11-29,1.4047
2016-11-30,1.4122
2016-12-01,1.414
2016-12-02,1.4008
2016-12-05,1.4017
2016-12-06,1.4059
2016-12-07,1.3966
2016-12-08,1.3951
2016-12-09,1.4008
2016-12-12,1.391
2016-12-13,1.3881
2016-12-14,1.3835
2016-12-15,1.4255
2016-12-16,1.4325
2016-12-19,1.4391
2016-12-20,1.4449
2016-12-21,1.4489
2016-12-22,1.4474
2016-12-23,1.4556
2016-12-27,1.4514
2016-12-28,1.4472
2016-12-29,1.4372
2016-12-30,1.4372
2017-01-03,1.4436
2017-01-04,1.4391
2017-01-05,1.4241
2017-01-06,1.4341
2017-01-09,1.4231
2017-01-10,1.4314
2017-01-11,1.4269
2017-01-12,1.401
2017-01-13,1.4075
2017-01-17,1.3922
2017-01-18,1.3931
2017-01-19,1.3945
2017-01-23,1.386
2017-01-24,1.3772
2017-01-25,1.3759
2017-01-26,1.3827
2017-01-27,1.378
2017-01-30,1.3734
2017-01-31,1.3644
2017-02-01,1.3791
2017-02-02,1.3687
2017-02-03,1.3657
2017-02-06,1.3691
2017-02-07,1.3669
2017-02-08,1.3657
2017-02-09,1.3924
2017-02-10,1.3875
2017-02-13,1.3937
2017-02-14,1.3978
2017-02-15,1.3885
2017-02-16,1.3837
2017-02-17,1.3924
2017-02-21,1.3974
2017-02-22,1.3965
2017-02-23,1.3822
2017-02-24,1.3887
2017-02-27,1.3843
2017-02-28,1.3833
2017-03-01,1.4023
2017-03-02,1.4142
2017-03-03,1.4261
2017-03-06,1.4288
2017-03-07,1.432
2017-03-08,1.4438
2017-03-09,1.4478
2017-03-10,1.4453
2017-03-13,1.4436
2017-03-14,1.4424
2017-03-15,1.4376
2017-03-16,1.4329
2017-03-17,1.4269
2017-03-20,1.4184
2017-03-21,1.4158
2017-03-22,1.4172
2017-03-23,1.4198
2017-03-24,1.4225
2017-03-27,1.4174
2017-03-28,1.4211
2017-03-29,1.4235
2017-03-30,1.4239
2017-03-31,1.4284
2017-04-03,1.4292
2017-04-04,1.4333
2017-04-05,1.4378
2017-04-06,1.4341
2017-04-07,1.4374
2017-04-10,1.4358
2017-04-11,1.4376
2017-04-12,1.444
2017-04-13,1.4263
2017-04-14,1.4267
2017-04-17,1.4229
2017-04-18,1.4217
2017-04-19,1.4282
2017-04-20,1.4251
2017-04-21,1.4245
2017-04-24,1.4247
2017-04-25,1.4391
2017-04-26,1.4535
2017-04-27,1.459
2017-04-28,1.4577
2017-05-01,1.4463
2017-05-02,1.4445
2017-05-03,1.4468
2017-05-04,1.459
2017-05-05,1.4461
2017-05-08,1.4472
2017-05-09,1.4495
2017-05-10,1.4397
2017-05-11,1.4601
2017-05-12,1.4577
2017-05-15,1.4522
2017-05-16,1.4533
2017-05-17,1.4438
2017-05-18,1.4459
2017-05-19,1.4465
2017-05-22,1.4306
2017-05-23,1.4257
2017-05-24,1.4261
2017-05-25,1.4198
2017-05-26,1.4174
2017-05-30,1.4094
2017-05-31,1.4085
2017-06-01,1.4156
2017-06-02,1.4004
2017-06-05,1.4004
2017-06-06,1.3887
2017-06-07,1.3897
2017-06-08,1.3852
2017-06-09,1.3875
2017-06-12,1.3877
2017-06-13,1.3848
2017-06-14,1.3693
2017-06-15,1.3872
2017-06-16,1.3789
2017-06-19,1.3805
2017-06-20,1.3814
2017-06-21,1.3862
2017-06-22,1.3765
2017-06-23,1.371
2017-06-26,1.3693
2017-06-27,1.374
2017-06-28,1.3684
2017-06-29,1.3717
2017-06-30,1.3657
2017-07-03,1.3701
2017-07-05,1.3749
2017-07-06,1.3763
2017-07-07,1.3749
2017-07-10,1.3757
2017-07-11,1.3872
2017-07-12,1.3772
2017-07-13,1.3671
2017-07-14,1.3641
2017-07-17,1.3657
2017-07-18,1.3572
2017-07-19,1.3592
2017-07-20,1.3524
2017-07-21,1.3446
2017-07-24,1.3459
2017-07-25,1.347
2017-07-26,1.3457
2017-07-27,1.3349
2017-07-28,1.3323
2017-07-31,1.3328
2017-08-01,1.338
2017-08-02,1.3432
2017-08-03,1.3444
2017-08-04,1.3488
2017-08-07,1.36
2017-08-08,1.3646
2017-08-09,1.3667
2017-08-10,1.3744
2017-08-11,1.3689
2017-08-14,1.3704
2017-08-15,1.381
2017-08-16,1.3768
2017-08-17,1.3684
2017-08-18,1.3644
2017-08-21,1.365
2017-08-22,1.3714
2017-08-23,1.3873
2017-08-24,1.386
2017-08-25,1.3827
2017-08-28,1.3795
2017-08-29,1.3753
2017-08-30,1.387
2017-08-31,1.3947
2017-09-01,1.3953
2017-09-05,1.3789
2017-09-06,1.3847
2017-09-07,1.382
2017-09-08,1.3738
2017-09-11,1.3793
2017-09-12,1.3704
2017-09-13,1.3824
2017-09-14,1.3872
2017-09-15,1.3719
2017-09-18,1.3772
2017-09-19,1.3656
2017-09-20,1.3535
2017-09-21,1.3665
2017-09-22,1.3618
2017-09-25,1.3761
2017-09-26,1.3908
2017-09-27,1.3854
2017-09-28,1.3864
2017-09-29,1.3841
2017-10-02,1.3887
2017-10-03,1.3976
2017-10-04,1.3968
2017-10-05,1.4049
2017-10-06,1.41
2017-10-10,1.413
2017-10-11,1.413
2017-10-12,1.4033
2017-10-13,1.3916
2017-10-16,1.3926
2017-10-17,1.3953
2017-10-18,1.401
2017-10-19,1.4237
2017-10-20,1.437
2017-10-23,1.4337
2017-10-24,1.4501
2017-10-25,1.4554
2017-10-26,1.4577
2017-10-27,1.4554
2017-10-30,1.4558
2017-10-31,1.4599
2017-11-01,1.4501
2017-11-02,1.4447
2017-11-03,1.4474
2017-11-06,1.4463
2017-11-07,1.4493
2017-11-08,1.4449
2017-11-09,1.4384
2017-11-13,1.4497
2017-11-14,1.4529
2017-11-15,1.455
2017-11-16,1.4575
2017-11-17,1.468
2017-11-20,1.468
2017-11-21,1.4628
2017-11-22,1.4575
2017-11-24,1.4524
2017-11-27,1.4474
2017-11-28,1.4426
2017-11-29,1.4497
2017-11-30,1.4599
2017-12-01,1.451
2017-12-04,1.4607
2017-12-05,1.4537
2017-12-06,1.4535
2017-12-07,1.4607
2017-12-08,1.4609
2017-12-11,1.4453
2017-12-12,1.4434
2017-12-13,1.431
2017-12-14,1.4306
2017-12-15,1.4282
2017-12-18,1.4263
2017-12-19,1.4314
2017-12-20,1.4318
2017-12-21,1.4245
2017-12-22,1.4255
2017-12-26,1.4217
2017-12-27,1.4146
2017-12-28,1.4106
2017-12-29,1.4085
2018-01-02,1.4073
2018-01-03,1.4077
2018-01-04,1.3996
2018-01-05,1.3947
2018-01-08,1.3924
2018-01-09,1.3928
2018-01-10,1.3912
2018-01-11,1.3805
2018-01-12,1.3814
2018-01-16,1.3746
2018-01-17,1.3714
2018-01-18,1.3678
2018-01-19,1.3727
2018-01-22,1.3678
2018-01-23,1.3615
2018-01-24,1.3501
2018-01-25,1.3567
2018-01-26,1.3609
2018-01-29,1.3684
2018-01-30,1.3635
2018-01-31,1.3565
2018-02-01,1.3517
2018-02-02,1.3691
2018-02-05,1.3714
2018-02-06,1.3687
2018-02-07,1.3734
2018-02-08,1.3877
2018-02-09,1.3789
2018-02-12,1.3814
2018-02-13,1.3727
2018-02-14,1.3635
2018-02-15,1.3546
2018-02-16,1.3517
2018-02-20,1.3594
2018-02-21,1.3626
2018-02-22,1.3607
2018-02-23,1.3716
2018-02-26,1.3682
2018-02-27,1.3806
2018-02-28,1.3837
2018-03-01,1.3793
2018-03-02,1.3824
2018-03-05,1.3827
2018-03-06,1.3691
2018-03-07,1.3765
2018-03-08,1.3774
2018-03-09,1.3708
2018-03-12,1.3712
2018-03-13,1.3617
2018-03-14,1.3644
2018-03-15,1.3719
2018-03-16,1.3856
2018-03-19,1.3835
2018-03-20,1.3899
2018-03-21,1.3928
2018-03-22,1.385
2018-03-23,1.3785
2018-03-26,1.3708
2018-03-27,1.3721
2018-03-28,1.3806
2018-03-29,1.385
2018-03-30,1.3814
2018-04-02,1.3854
2018-04-03,1.3774
2018-04-04,1.3704
2018-04-05,1.3751
2018-04-06,1.3749
2018-04-09,1.3661
2018-04-10,1.358
2018-04-11,1.357
2018-04-12,1.3559
2018-04-13,1.3604
2018-04-16,1.3585
2018-04-17,1.3626
2018-04-18,1.3646
2018-04-19,1.3736
2018-04-20,1.3868
2018-04-23,1.3976
2018-04-24,1.4061
2018-04-25,1.4158
2018-04-26,1.4152
2018-04-27,1.4144
2018-04-30,1.4198
2018-05-01,1.4271
2018-05-02,1.4278
2018-05-03,1.4229
2018-05-04,1.4251
2018-05-07,1.4231
2018-05-08,1.436
2018-05-09,1.4314
2018-05-10,1.4397
2018-05-11,1.4347
2018-05-14,1.4418
2018-05-15,1.4541
2018-05-16,1.4503
2018-05-17,1.4541
2018-05-18,1.4468
2018-05-21,1.443
2018-05-22,1.4407
2018-05-23,1.4503
2018-05-24,1.4455
2018-05-25,1.4447
2018-05-29,1.4461
2018-05-30,1.4298
2018-05-31,1.4278
2018-06-01,1.4312
2018-06-04,1.4221
2018-06-05,1.4255
2018-06-06,1.4192
2018-06-07,1.4219
2018-06-08,1.4213
2018-06-11,1.4205
2018-06-12,1.4221
2018-06-13,1.419
2018-06-14,1.4292
2018-06-15,1.4403
2018-06-18,1.4428
2018-06-19,1.4478
2018-06-20,1.4535
2018-06-21,1.455
2018-06-22,1.4503
2018-06-25,1.4505
2018-06-26,1.4567
2018-06-27,1.4702
2018-06-28,1.4795
2018-06-29,1.4765
2018-07-02,1.4921
2018-07-03,1.4813
2018-07-05,1.4728
2018-07-06,1.4643
2018-07-09,1.4624
2018-07-10,1.4628
2018-07-11,1.4736
2018-07-12,1.4743
2018-07-13,1.4793
2018-07-16,1.4769
2018-07-17,1.4728
2018-07-18,1.4728
2018-07-19,1.4885
2018-07-20,1.4702
2018-07-23,1.4736
2018-07-24,1.4704
2018-07-25,1.4693
2018-07-26,1.4725
2018-07-27,1.4708
2018-07-30,1.4643
2018-07-31,1.468
2018-08-01,1.4717
2018-08-02,1.4802
2018-08-03,1.4799
2018-08-06,1.4846
2018-08-07,1.4835
2018-08-08,1.4832
2018-08-09,1.5097
2018-08-10,1.5147
2018-08-13,1.5188
2018-08-14,1.5181
2018-08-15,1.5249
2018-08-16,1.5158
2018-08-17,1.5133
2018-08-20,1.5108
2018-08-21,1.4981
2018-08-22,1.4928
2018-08-23,1.5033
2018-08-24,1.4943
2018-08-27,1.4939
2018-08-28,1.4883
2018-08-29,1.4923
2018-08-30,1.506
2018-08-31,1.5119
2018-09-04,1.5272
2018-09-05,1.5195
2018-09-06,1.5161
2018-09-07,1.527
2018-09-10,1.5298
2018-09-11,1.5356
2018-09-12,1.5258
2018-09-13,1.5237
2018-09-14,1.5237
2018-09-17,1.5186
2018-09-18,1.5175
2018-09-19,1.5106
2018-09-20,1.4984
2018-09-21,1.4972
2018-09-24,1.5033
2018-09-25,1.5035
2018-09-26,1.5022
2018-09-27,1.5097
2018-09-28,1.5072
2018-10-01,1.5122
2018-10-02,1.5138
2018-10-03,1.5288
2018-10-04,1.5411
2018-10-05,1.553
2018-10-09,1.548
2018-10-10,1.5439
2018-10-11,1.5344
2018-10-12,1.5359
2018-10-15,1.5263
2018-10-16,1.5168
2018-10-17,1.5205
2018-10-18,1.5249
2018-10-19,1.5163
2018-10-22,1.5267
2018-10-23,1.526
2018-10-24,1.5326
2018-10-25,1.533
2018-10-26,1.5337
2018-10-29,1.5312
2018-10-30,1.5239
2018-10-31,1.5314
2018-11-01,1.5056
2018-11-02,1.5026
2018-11-05,1.5015
2018-11-06,1.4988
2018-11-07,1.4728
2018-11-08,1.4749
2018-11-09,1.4848
2018-11-13,1.478
2018-11-14,1.4719
2018-11-15,1.4656
2018-11-16,1.4575
2018-11-19,1.4631
2018-11-20,1.4661
2018-11-21,1.4622
2018-11-23,1.4762
2018-11-26,1.4738
2018-11-27,1.4756
2018-11-28,1.4712
2018-11-29,1.4584
2018-11-30,1.4535
2018-12-03,1.4424
2018-12-04,1.4413
2018-12-06,1.4545
2018-12-07,1.4579
2018-12-10,1.4539
2018-12-11,1.4533
2018-12-12,1.4586
2018-12-13,1.4577
2018-12-14,1.4693
2018-12-17,1.4699
2018-12-18,1.4596
2018-12-19,1.4594
2018-12-20,1.4778
2018-12-21,1.4868
2018-12-26,1.4826
2018-12-27,1.493
2018-12-28,1.4916
2018-12-31,1.4901
2019-01-02,1.4997
2019-01-03,1.4954
2019-01-04,1.483
2019-01-07,1.4789
2019-01-08,1.4874
2019-01-09,1.4719
2019-01-10,1.4728
2019-01-11,1.465
2019-01-15,1.468
2019-01-16,1.4734
2019-01-17,1.4821
2019-01-18,1.4813
2019-01-22,1.4861
2019-01-23,1.473
2019-01-24,1.4775
2019-01-25,1.4622
2019-01-28,1.4633
2019-01-29,1.4641
2019-01-30,1.4626
2019-01-31,1.4445
2019-02-01,1.4478
2019-02-04,1.4531
2019-02-05,1.4512
2019-02-06,1.4613
2019-02-07,1.4799
2019-02-08,1.4804
2019-02-11,1.4854
2019-02-12,1.4837
2019-02-13,1.4669
2019-02-14,1.4643
2019-02-15,1.4586
2019-02-19,1.459
2019-02-21,1.4695
2019-02-22,1.4618
2019-02-25,1.4524
2019-02-26,1.4512
2019-02-27,1.4618
2019-02-28,1.4689
2019-03-01,1.4693
2019-03-04,1.4693
2019-03-05,1.4734
2019-03-06,1.476
2019-03-07,1.4769
2019-03-08,1.4691
2019-03-11,1.4646
2019-03-12,1.4567
2019-03-13,1.4582
2019-03-14,1.4658
2019-03-15,1.4599
2019-03-18,1.4586
2019-03-19,1.4565
2019-03-20,1.4603
2019-03-21,1.4545
2019-03-22,1.4518
2019-03-25,1.4459
2019-03-26,1.4468
2019-03-27,1.4725
2019-03-28,1.4719
2019-03-29,1.4663
2019-04-01,1.4678
2019-04-02,1.483
2019-04-03,1.4721
2019-04-04,1.4802
2019-04-05,1.487
2019-04-08,1.4832
2019-04-09,1.4826
2019-04-10,1.4802
2019-04-11,1.4861
2019-04-12,1.4773
2019-04-15,1.4784
2019-04-16,1.4791
2019-04-17,1.4901
2019-04-18,1.4972
2019-04-19,1.4945
2019-04-22,1.4977
2019-04-23,1.5042
2019-04-24,1.5138
2019-04-25,1.5115
2019-04-26,1.4993
2019-04-29,1.5004
2019-04-30,1.4993
2019-05-01,1.5033
2019-05-02,1.511
2019-05-03,1.5056
2019-05-06,1.5138
2019-05-07,1.5168
2019-05-08,1.5181
2019-05-09,1.5188
2019-05-10,1.5152
2019-05-13,1.5216
2019-05-14,1.5205
2019-05-15,1.5239
2019-05-16,1.5267
2019-05-17,1.5333
2019-05-20,1.5298
2019-05-21,1.537
2019-05-22,1.5392
2019-05-23,1.5335
2019-05-24,1.5272
2019-05-28,1.527
2019-05-29,1.5359
2019-05-30,1.5368
2019-05-31,1.5326
2019-06-03,1.5209
2019-06-04,1.5158
2019-06-05,1.5097
2019-06-06,1.5063
2019-06-07,1.5006
2019-06-10,1.5117
2019-06-11,1.5195
2019-06-12,1.5198
2019-06-13,1.5232
2019-06-14,1.538
2019-06-17,1.5375
2019-06-18,1.5319
2019-06-19,1.5326
2019-06-20,1.5188
2019-06-21,1.5216
2019-06-24,1.5106
2019-06-25,1.5026
2019-06-26,1.4943
2019-06-27,1.4928
2019-06-28,1.4901
2019-07-01,1.4981
2019-07-02,1.4984
2019-07-03,1.4905
2019-07-05,1.5113
2019-07-08,1.5097
2019-07-09,1.5133
2019-07-10,1.5033
2019-07-11,1.4988
2019-07-12,1.4968
2019-07-15,1.4883
2019-07-16,1.4916
2019-07-17,1.4828
2019-07-18,1.4802
2019-07-19,1.4769
2019-07-22,1.476
2019-07-23,1.4908
2019-07-24,1.4899
2019-07-25,1.4997
2019-07-26,1.5078
2019-07-29,1.5078
2019-07-30,1.5131
2019-07-31,1.5156
2019-08-01,1.5235
2019-08-02,1.5274
2019-08-05,1.5293
2019-08-06,1.5316
2019-08-07,1.5477
2019-08-08,1.5427
2019-08-09,1.5434
2019-08-12,1.5487
2019-08-13,1.5487
2019-08-14,1.5564
2019-08-15,1.5513
2019-08-16,1.5552
2019-08-19,1.5576
2019-08-20,1.5586
2019-08-21,1.5601
2019-08-22,1.5676
2019-08-23,1.5637
2019-08-26,1.5635
2019-08-27,1.5708
2019-08-28,1.578
2019-08-29,1.5828
2019-08-30,1.5876
2019-09-03,1.5808
2019-09-04,1.5738
2019-09-05,1.5684
2019-09-06,1.553
2019-09-09,1.5542
2019-09-10,1.5564
2019-09-11,1.5588
2019-09-12,1.5584
2019-09-13,1.5664
2019-09-16,1.5743
2019-09-17,1.5748
2019-09-18,1.579
2019-09-19,1.587
2019-09-20,1.598
2019-09-23,1.5911
2019-09-24,1.5835
2019-09-25,1.5936
2019-09-26,1.5865
2019-09-27,1.5883
2019-09-30,1.5969
2019-10-01,1.601
2019-10-02,1.5985
2019-10-03,1.5838
2019-10-04,1.5838
2019-10-07,1.5893
2019-10-08,1.5888
2019-10-09,1.5876
2019-10-10,1.5813
2019-10-11,1.576
2019-10-15,1.5913
2019-10-16,1.5934
2019-10-17,1.5743
2019-10-18,1.5691
2019-10-21,1.5645
2019-10-22,1.5603
2019-10-23,1.5581
2019-10-24,1.5679
2019-10-25,1.5716
2019-10-28,1.576
2019-10-29,1.5728
2019-10-30,1.5704
2019-10-31,1.5591
2019-11-01,1.5516
2019-11-04,1.5586
2019-11-05,1.5681
2019-11-06,1.5699
2019-11-07,1.5746
2019-11-08,1.579
2019-11-12,1.5783
2019-11-13,1.5623
2019-11-14,1.5689
2019-11-15,1.5618
2019-11-18,1.5605
2019-11-19,1.5562
2019-11-20,1.5593
2019-11-21,1.5593
2019-11-22,1.561
2019-11-25,1.562
2019-11-26,1.5576
2019-11-27,1.5555
2019-11-29,1.5579
2019-12-02,1.537
2019-12-03,1.5347
2019-12-04,1.5316
2019-12-05,1.5279
2019-12-06,1.5232
2019-12-09,1.5256
2019-12-10,1.5288
2019-12-11,1.5221
2019-12-12,1.5188
2019-12-13,1.5172
2019-12-16,1.5158
2019-12-17,1.5225
2019-12-18,1.5202
2019-12-19,1.5135
2019-12-20,1.5135
2019-12-23,1.5088
2019-12-24,1.5058
2019-12-26,1.5002
2019-12-27,1.4919
2019-12-30,1.4846
2019-12-31,1.4826
2020-01-02,1.4943
2020-01-03,1.4986
2020-01-06,1.4999
2020-01-07,1.5088
2020-01-08,1.5056
2020-01-09,1.5131
2020-01-10,1.5063
2020-01-13,1.5072
2020-01-14,1.5122
2020-01-15,1.511
2020-01-16,1.5063
2020-01-17,1.5129
2020-01-21,1.5131
2020-01-22,1.5179
2020-01-23,1.5181
2020-01-24,1.5147
2020-01-27,1.5265
2020-01-28,1.5305
2020-01-29,1.533
2020-01-30,1.5408
2020-01-31,1.5466
2020-02-03,1.5473
2020-02-04,1.5432
2020-02-05,1.5439
2020-02-06,1.5475
2020-02-07,1.561
2020-02-10,1.5662
2020-02-11,1.562
2020-02-12,1.5451
2020-02-13,1.5518
2020-02-14,1.5535
2020-02-18,1.564
2020-02-19,1.5674
2020-02-20,1.5775
2020-02-21,1.5746
2020-02-24,1.5755
2020-02-25,1.5808
2020-02-26,1.5876
2020-02-27,1.5825
2020-02-28,1.6046
2020-03-02,1.5992
2020-03-03,1.5858
2020-03-04,1.5929
2020-03-05,1.5865
2020-03-06,1.5733
2020-03-09,1.5603
2020-03-10,1.5972
2020-03-11,1.585
2020-03-12,1.6407
2020-03-13,1.6523
2020-03-16,1.6343
2020-03-17,1.6835
2020-03-18,1.7307
2020-03-19,1.717
2020-03-20,1.7425
2020-03-23,1.764
2020-03-24,1.7259
2020-03-25,1.7212
2020-03-26,1.6773
2020-03-27,1.6606
2020-03-30,1.6692
2020-03-31,1.6781
2020-04-01,1.6824
2020-04-02,1.6923
2020-04-03,1.7077
2020-04-06,1.6807
2020-04-07,1.6711
2020-04-08,1.662
2020-04-09,1.6485
2020-04-10,1.6442
2020-04-13,1.6434
2020-04-14,1.6447
2020-04-15,1.6675
2020-04-16,1.6815
2020-04-17,1.6573
2020-04-20,1.6461
2020-04-21,1.6795
2020-04-22,1.681
2020-04-23,1.6595
2020-04-24,1.6658
2020-04-27,1.6518
2020-04-28,1.6493
2020-04-29,1.6383
2020-04-30,1.626
2020-05-01,1.6521
2020-05-04,1.6589
2020-05-05,1.6488
2020-05-06,1.6614
2020-05-07,1.6431
2020-05-08,1.6268
2020-05-11,1.6488
2020-05-12,1.6388
2020-05-13,1.6642
2020-05-14,1.6745
2020-05-15,1.6866
2020-05-18,1.6562
2020-05-19,1.6383
2020-05-20,1.6271
2020-05-21,1.6359
2020-05-22,1.6415
2020-05-26,1.6124
2020-05-27,1.6218
2020-05-28,1.6069
2020-05-29,1.6163
2020-06-01,1.5908
2020-06-02,1.576
2020-06-03,1.5538
2020-06-04,1.5499
2020-06-05,1.5354
2020-06-08,1.5288
2020-06-09,1.5323
2020-06-10,1.5284
2020-06-11,1.548
2020-06-12,1.555
2020-06-15,1.5538
2020-06-16,1.5501
2020-06-17,1.5475
2020-06-18,1.5557
2020-06-19,1.5571
2020-06-22,1.542
2020-06-23,1.5349
2020-06-24,1.5586
2020-06-25,1.5564
2020-06-26,1.5581
2020-06-29,1.5605
2020-06-30,1.5513
2020-07-01,1.5446
2020-07-02,1.5354
2020-07-06,1.5284
2020-07-07,1.5228
2020-07-08,1.5235
2020-07-09,1.5237
2020-07-10,1.5195
2020-07-13,1.5198
2020-07-14,1.5309
2020-07-15,1.5228
2020-07-16,1.5228
2020-07-17,1.5265
2020-07-20,1.5221
2020-07-21,1.5085
2020-07-22,1.4997
2020-07-23,1.5017
2020-07-24,1.5076
2020-07-27,1.4963
2020-07-28,1.5008
2020-07-29,1.5026
2020-07-30,1.5058
2020-07-31,1.5051
2020-08-03,1.5152
2020-08-04,1.5126
2020-08-05,1.5011
2020-08-06,1.5013
2020-08-07,1.5135
2020-08-10,1.517
2020-08-11,1.5207
2020-08-12,1.5181
2020-08-13,1.5251
2020-08-14,1.5258
2020-08-17,1.5274
2020-08-18,1.5179
2020-08-19,1.5135
2020-08-20,1.534
2020-08-21,1.5307
2020-08-24,1.53
2020-08-25,1.5314
2020-08-26,1.5152
2020-08-27,1.5058
2020-08-28,1.4835
2020-08-31,1.4808
2020-09-01,1.478
2020-09-02,1.4799
2020-09-03,1.491
2020-09-04,1.4921
2020-09-08,1.5078
2020-09-09,1.4975
2020-09-10,1.4999
2020-09-11,1.4999
2020-09-14,1.4899
2020-09-15,1.4894
2020-09-16,1.4804
2020-09-17,1.4863
2020-09-18,1.4754
2020-09-21,1.5008
2020-09-22,1.5069
2020-09-23,1.5228
2020-09-24,1.5286
2020-09-25,1.5288
2020-09-28,1.526
2020-09-29,1.5193
2020-09-30,1.5133
2020-10-01,1.504
2020-10-02,1.5101
2020-10-05,1.5058
2020-10-06,1.5076
2020-10-07,1.5168
2020-10-08,1.5207
2020-10-09,1.5002
2020-10-13,1.5042
2020-10-14,1.4997
2020-10-15,1.5181
2020-10-16,1.5133
2020-10-19,1.5081
2020-10-20,1.5184
2020-10-21,1.5004
2020-10-22,1.4981
2020-10-23,1.4977
2020-10-26,1.4966
2020-10-27,1.4885
2020-10-28,1.5015
2020-10-29,1.5149
2020-10-30,1.5129
2020-11-02,1.509
2020-11-03,1.4914
2020-11-04,1.4923
2020-11-05,1.4791
2020-11-06,1.4743
2020-11-09,1.4691
2020-11-10,1.4667
2020-11-12,1.4545
2020-11-13,1.4622
2020-11-16,1.4495
2020-11-17,1.4516
2020-11-18,1.4413
2020-11-19,1.4493
2020-11-20,1.4391
2020-11-23,1.4468
2020-11-24,1.4341
2020-11-25,1.4271
2020-11-30,1.4251
2020-12-01,1.417
2020-12-02,1.4168
2020-12-03,1.4118
2020-12-04,1.4192
2020-12-07,1.4166
2020-12-08,1.4192
2020-12-09,1.4203
2020-12-10,1.4132
2020-12-11,1.4114
2020-12-14,1.4124
2020-12-15,1.4108
2020-12-16,1.4126
2020-12-17,1.3988
2020-12-18,1.4037
2020-12-21,1.4108
2020-12-22,1.4203
2020-12-23,1.4085
2020-12-28,1.4098
2020-12-29,1.3963
2020-12-30,1.3875
2020-12-31,1.39
2021-01-04,1.3959
2021-01-05,1.3808
2021-01-06,1.3734
2021-01-07,1.3795
2021-01-08,1.3789
2021-01-11,1.3914
2021-01-12,1.3914
2021-01-13,1.3912
2021-01-14,1.3839
2021-01-15,1.3968
2021-01-19,1.4053
2021-01-21,1.3908
2021-01-22,1.3912
2021-01-25,1.3904
2021-01-26,1.3831
2021-01-27,1.393
2021-01-28,1.3941
2021-01-29,1.3889
2021-02-01,1.3959
2021-02-02,1.398
2021-02-03,1.3891
2021-02-04,1.3966
2021-02-05,1.3902
2021-02-08,1.3845
2021-02-09,1.3829
2021-02-10,1.385
2021-02-11,1.3827
2021-02-12,1.3837
2021-02-16,1.387
2021-02-17,1.3931
2021-02-18,1.3885
2021-02-19,1.3676
2021-02-22,1.3637
2021-02-23,1.3644
2021-02-24,1.3506
2021-02-25,1.3461
2021-02-26,1.3795
2021-03-01,1.3749
2021-03-02,1.3716
2021-03-03,1.377
2021-03-04,1.3763
2021-03-05,1.399
2021-03-08,1.4035
2021-03-09,1.3976
2021-03-10,1.3931
2021-03-11,1.386
2021-03-12,1.3916
2021-03-15,1.3924
2021-03-16,1.3906
2021-03-17,1.3965
2021-03-18,1.39
2021-03-19,1.3955
2021-03-22,1.393
2021-03-23,1.4219
2021-03-24,1.4318
2021-03-25,1.4388
2021-03-26,1.4292
2021-03-29,1.4255
2021-03-30,1.431
2021-03-31,1.4308
2021-04-01,1.4259
2021-04-02,1.4239
2021-04-05,1.4148
2021-04-06,1.4192
2021-04-07,1.4237
2021-04-08,1.4192
2021-04-09,1.419
2021-04-12,1.4227
2021-04-13,1.4207
2021-04-14,1.399
2021-04-15,1.3955
2021-04-16,1.4011
2021-04-19,1.3937
2021-04-20,1.3916
2021-04-21,1.3862
2021-04-22,1.3953
2021-04-23,1.393
2021-04-26,1.3827
2021-04-27,1.3864
2021-04-28,1.3808
2021-04-29,1.3829
2021-04-30,1.3949
2021-05-03,1.3895
2021-05-04,1.4029
2021-05-05,1.3868
2021-05-06,1.3848
2021-05-07,1.3706
2021-05-10,1.3689
2021-05-11,1.3746
2021-05-12,1.3955
2021-05-13,1.3928
2021-05-14,1.3805
2021-05-17,1.3866
2021-05-18,1.3814
2021-05-19,1.3914
2021-05-20,1.3866
2021-05-21,1.3957
2021-05-24,1.3879
2021-05-25,1.3858
2021-05-26,1.3714
2021-05-27,1.3716
2021-05-28,1.3789
2021-06-01,1.378
2021-06-02,1.3803
2021-06-03,1.3998
2021-06-04,1.3881
2021-06-07,1.3808
2021-06-08,1.3897
2021-06-09,1.3937
2021-06-10,1.3891
2021-06-11,1.4035
2021-06-14,1.3994
2021-06-15,1.4065
2021-06-16,1.3996
2021-06-17,1.4278
2021-06-18,1.4411
2021-06-21,1.431
2021-06-22,1.4282
2021-06-23,1.4166
2021-06-24,1.4184
2021-06-25,1.4134
2021-06-28,1.4176
2021-06-29,1.4296
2021-06-30,1.4331
2021-07-01,1.4327
2021-07-02,1.4271
2021-07-06,1.4267
2021-07-07,1.4259
2021-07-08,1.4384
2021-07-09,1.4318
2021-07-12,1.4314
2021-07-13,1.4343
2021-07-14,1.4233
2021-07-15,1.4298
2021-07-16,1.4263
2021-07-19,1.4401
2021-07-20,1.4463
2021-07-21,1.4347
2021-07-22,1.4374
2021-07-23,1.4337
2021-07-26,1.4278
2021-07-27,1.436
2021-07-28,1.4424
2021-07-29,1.4255
2021-07-30,1.4323
2021-08-02,1.4341
2021-08-03,1.4273
2021-08-04,1.419
2021-08-05,1.4158
2021-08-06,1.4259
2021-08-09,1.4284
2021-08-10,1.4276
2021-08-11,1.419
2021-08-12,1.4269
2021-08-13,1.4194
2021-08-16,1.4235
2021-08-17,1.4468
2021-08-18,1.4514
2021-08-19,1.4592
2021-08-20,1.4641
2021-08-23,1.4505
2021-08-24,1.4397
2021-08-25,1.436
2021-08-26,1.4374
2021-08-27,1.4261
2021-08-30,1.4282
2021-08-31,1.4201
2021-09-01,1.4148
2021-09-02,1.4065
2021-09-03,1.3992
2021-09-07,1.4071
2021-09-08,1.4094
2021-09-09,1.4033
2021-09-10,1.4033
2021-09-13,1.4051
2021-09-14,1.4063
2021-09-15,1.4075
2021-09-16,1.414
2021-09-17,1.4198
2021-09-20,1.4235
2021-09-21,1.4259
2021-09-22,1.4223
2021-09-23,1.4136
2021-09-24,1.4259
2021-09-27,1.4265
2021-09-28,1.4376
2021-09-29,1.4554
2021-09-30,1.4495
2021-10-01,1.4403
2021-10-04,1.436
2021-10-05,1.4349
2021-10-06,1.4465
2021-10-07,1.4411
2021-10-08,1.4426
2021-10-12,1.4397
2021-10-13,1.4376
2021-10-14,1.4229
2021-10-15,1.4142
2021-10-18,1.4122
2021-10-19,1.3961
2021-10-20,1.3887
2021-10-21,1.3943
2021-10-22,1.4006
2021-10-25,1.3955
2021-10-26,1.3976
2021-10-27,1.3935
2021-10-28,1.3873
2021-10-29,1.397
2021-11-01,1.3899
2021-11-02,1.4077
2021-11-03,1.4011
2021-11-04,1.4065
2021-11-05,1.4039
2021-11-08,1.3941
2021-11-09,1.4039
2021-11-10,1.411
2021-11-12,1.4205
2021-11-15,1.4166
2021-11-16,1.43
2021-11-17,1.4284
2021-11-18,1.4223
2021-11-19,1.4251
2021-11-22,1.4355
2021-11-23,1.4397
2021-11-24,1.456
2021-11-26,1.4652
2021-11-29,1.4728
2021-11-30,1.4717
2021-12-01,1.4622
2021-12-02,1.4674
2021-12-03,1.4808
2021-12-06,1.4819
2021-12-07,1.4756
2021-12-08,1.4691
2021-12-09,1.4743
2021-12-10,1.471
2021-12-13,1.4804
2021-12-14,1.4824
2021-12-15,1.4848
2021-12-16,1.4684
2021-12-17,1.4804
2021-12-20,1.4883
2021-12-21,1.4802
2021-12-22,1.4669
2021-12-23,1.465
2021-12-27,1.4682
2021-12-28,1.4706
2021-12-29,1.465
2021-12-30,1.4622
2022-01-03,1.4734
2022-01-04,1.4689
2022-01-05,1.465
2022-01-06,1.4819
2022-01-07,1.4751
2022-01-10,1.4806
2022-01-11,1.4762
2022-01-12,1.4607
2022-01-13,1.4535
2022-01-14,1.4684
2022-01-18,1.4771
2022-01-19,1.4719
2022-01-20,1.4721
2022-01-21,1.4865
2022-01-24,1.4995
2022-01-25,1.4993
2022-01-26,1.4952
2022-01-27,1.5177
2022-01-28,1.5256
2022-01-31,1.52
2022-02-01,1.5106
2022-02-02,1.509
2022-02-03,1.5008
2022-02-04,1.5147
2022-02-07,1.5106
2022-02-08,1.5058
2022-02-09,1.4952
2022-02-10,1.4861
2022-02-11,1.4966
2022-02-14,1.5122
2022-02-15,1.5056
2022-02-16,1.4993
2022-02-17,1.4928
2022-02-18,1.4939
2022-02-22,1.4815
2022-02-23,1.4745
2022-02-24,1.5031
2022-02-25,1.4839
2022-02-28,1.4762
2022-03-01,1.4799
2022-03-02,1.4751
2022-03-03,1.4738
2022-03-04,1.4601
2022-03-07,1.4652
2022-03-08,1.4678
2022-03-09,1.4603
2022-03-10,1.4565
2022-03-11,1.4667
2022-03-14,1.4743
2022-03-15,1.4778
2022-03-16,1.4691
2022-03-17,1.4507
2022-03-18,1.4495
2022-03-21,1.4486
2022-03-22,1.4399
2022-03-23,1.4343
2022-03-24,1.4368
2022-03-25,1.4388
2022-03-28,1.4501
2022-03-29,1.4443
2022-03-30,1.4333
2022-03-31,1.4397
2022-04-01,1.4468
2022-04-04,1.436
2022-04-05,1.4351
2022-04-06,1.4424
2022-04-07,1.4518
2022-04-08,1.4594
2022-04-11,1.465
2022-04-12,1.4533
2022-04-13,1.4738
2022-04-14,1.4762
2022-04-15,1.4758
2022-04-18,1.4872
2022-04-19,1.4868
2022-04-20,1.4684
2022-04-21,1.4841
2022-04-22,1.5067
2022-04-25,1.5158
2022-04-26,1.5191
2022-04-27,1.5295
2022-04-28,1.5444
2022-04-29,1.5442
2022-05-02,1.5545
2022-05-03,1.5528
2022-05-04,1.5511
2022-05-05,1.5613
2022-05-06,1.5559
2022-05-09,1.5755
2022-05-10,1.5908
2022-05-11,1.5775
2022-05-12,1.6033
2022-05-13,1.5972
2022-05-16,1.5913
2022-05-17,1.5743
2022-05-18,1.579
2022-05-19,1.5625
2022-05-20,1.5654
2022-05-23,1.5475
2022-05-24,1.5521
2022-05-25,1.5482
2022-05-26,1.5475
2022-05-27,1.5302
2022-05-31,1.5337
2022-06-01,1.5454
2022-06-02,1.5267
2022-06-03,1.5373
2022-06-06,1.5387
2022-06-07,1.5444
2022-06-08,1.5456
2022-06-09,1.5613
2022-06-10,1.5716
2022-06-13,1.5934
2022-06-14,1.6075
2022-06-15,1.6023
2022-06-16,1.5778
2022-06-17,1.5896
2022-06-21,1.576
2022-06-22,1.5891
2022-06-23,1.5921
2022-06-24,1.5825
2022-06-27,1.5828
2022-06-28,1.599
2022-06-29,1.6067
2022-06-30,1.6013
2022-07-01,1.6163
2022-07-05,1.6281
2022-07-06,1.6287
2022-07-07,1.6207
2022-07-08,1.6139
2022-07-11,1.6297
2022-07-12,1.6287
2022-07-13,1.6244
2022-07-14,1.6329
2022-07-15,1.6239
2022-07-18,1.6202
2022-07-19,1.6057
2022-07-20,1.6031
2022-07-21,1.6088
2022-07-22,1.5941
2022-07-25,1.5977
2022-07-26,1.6038
2022-07-27,1.6132
2022-07-28,1.5931
2022-07-29,1.5926
2022-08-01,1.5758
2022-08-02,1.5921
2022-08-03,1.6
2022-08-04,1.5881
2022-08-05,1.6028
2022-08-08,1.5901
2022-08-09,1.5906
2022-08-10,1.5559
2022-08-11,1.5518
2022-08-12,1.5535
2022-08-15,1.5669
2022-08-16,1.578
2022-08-17,1.5969
2022-08-18,1.5954
2022-08-19,1.6189
2022-08-22,1.6223
2022-08-23,1.6059
2022-08-24,1.6155
2022-08-25,1.609
2022-08-26,1.6231
2022-08-29,1.6231
2022-08-30,1.6289
2022-08-31,1.6297
2022-09-01,1.6477
2022-09-02,1.63
2022-09-06,1.6523
2022-09-07,1.657
2022-09-08,1.6537
2022-09-09,1.6356
2022-09-12,1.6258
2022-09-13,1.6631
2022-09-14,1.6631
2022-09-15,1.6736
2022-09-16,1.6728
2022-09-19,1.6846
2022-09-20,1.6923
2022-09-21,1.6995
2022-09-22,1.7112
2022-09-23,1.7352
2022-09-26,1.7649
2022-09-27,1.7702
2022-09-28,1.7535
2022-09-29,1.7522
2022-09-30,1.7724
2022-10-03,1.7516
2022-10-04,1.7422
2022-10-05,1.7532
2022-10-06,1.7671
2022-10-07,1.7768
2022-10-11,1.7724
2022-10-12,1.7835
2022-10-13,1.779
2022-10-14,1.796
2022-10-17,1.7712
2022-10-18,1.7658
2022-10-19,1.7643
2022-10-20,1.7476
2022-10-21,1.7379
2022-10-24,1.7572
2022-10-25,1.7355
2022-10-26,1.7141
2022-10-27,1.7109
2022-10-28,1.7265
2022-10-31,1.7212
2022-11-01,1.7117
2022-11-02,1.7056
2022-11-03,1.7304
2022-11-04,1.6978
2022-11-07,1.6892
2022-11-08,1.6678
2022-11-09,1.6952
2022-11-10,1.6639
2022-11-14,1.6402
2022-11-15,1.6197
2022-11-16,1.6273
2022-11-17,1.6393
2022-11-18,1.6234
2022-11-21,1.6412
2022-11-22,1.6287
2022-11-23,1.6075
2022-11-25,1.6015
2022-11-28,1.6119
2022-11-29,1.6129
2022-11-30,1.6041
2022-12-01,1.5694
2022-12-02,1.563
2022-12-05,1.5855
2022-12-06,1.5805
2022-12-07,1.5708
2022-12-08,1.5684
2022-12-09,1.5567
2022-12-12,1.5681
2022-12-13,1.5434
2022-12-14,1.5504
2022-12-15,1.5768
2022-12-16,1.5699
2022-12-19,1.5694
2022-12-20,1.5793
2022-12-21,1.5908
2022-12-22,1.5992
2022-12-23,1.5891
2022-12-27,1.5913
2022-12-28,1.5853
2022-12-29,1.5746
2022-12-30,1.5768
2023-01-03,1.6008
2023-01-04,1.5838
2023-01-05,1.6067
2023-01-06,1.5788
2023-01-09,1.5623
2023-01-10,1.5718
2023-01-11,1.5755
2023-01-12,1.5681
2023-01-13,1.5721
2023-01-17,1.5564
2023-01-18,1.548
2023-01-19,1.5686
2023-01-20,1.5487
2023-01-23,1.5439
2023-01-24,1.5382
2023-01-25,1.5473
2023-01-26,1.5454
2023-01-27,1.5425
2023-01-30,1.5418
2023-01-31,1.5466
2023-02-01,1.554
2023-02-02,1.5401
2023-02-03,1.5763
2023-02-06,1.5913
2023-02-07,1.586
2023-02-08,1.5843
2023-02-09,1.5743
2023-02-10,1.5853
2023-02-13,1.5726
2023-02-14,1.5813
2023-02-15,1.5934
2023-02-16,1.5957
2023-02-17,1.6038
2023-02-21,1.6093
2023-02-22,1.6041
2023-02-23,1.6108
2023-02-24,1.6218
2023-02-27,1.6223
2023-02-28,1.6145
2023-03-01,1.5969
2023-03-02,1.6103
2023-03-03,1.6103
2023-03-06,1.6147
2023-03-07,1.6321
2023-03-08,1.6364
2023-03-09,1.6313
2023-03-10,1.6268
2023-03-13,1.6026
2023-03-14,1.6067
2023-03-15,1.6176
2023-03-16,1.6202
2023-03-17,1.6003
2023-03-20,1.601
2023-03-21,1.6205
2023-03-22,1.6075
2023-03-23,1.5913
2023-03-24,1.6111
2023-03-27,1.6158
2023-03-28,1.6
2023-03-29,1.6072
2023-03-30,1.5995
2023-03-31,1.5946
2023-04-03,1.5901
2023-04-04,1.5863
2023-04-05,1.5798
2023-04-06,1.5995
2023-04-07,1.601
2023-04-10,1.6124
2023-04-11,1.6145
2023-04-12,1.6095
2023-04-13,1.5855
2023-04-14,1.6108
2023-04-17,1.6197
2023-04-18,1.6119
2023-04-19,1.6113
2023-04-20,1.6152
2023-04-21,1.6292
2023-04-24,1.6281
2023-04-25,1.6276
2023-04-26,1.63
2023-04-27,1.6305
2023-04-28,1.6163
2023-05-01,1.6205
2023-05-02,1.6108
2023-05-03,1.6031
2023-05-04,1.5918
2023-05-05,1.5876
2023-05-08,1.5748
2023-05-09,1.582
2023-05-10,1.5738
2023-05-11,1.5883
2023-05-12,1.6147
2023-05-15,1.6062
2023-05-16,1.6033
2023-05-17,1.6
2023-05-18,1.608
2023-05-19,1.5903
2023-05-22,1.5936
2023-05-23,1.5974
2023-05-24,1.6372
2023-05-25,1.6526
2023-05-26,1.654
2023-05-30,1.6543
2023-05-31,1.6681
2023-06-01,1.6458
2023-06-02,1.6469
2023-06-05,1.6437
2023-06-06,1.6447
2023-06-07,1.6532
2023-06-08,1.641
2023-06-09,1.6321
2023-06-12,1.6348
2023-06-13,1.6265
2023-06-14,1.6038
2023-06-15,1.6057
2023-06-16,1.6072
2023-06-20,1.6258
2023-06-21,1.6158
2023-06-22,1.616
2023-06-23,1.6263
2023-06-26,1.6207
2023-06-27,1.6213
2023-06-28,1.6423
2023-06-29,1.6461
2023-06-30,1.6305
2023-07-03,1.6247
2023-07-05,1.6168
2023-07-06,1.6255
2023-07-07,1.6103
2023-07-10,1.6108
2023-07-11,1.6179
2023-07-12,1.5888
2023-07-13,1.5691
2023-07-14,1.5684
2023-07-17,1.5785
2023-07-18,1.5893
2023-07-19,1.6015
2023-07-20,1.6067
2023-07-21,1.6186
2023-07-24,1.61
2023-07-25,1.6067
2023-07-26,1.6103
2023-07-27,1.6106
2023-07-28,1.6215
2023-07-31,1.6077
2023-08-01,1.6281
2023-08-02,1.6437
2023-08-03,1.6428
2023-08-04,1.6321
2023-08-07,1.6402
2023-08-08,1.6537
2023-08-09,1.6534
2023-08-10,1.6496
2023-08-11,1.6714
2023-08-14,1.6708
2023-08-15,1.6731
2023-08-16,1.6807
2023-08-17,1.6852
2023-08-18,1.6829
2023-08-21,1.6935
2023-08-22,1.6812
2023-08-23,1.6739
2023-08-24,1.6878
2023-08-25,1.6949
2023-08-28,1.6915
2023-08-29,1.681
2023-08-30,1.6711
2023-08-31,1.6812
2023-09-01,1.6835
2023-09-05,1.6998
2023-09-06,1.7021
2023-09-07,1.6995
2023-09-08,1.6955
2023-09-11,1.6889
2023-09-12,1.6935
2023-09-13,1.6898
2023-09-14,1.69
2023-09-15,1.6923
2023-09-18,1.6892
2023-09-19,1.6858
2023-09-20,1.6731
2023-09-21,1.6852
2023-09-22,1.6736
2023-09-25,1.6762
2023-09-26,1.6795
2023-09-27,1.6872
2023-09-28,1.6742
2023-09-29,1.6631
2023-10-02,1.6787
2023-10-03,1.6964
2023-10-04,1.6886
2023-10-05,1.6812
2023-10-06,1.6678
2023-10-10,1.6545
2023-10-11,1.6603
2023-10-12,1.6824
2023-10-13,1.6969
2023-10-16,1.688
2023-10-17,1.6929
2023-10-18,1.7068
2023-10-19,1.7126
2023-10-20,1.7153
2023-10-23,1.7114
2023-10-24,1.7138
2023-10-25,1.7167
2023-10-26,1.7194
2023-10-27,1.717
2023-10-30,1.7132
2023-10-31,1.7194
2023-11-01,1.7153
2023-11-02,1.6992
2023-11-03,1.6694
2023-11-06,1.6722
2023-11-07,1.6858
2023-11-08,1.6866
2023-11-09,1.6815
2023-11-13,1.6972
2023-11-14,1.6703
2023-11-15,1.6581
2023-11-16,1.6728
2023-11-17,1.6748
2023-11-20,1.6586
2023-11-21,1.6493
2023-11-22,1.6628
2023-11-24,1.6439
2023-11-27,1.642
2023-11-28,1.6265
2023-11-29,1.6263
2023-11-30,1.6218
2023-12-01,1.6134
2023-12-04,1.6207
2023-12-05,1.6305
2023-12-06,1.6242
2023-12-07,1.62
2023-12-08,1.6345
2023-12-11,1.634
2023-12-12,1.6311
2023-12-13,1.6329
2023-12-14,1.6072
2023-12-15,1.6075
2023-12-18,1.6111
2023-12-19,1.5952
2023-12-20,1.5916
2023-12-21,1.5913
2023-12-22,1.5881
2023-12-26,1.5818
2023-12-27,1.5765
2023-12-28,1.5758
2023-12-29,1.5773
2024-01-02,1.5967
2024-01-03,1.6038
2024-01-04,1.6044
2024-01-05,1.5987
2024-01-08,1.6
2024-01-09,1.6021
2024-01-10,1.6067
2024-01-11,1.61
2024-01-12,1.6008
2024-01-16,1.6268
2024-01-17,1.6383
2024-01-18,1.6375
2024-01-19,1.6391
2024-01-22,1.6385
2024-01-23,1.6472
2024-01-24,1.6319
2024-01-25,1.6351
2024-01-26,1.6385
2024-01-29,1.6367
2024-01-30,1.6316
2024-01-31,1.6268
2024-02-01,1.63
2024-02-02,1.6485
2024-02-05,1.6534
2024-02-06,1.6466
2024-02-07,1.6364
2024-02-08,1.6415
2024-02-09,1.6284
2024-02-12,1.6292
2024-02-13,1.6496
2024-02-14,1.642
2024-02-15,1.6383
2024-02-16,1.6343
2024-02-20,1.6189
2024-02-21,1.6194
2024-02-22,1.616
2024-02-23,1.6134
2024-02-26,1.6192
2024-02-27,1.62
2024-02-28,1.6412
2024-02-29,1.6415
2024-03-01,1.6377
2024-03-04,1.6393
2024-03-05,1.6418
2024-03-06,1.6281
2024-03-07,1.62
2024-03-08,1.6181
2024-03-11,1.6205
2024-03-12,1.6258
2024-03-13,1.6236
2024-03-14,1.6305
2024-03-15,1.6418
2024-03-18,1.6434
2024-03-19,1.6529
2024-03-20,1.6565
2024-03-21,1.654
2024-03-22,1.6672
2024-03-25,1.6656
2024-03-26,1.6639
2024-03-27,1.6661
2024-03-28,1.6711
2024-03-29,1.6703
2024-04-01,1.6824
2024-04-02,1.6756
2024-04-03,1.6667
2024-04-04,1.6551
2024-04-05,1.6611
2024-04-08,1.6578
2024-04-09,1.651
2024-04-10,1.6725
2024-04-11,1.6714
2024-04-12,1.6807
2024-04-15,1.6869
2024-04-16,1.6984
2024-04-17,1.6943
2024-04-18,1.6895
2024-04-19,1.6964
2024-04-22,1.6923
2024-04-23,1.6849
2024-04-24,1.688
2024-04-25,1.6829
2024-04-26,1.6835
2024-04-29,1.6739
2024-04-30,1.6915
2024-05-01,1.6941
2024-05-02,1.6827
2024-05-03,1.6609
2024-05-06,1.6631
2024-05-07,1.6633
2024-05-08,1.6656
2024-05-09,1.6611
2024-05-10,1.6611
2024-05-13,1.6614
2024-05-14,1.6573
2024-05-15,1.6383
2024-05-16,1.6329
2024-05-17,1.6308
2024-05-20,1.6356
2024-05-21,1.6402
2024-05-22,1.638
2024-05-23,1.6353
2024-05-24,1.6337
2024-05-28,1.6242
2024-05-29,1.6345
2024-05-30,1.6319
2024-05-31,1.6295
2024-06-03,1.6173
2024-06-04,1.6194
2024-06-05,1.6166
2024-06-06,1.6137
2024-06-07,1.6359
2024-06-10,1.6324
2024-06-11,1.6308
2024-06-12,1.608
2024-06-13,1.6197
2024-06-14,1.6281
2024-06-17,1.6345
2024-06-18,1.6289
2024-06-20,1.634
2024-06-21,1.634
2024-06-24,1.6324
2024-06-25,1.6353
2024-06-26,1.6453
2024-06-27,1.6423
2024-06-28,1.6404
2024-07-01,1.6469
2024-07-02,1.6469
2024-07-03,1.6356
2024-07-05,1.6292
2024-07-08,1.6303
2024-07-09,1.6332
2024-07-10,1.6439
2024-07-11,1.6359
2024-07-12,1.6335
2024-07-15,1.641
2024-07-16,1.6545
2024-07-17,1.6466
2024-07-18,1.6483
2024-07-19,1.6614
2024-07-22,1.6731
2024-07-23,1.6776
2024-07-24,1.6812
2024-07-25,1.6941
2024-07-26,1.6964
2024-07-29,1.703
2024-07-30,1.6958
2024-07-31,1.6815
2024-08-01,1.6773
2024-08-02,1.6745
2024-08-05,1.6863
2024-08-06,1.6804
2024-08-07,1.6625
2024-08-08,1.6661
2024-08-09,1.6633
2024-08-12,1.6609
2024-08-13,1.6504
2024-08-14,1.6609
2024-08-15,1.665
2024-08-16,1.657
2024-08-19,1.6412
2024-08-20,1.6276
2024-08-21,1.6231
2024-08-22,1.6287
2024-08-23,1.6098
2024-08-26,1.6119
2024-08-27,1.6033
2024-08-28,1.6021
2024-08-29,1.5954
2024-08-30,1.6021
2024-09-03,1.6158
2024-09-04,1.6132
2024-09-05,1.6095
2024-09-06,1.6186
2024-09-09,1.626
2024-09-10,1.6247
2024-09-11,1.6337
2024-09-12,1.6255
2024-09-13,1.6218
2024-09-16,1.6168
2024-09-17,1.6173
2024-09-18,1.6121
2024-09-19,1.6023
2024-09-20,1.6041
2024-09-23,1.5946
2024-09-24,1.582
2024-09-25,1.5926
2024-09-26,1.5805
2024-09-27,1.5768
2024-09-30,1.5716
2024-10-01,1.5913
2024-10-02,1.5931
2024-10-03,1.6088
2024-10-04,1.6244
2024-10-07,1.6332
2024-10-08,1.6329
2024-10-09,1.6488
2024-10-10,1.6431
2024-10-11,1.6364
2024-10-15,1.6431
2024-10-16,1.6507
2024-10-17,1.6493
2024-10-18,1.6488
2024-10-21,1.6576
2024-10-22,1.6545
2024-10-23,1.6647
2024-10-24,1.6644
2024-10-25,1.6683
2024-10-28,1.6722
2024-10-29,1.6776
2024-10-30,1.6706
2024-10-31,1.6804
2024-11-01,1.6722
2024-11-04,1.6728
2024-11-05,1.6669
2024-11-06,1.6818
2024-11-07,1.6611
2024-11-08,1.6776
2024-11-12,1.69
2024-11-13,1.6989
2024-11-14,1.703
2024-11-15,1.7059
2024-11-18,1.6998
2024-11-19,1.6929
2024-11-20,1.703
2024-11-21,1.7085
2024-11-22,1.7161
2024-11-25,1.712
2024-11-26,1.7164
2024-11-27,1.6943
2024-11-29,1.6912
2024-12-02,1.7015
2024-12-03,1.6998
2024-12-04,1.7053
2024-12-05,1.7036
2024-12-06,1.7147
2024-12-09,1.7004
2024-12-10,1.7235
2024-12-11,1.725
2024-12-12,1.7271
2024-12-13,1.7358
2024-12-16,1.7298
2024-12-17,1.7364
2024-12-18,1.7486
2024-12-19,1.7718
2024-12-20,1.7655
2024-12-23,1.7702
2024-12-24,1.7734
2024-12-26,1.7756
2024-12-27,1.7759
2024-12-30,1.773
2024-12-31,1.787
2025-01-02,1.7854
2025-01-03,1.7844
2025-01-06,1.7712
2025-01-07,1.7721
2025-01-08,1.7816
2025-01-09,1.7864
2025-01-10,1.7999
2025-01-13,1.7999
2025-01-14,1.787
2025-01-15,1.7816
2025-01-16,1.78
2025-01-17,1.787
2025-01-21,1.7646
2025-01-22,1.764
2025-01-23,1.7615
2025-01-24,1.7483
2025-01-27,1.7599
2025-01-28,1.7658
2025-01-29,1.7687
2025-01-30,1.7687
2025-01-31,1.7643
2025-02-03,1.7892
2025-02-04,1.7699
2025-02-05,1.7553
2025-02-06,1.7637
2025-02-07,1.7693
2025-02-10,1.7696
2025-02-11,1.7677
2025-02-12,1.7727
2025-02-13,1.7693
2025-02-14,1.744
2025-02-18,1.7528
2025-02-19,1.7541
2025-02-20,1.7373
2025-02-21,1.7388
2025-02-24,1.7403
2025-02-25,1.7495
2025-02-26,1.751
2025-02-27,1.7709
2025-02-28,1.7851
2025-03-03,1.7746
2025-03-04,1.779
2025-03-05,1.7522
2025-03-06,1.7394
2025-03-07,1.7513
2025-03-10,1.7467
2025-03-11,1.7513
2025-03-12,1.7473
2025-03-13,1.7516
2025-03-14,1.7419
2025-03-17,1.7209
2025-03-18,1.7212
2025-03-19,1.7292
2025-03-20,1.7388
2025-03-21,1.7449
2025-03-24,1.7486
2025-03-25,1.7428
2025-03-26,1.7413
2025-03-27,1.7397
2025-03-28,1.7452
2025-03-31,1.7649
2025-04-01,1.7532
2025-04-02,1.7419
2025-04-03,1.7197
2025-04-04,1.7879
2025-04-07,1.8064
2025-04-08,1.7931
2025-04-09,1.7982
2025-04-10,1.7476
2025-04-11,1.7253
2025-04-14,1.7044
2025-04-15,1.6903
2025-04-16,1.6866
2025-04-17,1.6748
2025-04-18,1.6855
2025-04-21,1.6664
2025-04-22,1.6683
2025-04-23,1.6764
2025-04-24,1.6703
2025-04-25,1.6753
2025-04-28,1.6764
2025-04-29,1.6835
2025-04-30,1.6855
2025-05-01,1.6946
2025-05-02,1.6793
2025-05-05,1.6739
2025-05-06,1.6656
2025-05-07,1.6731
2025-05-08,1.6886
2025-05-09,1.6892
2025-05-12,1.7053
2025-05-13,1.6841
2025-05-14,1.6898
2025-05-15,1.7027
2025-05-16,1.703
2025-05-19,1.6875
2025-05-20,1.6923
2025-05-21,1.6764
2025-05-22,1.6929
2025-05-23,1.6731
2025-05-27,1.6824
2025-05-28,1.6801
2025-05-29,1.6722
2025-05-30,1.6745
2025-06-02,1.657
2025-06-03,1.6669
2025-06-04,1.6578
2025-06-05,1.6543
2025-06-06,1.6611
2025-06-09,1.6513
2025-06-10,1.6543
2025-06-11,1.6537
2025-06-12,1.6493
2025-06-13,1.657
2025-06-16,1.6469
2025-06-17,1.6513
2025-06-18,1.654
2025-06-20,1.6753
2025-06-23,1.6835
2025-06-24,1.6622
2025-06-25,1.6611
2025-06-26,1.6477
2025-06-27,1.6496
2025-06-30,1.6415
2025-07-01,1.6428
2025-07-02,1.6455
2025-07-03,1.648
2025-07-07,1.6628
2025-07-08,1.6683
2025-07-09,1.6689
2025-07-10,1.6614
2025-07-11,1.6636
2025-07-14,1.6739
2025-07-15,1.6804
2025-07-16,1.6838
2025-07-17,1.6863
2025-07-18,1.6731
2025-07-21,1.6725
2025-07-22,1.6664
2025-07-23,1.6559
2025-07-24,1.6554
2025-07-25,1.665
2025-07-28,1.6742
2025-07-29,1.6793
2025-07-30,1.6915
2025-07-31,1.6966
2025-08-01,1.6915
2025-08-04,1.6929
2025-08-05,1.6946
2025-08-06,1.6838
2025-08-07,1.6824
2025-08-08,1.679
2025-08-11,1.6846
2025-08-12,1.6787
2025-08-13,1.6728
2025-08-14,1.6903
2025-08-15,1.6863
2025-08-18,1.6878
2025-08-19,1.6946
2025-08-20,1.7176
2025-08-21,1.7188
2025-08-22,1.7059
2025-08-25,1.7044
2025-08-26,1.705
2025-08-27,1.71
2025-08-28,1.6992
2025-08-29,1.6946
2025-09-02,1.7053
2025-09-03,1.7004
2025-09-04,1.7129
2025-09-05,1.692
2025-09-08,1.6832
2025-09-09,1.6861
2025-09-10,1.6795
2025-09-11,1.6742
2025-09-12,1.6812
2025-09-15,1.6745
2025-09-16,1.6722
2025-09-17,1.6745
2025-09-18,1.7013
2025-09-19,1.7068
2025-09-22,1.7056
2025-09-23,1.7071
2025-09-24,1.7197
2025-09-25,1.731
2025-09-26,1.7334
2025-09-29,1.7283
2025-09-30,1.7244
2025-10-01,1.7209
2025-10-02,1.7203
2025-10-03,1.7123
2025-10-06,1.7129
2025-10-07,1.7224
2025-10-08,1.7304
2025-10-09,1.7406
2025-10-10,1.7443
2025-10-14,1.7486
2025-10-15,1.747
2025-10-16,1.7446
2025-10-17,1.7476
2025-10-20,1.7388
2025-10-21,1.74
2025-10-22,1.7382
2025-10-23,1.7388
2025-10-24,1.7397
2025-10-27,1.7352
2025-10-28,1.7301
2025-10-29,1.7247
2025-10-30,1.74
2025-10-31,1.7458
2025-11-03,1.7516
2025-11-04,1.7649
2025-11-05,1.7655
2025-11-06,1.7759
2025-11-07,1.7803
2025-11-10,1.7753
2025-11-12,1.7658
2025-11-13,1.7612
2025-11-14,1.759
2025-11-17,1.7624
2025-11-18,1.7665
2025-11-19,1.7848
2025-11-20,1.7867
2025-11-21,1.7828
2025-11-24,1.7835
2025-11-25,1.7828
2025-11-26,1.7562
2025-11-28,1.7431
2025-12-01,1.7431
2025-12-02,1.7461
2025-12-03,1.7334
2025-12-04,1.7316
2025-12-05,1.7328
2025-12-08,1.7328
2025-12-09,1.7262
2025-12-10,1.7277
2025-12-11,1.7185
2025-12-12,1.7262
2025-12-15,1.7256
2025-12-16,1.7259
2025-12-17,1.7313
2025-12-18,1.7298
2025-12-19,1.7361
2025-12-22,1.7247
2025-12-23,1.7147
2025-12-24,1.7132
2025-12-26,1.7153
2025-12-29,1.7221
2025-12-30,1.7229
2025-12-31,1.7376
2026-01-02,1.734
2026-01-05,1.7274
2026-01-06,1.7304
2026-01-07,1.7301
2026-01-08,1.7391
2026-01-09,1.7449
2026-01-12,1.7349
2026-01-13,1.7403
2026-01-14,1.7391
2026-01-15,1.7413
2026-01-16,1.7388
2026-01-20,1.71
2026-01-21,1.7097
2026-01-22,1.6943
2026-01-23,1.6866
2026-01-26,1.6697
2026-01-27,1.6617
2026-01-28,1.6578
2026-01-29,1.6521
2026-01-30,1.6534
2026-02-02,1.6639
2026-02-03,1.6529
2026-02-04,1.6653
2026-02-05,1.6694
2026-02-06,1.6611
2026-02-09,1.6534
2026-02-10,1.654
2026-02-11,1.651
2026-02-12,1.6537
2026-02-13,1.6567
2026-02-17,1.6586
2026-02-18,1.6706
2026-02-19,1.6756
2026-02-20,1.6739
2026-02-23,1.6762
2026-02-24,1.6742
2026-02-25,1.6689
2026-02-26,1.6739
2026-02-27,1.6667
2026-03-02,1.6863
2026-03-03,1.6992
2026-03-04,1.6852
2026-03-05,1.6972
2026-03-06,1.6943
2026-03-09,1.6898
2026-03-10,1.679
2026-03-11,1.6923
2026-03-12,1.7039
2026-03-13,1.7229
2026-03-16,1.7103
2026-03-17,1.7071
2026-03-18,1.7123
2026-03-19,1.7147
2026-03-20,1.7123
2026-03-23,1.7114
2026-03-24,1.7188
2026-03-25,1.7197
2026-03-26,1.7304
2026-03-27,1.7364
2026-03-30,1.7498
2026-03-31,1.7513
2026-04-01,1.7331
2026-04-02,1.7461
2026-04-03,1.7559
2026-04-06,1.7486
2026-04-07,1.7532
2026-04-08,1.7135
2026-04-09,1.7036
2026-04-10,1.7117
2026-04-13,1.7114
2026-04-14,1.6929
2026-04-15,1.6926
2026-04-16,1.6961
2026-04-17,1.692
2026-04-20,1.6972
2026-04-21,1.6935
2026-04-22,1.692
2026-04-23,1.701
2026-04-24,1.7004
2026-04-27,1.6898
2026-04-28,1.6978
2026-04-29,1.7132
2026-04-30,1.6972
2026-05-01,1.6898
2026-05-04,1.7027
2026-05-05,1.6941
2026-05-06,1.679
2026-05-07,1.6773
2026-05-08,1.6779
2026-05-11,1.6753
2026-05-12,1.6824
2026-05-13,1.6844
2026-05-14,1.6883
2026-05-15,1.712
2026-05-18,1.7042
2026-05-19,1.7147
2026-05-20,1.7036
2026-05-21,1.7074
2026-05-22,1.7079
2026-05-26,1.7138
2026-05-27,1.6966
2026-05-28,1.6872
2026-05-29,1.6689
2026-06-01,1.6861
2026-06-02,1.6855
2026-06-03,1.7033
2026-06-04,1.701
2026-06-05,1.7215
2026-06-08,1.7191
2026-06-09,1.717
2026-06-10,1.7173
2026-06-11,1.7304
2026-06-12,1.7156
2026-06-15,1.7138
2026-06-16,1.712
2026-06-17,1.7188
2026-06-18,1.7367
2026-06-22,1.7479
2026-06-23,1.763
2026-06-24,1.7712
2026-06-25,1.7671
2026-06-26,1.7696
2026-06-29,1.7699
2026-06-30,1.7618
2026-07-01,1.7612
2026-07-02,1.7522
2026-07-06,1.7572
2026-07-07,1.7587
2026-07-08,1.7593
2026-07-09,1.7358
2026-07-10,1.7319
2026-07-13,1.7328
2026-07-14,1.7218
2026-07-15,1.7126
2026-07-16,1.7109
2026-07-17,1.71
2026-07-20,1.7103
2026-07-21,1.7147
2026-07-22,1.7173
2026-07-23,1.7313
2026-07-24,1.7235
2026-07-27,1.7301
2026-07-28,1.7247
2026-07-29,1.7334
2026-07-30,1.7018
2026-07-31,1.701
2026-08-03,1.7042
2026-08-04,1.6981
2026-08-05,1.7007
2026-08-06,1.7044
2026-08-07,1.6972
2026-08-10,1.6975
2026-08-11,1.7001
2026-08-12,1.7044
2026-08-13,1.71
2026-08-14,1.6958
2026-08-17,1.692
2026-08-18,1.7007
2026-08-19,1.6863
2026-08-20,1.681
2026-08-21,1.6714
2026-08-24,1.6787
2026-08-25,1.6745
2026-08-26,1.6841
2026-08-27,1.6798
2026-08-28,1.6906
2026-08-31,1.69
2026-09-01,1.6935
2026-09-02,1.7103
2026-09-03,1.6992
2026-09-04,1.6978
2026-09-08,1.7079
2026-09-09,1.7117
2026-09-10,1.7212
2026-09-11,1.7191
2026-09-14,1.7304
2026-09-15,1.737
2026-09-16,1.7364
2026-09-17,1.7434
2026-09-18,1.7513
